ROI,ImageID,Area,mCherry_Mean_rolling_background,DAPI_Mean,Nanog_Mean,mCherry_Mean
1,20X-Clon3-Indif-minusDox-D0-Foto1.tif,621,6.748,67.438,123.762,1.564
2,20X-Clon3-Indif-minusDox-D0-Foto1.tif,764,6.748,60.979,70.009,0.736
3,20X-Clon3-Indif-minusDox-D0-Foto1.tif,484,6.748,50.045,68.835,0.911
4,20X-Clon3-Indif-minusDox-D0-Foto1.tif,581,6.748,81.196,105.675,1.024
5,20X-Clon3-Indif-minusDox-D0-Foto1.tif,168,6.748,79.946,38.458,1.482
6,20X-Clon3-Indif-minusDox-D0-Foto1.tif,412,6.748,46.415,88.643,0.745
7,20X-Clon3-Indif-minusDox-D0-Foto1.tif,948,6.748,86.479,80.404,0.735
8,20X-Clon3-Indif-minusDox-D0-Foto1.tif,824,6.748,56.926,57.246,0.755
9,20X-Clon3-Indif-minusDox-D0-Foto1.tif,559,6.748,85.828,82.555,0.889
10,20X-Clon3-Indif-minusDox-D0-Foto1.tif,810,6.748,54.183,73.846,1.330
11,20X-Clon3-Indif-minusDox-D0-Foto1.tif,595,6.748,67.877,85.671,1.136
12,20X-Clon3-Indif-minusDox-D0-Foto1.tif,496,6.748,52.020,75.417,0.585
13,20X-Clon3-Indif-minusDox-D0-Foto1.tif,638,6.748,73.445,139.516,1.489
14,20X-Clon3-Indif-minusDox-D0-Foto1.tif,572,6.748,82.596,101.201,1.308
15,20X-Clon3-Indif-minusDox-D0-Foto1.tif,527,6.748,48.148,67.509,0.372
16,20X-Clon3-Indif-minusDox-D0-Foto1.tif,750,6.748,57.445,85.756,0.564
17,20X-Clon3-Indif-minusDox-D0-Foto1.tif,534,6.748,36.964,102.382,1.275
18,20X-Clon3-Indif-minusDox-D0-Foto1.tif,570,6.748,42.051,88.012,0.460
19,20X-Clon3-Indif-minusDox-D0-Foto1.tif,506,6.748,51.140,71.986,0.549
20,20X-Clon3-Indif-minusDox-D0-Foto1.tif,551,6.748,43.764,77.991,0.452
21,20X-Clon3-Indif-minusDox-D0-Foto1.tif,490,6.748,59.792,102.100,0.804
22,20X-Clon3-Indif-minusDox-D0-Foto1.tif,336,6.748,60.262,169.869,1.086
23,20X-Clon3-Indif-minusDox-D0-Foto1.tif,590,6.748,82.705,81.546,0.719
24,20X-Clon3-Indif-minusDox-D0-Foto1.tif,434,6.748,52.537,77.581,0.733
25,20X-Clon3-Indif-minusDox-D0-Foto1.tif,653,6.748,62.009,110.570,0.358
26,20X-Clon3-Indif-minusDox-D0-Foto1.tif,556,6.748,84.369,86.559,1.095
27,20X-Clon3-Indif-minusDox-D0-Foto1.tif,703,6.748,48.896,85.844,0.851
28,20X-Clon3-Indif-minusDox-D0-Foto1.tif,449,6.748,54.285,96.757,0.637
29,20X-Clon3-Indif-minusDox-D0-Foto1.tif,671,6.748,54.013,71.270,0.531
30,20X-Clon3-Indif-minusDox-D0-Foto1.tif,666,6.748,65.619,87.631,1.140
31,20X-Clon3-Indif-minusDox-D0-Foto1.tif,551,6.748,48.713,80.998,0.443
32,20X-Clon3-Indif-minusDox-D0-Foto1.tif,466,6.748,98.487,37.290,1.217
33,20X-Clon3-Indif-minusDox-D0-Foto1.tif,507,6.748,77.665,149.085,1.166
34,20X-Clon3-Indif-minusDox-D0-Foto1.tif,487,6.748,84.899,116.125,1.838
35,20X-Clon3-Indif-minusDox-D0-Foto1.tif,613,6.748,67.563,95.886,1.117
36,20X-Clon3-Indif-minusDox-D0-Foto1.tif,524,6.748,68.590,90.399,0.817
37,20X-Clon3-Indif-minusDox-D0-Foto1.tif,512,6.748,45.699,71.965,0.428
38,20X-Clon3-Indif-minusDox-D0-Foto1.tif,443,6.748,49.962,93.634,0.655
39,20X-Clon3-Indif-minusDox-D0-Foto1.tif,564,6.748,77.406,90.794,1.397
40,20X-Clon3-Indif-minusDox-D0-Foto1.tif,409,6.748,51.002,101.090,0.491
41,20X-Clon3-Indif-minusDox-D0-Foto1.tif,784,6.748,53.040,85.925,1.082
42,20X-Clon3-Indif-minusDox-D0-Foto1.tif,407,6.748,66.705,78.914,1.049
43,20X-Clon3-Indif-minusDox-D0-Foto1.tif,449,6.748,45.134,95.646,0.684
44,20X-Clon3-Indif-minusDox-D0-Foto1.tif,376,6.748,62.694,62.989,1.346
45,20X-Clon3-Indif-minusDox-D0-Foto1.tif,358,6.748,65.899,69.520,0.997
46,20X-Clon3-Indif-minusDox-D0-Foto1.tif,330,6.748,70.348,88.424,1.424
47,20X-Clon3-Indif-minusDox-D0-Foto1.tif,454,6.748,44.861,94.253,0.430
48,20X-Clon3-Indif-minusDox-D0-Foto1.tif,577,6.748,68.432,140.853,1.546
49,20X-Clon3-Indif-minusDox-D0-Foto1.tif,349,6.748,57.619,30.688,1.794
50,20X-Clon3-Indif-minusDox-D0-Foto1.tif,492,6.748,54.569,75.120,0.437
51,20X-Clon3-Indif-minusDox-D0-Foto1.tif,709,6.748,67.348,112.193,1.276
52,20X-Clon3-Indif-minusDox-D0-Foto1.tif,379,6.748,53.968,73.887,1.359
53,20X-Clon3-Indif-minusDox-D0-Foto1.tif,437,6.748,105.529,63.547,1.327
54,20X-Clon3-Indif-minusDox-D0-Foto1.tif,349,6.748,63.682,72.900,0.943
55,20X-Clon3-Indif-minusDox-D0-Foto1.tif,582,6.748,76.172,95.002,1.282
56,20X-Clon3-Indif-minusDox-D0-Foto1.tif,539,6.748,65.215,88.837,1.421
57,20X-Clon3-Indif-minusDox-D0-Foto1.tif,366,6.748,59.940,54.645,0.484
58,20X-Clon3-Indif-minusDox-D0-Foto1.tif,387,6.748,77.672,85.109,1.705
59,20X-Clon3-Indif-minusDox-D0-Foto1.tif,640,6.748,100.975,133.941,1.055
60,20X-Clon3-Indif-minusDox-D0-Foto1.tif,542,6.748,37.926,75.565,0.766
61,20X-Clon3-Indif-minusDox-D0-Foto1.tif,445,6.748,41.539,86.494,0.924
62,20X-Clon3-Indif-minusDox-D0-Foto1.tif,606,6.748,44.548,81.267,0.807
63,20X-Clon3-Indif-minusDox-D0-Foto1.tif,595,6.748,76.049,100.005,1.647
64,20X-Clon3-Indif-minusDox-D0-Foto1.tif,521,6.748,43.848,67.660,0.345
65,20X-Clon3-Indif-minusDox-D0-Foto1.tif,405,6.748,44.928,63.696,1.395
66,20X-Clon3-Indif-minusDox-D0-Foto1.tif,341,6.748,65.900,71.457,1.592
67,20X-Clon3-Indif-minusDox-D0-Foto1.tif,783,6.748,58.263,87.966,1.310
68,20X-Clon3-Indif-minusDox-D0-Foto1.tif,288,6.748,72.990,57.427,2.014
69,20X-Clon3-Indif-minusDox-D0-Foto1.tif,438,6.748,72.639,132.148,1.247
70,20X-Clon3-Indif-minusDox-D0-Foto1.tif,436,6.748,56.743,80.002,1.216
71,20X-Clon3-Indif-minusDox-D0-Foto1.tif,860,6.748,49.020,107.894,0.901
72,20X-Clon3-Indif-minusDox-D0-Foto1.tif,448,6.748,52.266,120.281,1.183
73,20X-Clon3-Indif-minusDox-D0-Foto1.tif,479,6.748,73.111,94.094,1.772
74,20X-Clon3-Indif-minusDox-D0-Foto1.tif,319,6.748,57.191,99.580,0.950
75,20X-Clon3-Indif-minusDox-D0-Foto1.tif,613,6.748,54.243,53.690,0.777
76,20X-Clon3-Indif-minusDox-D0-Foto1.tif,1227,6.748,70.716,92.382,0.769
77,20X-Clon3-Indif-minusDox-D0-Foto1.tif,411,6.748,59.363,79.942,0.798
78,20X-Clon3-Indif-minusDox-D0-Foto1.tif,422,6.748,75.353,91.467,1.730
79,20X-Clon3-Indif-minusDox-D0-Foto1.tif,583,6.748,43.163,54.602,0.525
80,20X-Clon3-Indif-minusDox-D0-Foto1.tif,835,6.748,58.372,72.549,0.801
81,20X-Clon3-Indif-minusDox-D0-Foto1.tif,413,6.748,47.366,114.690,1.438
82,20X-Clon3-Indif-minusDox-D0-Foto1.tif,694,6.748,58.961,112.978,1.135
83,20X-Clon3-Indif-minusDox-D0-Foto1.tif,531,6.748,67.298,71.009,1.266
84,20X-Clon3-Indif-minusDox-D0-Foto1.tif,600,6.748,78.137,156.482,1.067
85,20X-Clon3-Indif-minusDox-D0-Foto1.tif,571,6.748,66.270,52.130,1.322
86,20X-Clon3-Indif-minusDox-D0-Foto1.tif,495,6.748,47.923,80.986,1.099
87,20X-Clon3-Indif-minusDox-D0-Foto1.tif,836,6.748,60.835,128.146,1.218
88,20X-Clon3-Indif-minusDox-D0-Foto1.tif,506,6.748,50.140,72.030,1.028
89,20X-Clon3-Indif-minusDox-D0-Foto1.tif,763,6.748,62.893,84.464,0.621
90,20X-Clon3-Indif-minusDox-D0-Foto1.tif,418,6.748,44.524,83.986,0.754
91,20X-Clon3-Indif-minusDox-D0-Foto1.tif,1149,6.748,71.663,82.996,0.626
92,20X-Clon3-Indif-minusDox-D0-Foto1.tif,544,6.748,73.539,85.171,1.279
93,20X-Clon3-Indif-minusDox-D0-Foto1.tif,398,6.748,43.191,70.090,1.201
94,20X-Clon3-Indif-minusDox-D0-Foto1.tif,339,6.748,58.823,93.740,1.472
95,20X-Clon3-Indif-minusDox-D0-Foto1.tif,466,6.748,40.152,75.766,1.275
96,20X-Clon3-Indif-minusDox-D0-Foto1.tif,508,6.748,65.813,68.752,1.774
97,20X-Clon3-Indif-minusDox-D0-Foto1.tif,550,6.748,68.355,93.018,1.227
98,20X-Clon3-Indif-minusDox-D0-Foto1.tif,758,6.748,60.166,55.740,0.798
99,20X-Clon3-Indif-minusDox-D0-Foto1.tif,547,6.748,67.466,82.386,0.963
100,20X-Clon3-Indif-minusDox-D0-Foto1.tif,409,6.748,46.122,54.042,0.685
101,20X-Clon3-Indif-minusDox-D0-Foto1.tif,754,6.748,85.056,118.236,1.236
102,20X-Clon3-Indif-minusDox-D0-Foto1.tif,494,6.748,48.435,69.225,0.832
103,20X-Clon3-Indif-minusDox-D0-Foto1.tif,436,6.748,54.874,71.592,1.183
104,20X-Clon3-Indif-minusDox-D0-Foto1.tif,1246,6.748,36.901,139.665,1.876
105,20X-Clon3-Indif-minusDox-D0-Foto1.tif,556,6.748,69.971,89.138,1.142
106,20X-Clon3-Indif-minusDox-D0-Foto1.tif,484,6.748,44.566,140.215,1.694
107,20X-Clon3-Indif-minusDox-D0-Foto1.tif,348,6.748,72.920,118.784,1.802
108,20X-Clon3-Indif-minusDox-D0-Foto1.tif,513,6.748,43.283,55.873,1.329
109,20X-Clon3-Indif-minusDox-D0-Foto1.tif,453,6.748,49.435,66.060,1.885
110,20X-Clon3-Indif-minusDox-D0-Foto1.tif,657,6.748,34.094,66.202,0.846
111,20X-Clon3-Indif-minusDox-D0-Foto1.tif,480,6.748,56.717,96.737,1.183
112,20X-Clon3-Indif-minusDox-D0-Foto1.tif,578,6.748,35.291,69.429,0.431
113,20X-Clon3-Indif-minusDox-D0-Foto1.tif,434,6.748,58.631,113.650,1.664
114,20X-Clon3-Indif-minusDox-D0-Foto1.tif,436,6.748,53.975,81.943,1.018
115,20X-Clon3-Indif-minusDox-D0-Foto1.tif,384,6.748,47.568,63.883,0.839
116,20X-Clon3-Indif-minusDox-D0-Foto1.tif,342,6.748,64.418,121.079,1.491
117,20X-Clon3-Indif-minusDox-D0-Foto1.tif,493,6.748,56.531,55.566,1.446
118,20X-Clon3-Indif-minusDox-D0-Foto1.tif,673,6.748,67.455,105.394,1.456
119,20X-Clon3-Indif-minusDox-D0-Foto1.tif,325,6.748,68.015,91.382,1.437
120,20X-Clon3-Indif-minusDox-D0-Foto1.tif,589,6.748,75.783,124.560,1.087
121,20X-Clon3-Indif-minusDox-D0-Foto1.tif,419,6.748,67.742,152.979,1.365
122,20X-Clon3-Indif-minusDox-D0-Foto1.tif,578,6.748,65.415,78.448,1.218
123,20X-Clon3-Indif-minusDox-D0-Foto1.tif,561,6.748,53.734,68.979,1.652
124,20X-Clon3-Indif-minusDox-D0-Foto1.tif,414,6.748,56.722,70.601,1.258
125,20X-Clon3-Indif-minusDox-D0-Foto1.tif,485,6.748,55.115,90.064,0.507
126,20X-Clon3-Indif-minusDox-D0-Foto1.tif,343,6.748,70.484,97.761,1.478
127,20X-Clon3-Indif-minusDox-D0-Foto1.tif,356,6.748,60.112,82.874,1.244
128,20X-Clon3-Indif-minusDox-D0-Foto1.tif,472,6.748,53.568,69.530,0.737
129,20X-Clon3-Indif-minusDox-D0-Foto1.tif,605,6.748,61.263,145.889,0.985
130,20X-Clon3-Indif-minusDox-D0-Foto1.tif,691,6.748,74.110,22.624,1.496
131,20X-Clon3-Indif-minusDox-D0-Foto1.tif,549,6.748,61.284,121.497,0.871
132,20X-Clon3-Indif-minusDox-D0-Foto1.tif,681,6.748,69.401,71.761,1.145
133,20X-Clon3-Indif-minusDox-D0-Foto1.tif,365,6.748,84.595,117.803,1.079
134,20X-Clon3-Indif-minusDox-D0-Foto1.tif,582,6.748,78.318,101.112,1.194
135,20X-Clon3-Indif-minusDox-D0-Foto1.tif,629,6.748,47.224,83.903,0.812
136,20X-Clon3-Indif-minusDox-D0-Foto1.tif,631,6.748,58.891,60.964,0.391
137,20X-Clon3-Indif-minusDox-D0-Foto1.tif,449,6.748,67.316,92.922,0.269
138,20X-Clon3-Indif-minusDox-D0-Foto1.tif,550,6.748,85.307,98.193,1.178
139,20X-Clon3-Indif-minusDox-D0-Foto1.tif,417,6.748,56.585,59.163,1.108
140,20X-Clon3-Indif-minusDox-D0-Foto1.tif,448,6.748,44.589,95.344,0.368
141,20X-Clon3-Indif-minusDox-D0-Foto1.tif,446,6.748,41.751,82.487,0.659
142,20X-Clon3-Indif-minusDox-D0-Foto1.tif,368,6.748,47.179,63.003,0.486
143,20X-Clon3-Indif-minusDox-D0-Foto1.tif,247,6.748,90.040,92.300,1.024
144,20X-Clon3-Indif-minusDox-D0-Foto1.tif,269,6.748,73.175,93.855,1.067
145,20X-Clon3-Indif-minusDox-D0-Foto1.tif,425,6.748,76.673,98.758,0.746
146,20X-Clon3-Indif-minusDox-D0-Foto1.tif,661,6.748,69.884,89.887,1.262
147,20X-Clon3-Indif-minusDox-D0-Foto1.tif,391,6.748,61.294,76.693,1.795
148,20X-Clon3-Indif-minusDox-D0-Foto1.tif,434,6.748,45.638,90.159,0.887
149,20X-Clon3-Indif-minusDox-D0-Foto1.tif,481,6.748,56.996,62.996,1.694
150,20X-Clon3-Indif-minusDox-D0-Foto1.tif,509,6.748,44.405,66.633,0.923
151,20X-Clon3-Indif-minusDox-D0-Foto1.tif,450,6.748,51.036,77.258,0.664
152,20X-Clon3-Indif-minusDox-D0-Foto1.tif,385,6.748,56.769,47.075,1.005
153,20X-Clon3-Indif-minusDox-D0-Foto1.tif,629,6.748,71.245,91.903,0.733
154,20X-Clon3-Indif-minusDox-D0-Foto1.tif,543,6.748,61.068,77.657,1.691
155,20X-Clon3-Indif-minusDox-D0-Foto1.tif,379,6.748,71.470,68.789,1.396
156,20X-Clon3-Indif-minusDox-D0-Foto1.tif,412,6.748,54.255,79.592,1.561
157,20X-Clon3-Indif-minusDox-D0-Foto1.tif,382,6.748,45.950,106.107,0.542
158,20X-Clon3-Indif-minusDox-D0-Foto1.tif,414,6.748,43.428,52.449,0.843
159,20X-Clon3-Indif-minusDox-D0-Foto1.tif,473,6.748,53.905,78.127,1.336
160,20X-Clon3-Indif-minusDox-D0-Foto1.tif,532,6.748,61.376,64.282,1.013
161,20X-Clon3-Indif-minusDox-D0-Foto1.tif,398,6.748,59.947,92.726,1.324
162,20X-Clon3-Indif-minusDox-D0-Foto1.tif,715,6.748,83.551,58.407,1.159
163,20X-Clon3-Indif-minusDox-D0-Foto1.tif,269,6.748,67.286,54.015,1.420
164,20X-Clon3-Indif-minusDox-D0-Foto1.tif,317,6.748,64.732,82.205,1.060
165,20X-Clon3-Indif-minusDox-D0-Foto1.tif,378,6.748,57.087,73.463,0.754
166,20X-Clon3-Indif-minusDox-D0-Foto1.tif,583,6.748,79.557,77.364,0.616
167,20X-Clon3-Indif-minusDox-D0-Foto1.tif,567,6.748,62.711,156.989,1.476
168,20X-Clon3-Indif-minusDox-D0-Foto1.tif,585,6.748,65.850,107.574,0.438
169,20X-Clon3-Indif-minusDox-D0-Foto1.tif,823,6.748,52.267,135.476,1.107
170,20X-Clon3-Indif-minusDox-D0-Foto1.tif,573,6.748,72.105,91.354,1.061
171,20X-Clon3-Indif-minusDox-D0-Foto1.tif,257,6.748,107.545,62.311,1.051
172,20X-Clon3-Indif-minusDox-D0-Foto1.tif,548,6.748,61.891,77.036,0.960
173,20X-Clon3-Indif-minusDox-D0-Foto1.tif,603,6.748,53.008,70.342,1.343
174,20X-Clon3-Indif-minusDox-D0-Foto1.tif,550,6.748,81.404,45.329,1.144
175,20X-Clon3-Indif-minusDox-D0-Foto1.tif,546,6.748,64.995,69.170,0.643
176,20X-Clon3-Indif-minusDox-D0-Foto1.tif,239,6.748,36.435,60.745,1.356
177,20X-Clon3-Indif-minusDox-D0-Foto1.tif,322,6.748,56.817,115.776,0.978
178,20X-Clon3-Indif-minusDox-D0-Foto1.tif,355,6.748,79.008,51.344,1.544
179,20X-Clon3-Indif-minusDox-D0-Foto1.tif,529,6.748,68.085,130.631,0.951
180,20X-Clon3-Indif-minusDox-D0-Foto1.tif,612,6.748,57.618,73.864,1.552
181,20X-Clon3-Indif-minusDox-D0-Foto1.tif,313,6.748,56.304,82.974,1.054
182,20X-Clon3-Indif-minusDox-D0-Foto1.tif,362,6.748,73.105,87.329,1.616
183,20X-Clon3-Indif-minusDox-D0-Foto1.tif,612,6.748,70.160,79.925,0.547
184,20X-Clon3-Indif-minusDox-D0-Foto1.tif,196,6.748,78.730,20.597,1.689
185,20X-Clon3-Indif-minusDox-D0-Foto1.tif,667,6.748,61.819,80.375,1.141
186,20X-Clon3-Indif-minusDox-D0-Foto1.tif,447,6.748,79.217,101.944,0.931
187,20X-Clon3-Indif-minusDox-D0-Foto1.tif,503,6.748,43.909,48.221,1.889
188,20X-Clon3-Indif-minusDox-D0-Foto1.tif,478,6.748,45.527,53.236,1.234
189,20X-Clon3-Indif-minusDox-D0-Foto1.tif,764,6.748,51.204,83.690,1.487
190,20X-Clon3-Indif-minusDox-D0-Foto1.tif,504,6.748,50.147,112.117,1.538
191,20X-Clon3-Indif-minusDox-D0-Foto1.tif,312,6.748,72.465,135.952,1.481
192,20X-Clon3-Indif-minusDox-D0-Foto1.tif,618,6.748,80.120,79.040,1.523
193,20X-Clon3-Indif-minusDox-D0-Foto1.tif,510,6.748,42.396,96.559,0.849
194,20X-Clon3-Indif-minusDox-D0-Foto1.tif,754,6.748,80.558,141.509,1.003
195,20X-Clon3-Indif-minusDox-D0-Foto1.tif,632,6.748,80.503,88.921,0.665
196,20X-Clon3-Indif-minusDox-D0-Foto1.tif,481,6.748,36.960,8.019,1.484
197,20X-Clon3-Indif-minusDox-D0-Foto1.tif,436,6.748,51.206,73.647,1.771
198,20X-Clon3-Indif-minusDox-D0-Foto1.tif,437,6.748,39.460,120.913,0.943
199,20X-Clon3-Indif-minusDox-D0-Foto1.tif,331,6.748,57.804,96.420,1.574
200,20X-Clon3-Indif-minusDox-D0-Foto1.tif,491,6.748,41.094,91.149,0.350
201,20X-Clon3-Indif-minusDox-D0-Foto1.tif,730,6.748,49.649,81.915,1.177
202,20X-Clon3-Indif-minusDox-D0-Foto1.tif,409,6.748,52.482,59.660,1.389
203,20X-Clon3-Indif-minusDox-D0-Foto1.tif,662,6.748,69.823,85.734,1.110
204,20X-Clon3-Indif-minusDox-D0-Foto1.tif,490,6.748,61.173,112.206,0.445
205,20X-Clon3-Indif-minusDox-D0-Foto1.tif,299,6.748,69.635,123.418,1.284
206,20X-Clon3-Indif-minusDox-D0-Foto1.tif,564,6.748,43.362,7.640,1.301
207,20X-Clon3-Indif-minusDox-D0-Foto1.tif,153,6.748,73.706,31.810,1.752
208,20X-Clon3-Indif-minusDox-D0-Foto1.tif,405,6.748,70.274,125.375,1.346
209,20X-Clon3-Indif-minusDox-D0-Foto1.tif,532,6.748,73.139,77.205,1.398
210,20X-Clon3-Indif-minusDox-D0-Foto1.tif,496,6.748,68.415,120.651,1.000
211,20X-Clon3-Indif-minusDox-D0-Foto1.tif,284,6.748,97.035,61.120,1.011
212,20X-Clon3-Indif-minusDox-D0-Foto1.tif,593,6.748,54.975,73.764,0.629
213,20X-Clon3-Indif-minusDox-D0-Foto1.tif,366,6.748,61.508,116.464,0.689
214,20X-Clon3-Indif-minusDox-D0-Foto1.tif,362,6.748,90.657,110.210,1.401
215,20X-Clon3-Indif-minusDox-D0-Foto1.tif,582,6.748,49.483,68.254,0.534
216,20X-Clon3-Indif-minusDox-D0-Foto1.tif,320,6.748,72.947,65.769,1.438
217,20X-Clon3-Indif-minusDox-D0-Foto1.tif,428,6.748,86.023,87.537,0.893
218,20X-Clon3-Indif-minusDox-D0-Foto1.tif,726,6.748,67.196,85.102,1.117
219,20X-Clon3-Indif-minusDox-D0-Foto1.tif,205,6.748,31.922,50.390,2.059
220,20X-Clon3-Indif-minusDox-D0-Foto1.tif,378,6.748,56.389,92.675,1.238
221,20X-Clon3-Indif-minusDox-D0-Foto1.tif,367,6.748,55.545,68.847,0.580
222,20X-Clon3-Indif-minusDox-D0-Foto1.tif,218,6.748,54.945,90.087,1.670
223,20X-Clon3-Indif-minusDox-D0-Foto1.tif,179,6.748,54.631,26.916,1.872
224,20X-Clon3-Indif-minusDox-D0-Foto1.tif,377,6.748,68.684,94.355,1.141
225,20X-Clon3-Indif-minusDox-D0-Foto1.tif,391,6.748,71.854,83.197,0.777
226,20X-Clon3-Indif-minusDox-D0-Foto1.tif,884,6.748,63.794,70.872,1.046
227,20X-Clon3-Indif-minusDox-D0-Foto1.tif,732,6.748,60.986,64.055,1.369
228,20X-Clon3-Indif-minusDox-D0-Foto1.tif,531,6.748,72.772,70.311,1.697
229,20X-Clon3-Indif-minusDox-D0-Foto1.tif,408,6.748,45.218,84.838,1.245
230,20X-Clon3-Indif-minusDox-D0-Foto1.tif,374,6.748,61.912,58.880,0.840
231,20X-Clon3-Indif-minusDox-D0-Foto1.tif,857,6.748,39.825,63.814,0.805
232,20X-Clon3-Indif-minusDox-D0-Foto1.tif,347,6.748,67.516,95.648,1.202
233,20X-Clon3-Indif-minusDox-D0-Foto1.tif,416,6.748,53.510,65.904,1.005
234,20X-Clon3-Indif-minusDox-D0-Foto1.tif,792,6.748,53.548,44.736,0.870
235,20X-Clon3-Indif-minusDox-D0-Foto1.tif,680,6.748,91.882,87.449,0.699
236,20X-Clon3-Indif-minusDox-D0-Foto1.tif,425,6.748,72.111,109.753,1.572
237,20X-Clon3-Indif-minusDox-D0-Foto1.tif,368,6.748,63.160,91.649,1.201
238,20X-Clon3-Indif-minusDox-D0-Foto1.tif,282,6.748,65.872,100.936,1.557
239,20X-Clon3-Indif-minusDox-D0-Foto1.tif,233,6.748,32.305,43.425,1.369
240,20X-Clon3-Indif-minusDox-D0-Foto1.tif,328,6.748,76.012,101.271,0.680
241,20X-Clon3-Indif-minusDox-D0-Foto1.tif,443,6.748,85.576,90.962,0.786
242,20X-Clon3-Indif-minusDox-D0-Foto1.tif,374,6.748,56.874,50.690,1.139
243,20X-Clon3-Indif-minusDox-D0-Foto1.tif,209,6.748,53.565,83.048,1.311
244,20X-Clon3-Indif-minusDox-D0-Foto1.tif,216,6.748,64.319,29.259,0.787
245,20X-Clon3-Indif-minusDox-D0-Foto1.tif,465,6.748,40.632,69.434,0.755
246,20X-Clon3-Indif-minusDox-D0-Foto1.tif,635,6.748,66.756,145.187,1.324
247,20X-Clon3-Indif-minusDox-D0-Foto1.tif,92,6.748,41.717,57.424,0.728
248,20X-Clon3-Indif-minusDox-D0-Foto1.tif,412,6.748,46.126,106.192,1.437
249,20X-Clon3-Indif-minusDox-D0-Foto1.tif,373,6.748,65.995,91.705,1.252
250,20X-Clon3-Indif-minusDox-D0-Foto1.tif,886,6.748,46.849,108.737,0.993
251,20X-Clon3-Indif-minusDox-D0-Foto1.tif,450,6.748,60.638,70.207,0.989
252,20X-Clon3-Indif-minusDox-D0-Foto1.tif,244,6.748,71.922,113.840,1.402
253,20X-Clon3-Indif-minusDox-D0-Foto1.tif,372,6.748,45.968,67.336,1.272
254,20X-Clon3-Indif-minusDox-D0-Foto1.tif,397,6.748,49.708,52.499,1.091
255,20X-Clon3-Indif-minusDox-D0-Foto1.tif,477,6.748,81.881,115.751,0.367
256,20X-Clon3-Indif-minusDox-D0-Foto1.tif,375,6.748,67.315,97.867,0.720
257,20X-Clon3-Indif-minusDox-D0-Foto1.tif,138,6.748,45.384,20.659,2.399
258,20X-Clon3-Indif-minusDox-D0-Foto1.tif,276,6.748,48.062,64.355,1.301
259,20X-Clon3-Indif-minusDox-D0-Foto1.tif,184,6.748,45.799,54.082,0.658
260,20X-Clon3-Indif-minusDox-D0-Foto1.tif,276,6.748,62.822,65.384,1.058
261,20X-Clon3-Indif-minusDox-D0-Foto1.tif,113,6.748,58.097,100.522,0.894
262,20X-Clon3-Indif-minusDox-D0-Foto1.tif,105,6.748,51.229,95.076,0.495
263,20X-Clon3-Indif-minusDox-D0-Foto1.tif,278,6.748,74.460,93.529,0.633
264,20X-Clon3-Indif-minusDox-D0-Foto1.tif,533,6.748,37.846,46.630,1.026
265,20X-Clon3-Indif-minusDox-D0-Foto1.tif,372,6.748,66.685,97.852,1.409
266,20X-Clon3-Indif-minusDox-D0-Foto1.tif,125,6.748,51.824,66.304,1.544
267,20X-Clon3-Indif-minusDox-D0-Foto1.tif,90,6.748,58.167,18.844,0.778
268,20X-Clon3-Indif-minusDox-D0-Foto1.tif,230,6.748,67.622,89.757,1.643
