ROI,ImageID,Area,mCherry_Mean_rolling_background,DAPI_Mean,Nanog_Mean,mCherry_Mean
1,20X-Clon3-Indif-plusDox-D2-Foto3.tif,729,7.275,40.038,6.388,9.292
2,20X-Clon3-Indif-plusDox-D2-Foto3.tif,696,7.275,40.187,26.888,5.882
3,20X-Clon3-Indif-plusDox-D2-Foto3.tif,526,7.275,31.394,5.856,30.253
4,20X-Clon3-Indif-plusDox-D2-Foto3.tif,691,7.275,27.546,31.062,4.472
5,20X-Clon3-Indif-plusDox-D2-Foto3.tif,1172,7.275,20.720,4.818,24.791
6,20X-Clon3-Indif-plusDox-D2-Foto3.tif,611,7.275,53.642,8.139,26.273
7,20X-Clon3-Indif-plusDox-D2-Foto3.tif,850,7.275,19.340,48.986,1.015
8,20X-Clon3-Indif-plusDox-D2-Foto3.tif,707,7.275,32.945,33.496,5.082
9,20X-Clon3-Indif-plusDox-D2-Foto3.tif,842,7.275,32.795,31.730,8.586
10,20X-Clon3-Indif-plusDox-D2-Foto3.tif,780,7.275,20.868,58.764,0.829
11,20X-Clon3-Indif-plusDox-D2-Foto3.tif,428,7.275,41.339,6.255,43.890
12,20X-Clon3-Indif-plusDox-D2-Foto3.tif,747,7.275,36.171,24.525,8.742
13,20X-Clon3-Indif-plusDox-D2-Foto3.tif,442,7.275,40.989,16.606,20.912
14,20X-Clon3-Indif-plusDox-D2-Foto3.tif,687,7.275,38.646,37.622,2.828
15,20X-Clon3-Indif-plusDox-D2-Foto3.tif,415,7.275,58.171,11.528,21.292
16,20X-Clon3-Indif-plusDox-D2-Foto3.tif,348,7.275,43.247,55.902,8.080
17,20X-Clon3-Indif-plusDox-D2-Foto3.tif,540,7.275,29.256,5.359,49.357
18,20X-Clon3-Indif-plusDox-D2-Foto3.tif,578,7.275,28.282,29.732,4.163
19,20X-Clon3-Indif-plusDox-D2-Foto3.tif,841,7.275,34.754,4.717,10.391
20,20X-Clon3-Indif-plusDox-D2-Foto3.tif,1203,7.275,22.249,47.821,5.000
21,20X-Clon3-Indif-plusDox-D2-Foto3.tif,772,7.275,31.363,15.126,15.004
22,20X-Clon3-Indif-plusDox-D2-Foto3.tif,609,7.275,52.816,30.397,11.931
23,20X-Clon3-Indif-plusDox-D2-Foto3.tif,625,7.275,53.766,6.974,55.158
24,20X-Clon3-Indif-plusDox-D2-Foto3.tif,362,7.275,45.610,98.401,6.569
25,20X-Clon3-Indif-plusDox-D2-Foto3.tif,529,7.275,36.584,6.021,53.420
26,20X-Clon3-Indif-plusDox-D2-Foto3.tif,850,7.275,32.920,12.838,14.474
27,20X-Clon3-Indif-plusDox-D2-Foto3.tif,807,7.275,25.109,5.150,27.594
28,20X-Clon3-Indif-plusDox-D2-Foto3.tif,337,7.275,54.285,8.629,29.098
29,20X-Clon3-Indif-plusDox-D2-Foto3.tif,570,7.275,34.037,5.626,38.479
30,20X-Clon3-Indif-plusDox-D2-Foto3.tif,703,7.275,38.563,9.051,18.710
31,20X-Clon3-Indif-plusDox-D2-Foto3.tif,971,7.275,18.885,41.187,3.785
32,20X-Clon3-Indif-plusDox-D2-Foto3.tif,663,7.275,54.095,49.735,3.819
33,20X-Clon3-Indif-plusDox-D2-Foto3.tif,753,7.275,49.251,5.595,57.618
34,20X-Clon3-Indif-plusDox-D2-Foto3.tif,655,7.275,31.011,5.638,31.032
35,20X-Clon3-Indif-plusDox-D2-Foto3.tif,606,7.275,50.206,67.675,1.771
36,20X-Clon3-Indif-plusDox-D2-Foto3.tif,131,7.275,117.275,8.076,26.069
37,20X-Clon3-Indif-plusDox-D2-Foto3.tif,690,7.275,36.332,8.784,18.478
38,20X-Clon3-Indif-plusDox-D2-Foto3.tif,627,7.275,47.470,7.965,24.038
39,20X-Clon3-Indif-plusDox-D2-Foto3.tif,552,7.275,35.520,44.266,8.134
40,20X-Clon3-Indif-plusDox-D2-Foto3.tif,713,7.275,41.898,52.550,2.433
41,20X-Clon3-Indif-plusDox-D2-Foto3.tif,575,7.275,45.214,15.696,6.443
42,20X-Clon3-Indif-plusDox-D2-Foto3.tif,444,7.275,29.027,36.662,5.128
43,20X-Clon3-Indif-plusDox-D2-Foto3.tif,752,7.275,41.443,11.162,20.009
44,20X-Clon3-Indif-plusDox-D2-Foto3.tif,498,7.275,26.203,6.124,45.492
45,20X-Clon3-Indif-plusDox-D2-Foto3.tif,772,7.275,48.447,63.750,2.644
46,20X-Clon3-Indif-plusDox-D2-Foto3.tif,491,7.275,36.542,14.572,19.617
47,20X-Clon3-Indif-plusDox-D2-Foto3.tif,655,7.275,48.522,15.258,9.563
48,20X-Clon3-Indif-plusDox-D2-Foto3.tif,342,7.275,47.064,18.316,9.488
49,20X-Clon3-Indif-plusDox-D2-Foto3.tif,580,7.275,39.869,10.805,19.466
50,20X-Clon3-Indif-plusDox-D2-Foto3.tif,732,7.275,27.724,5.898,17.307
51,20X-Clon3-Indif-plusDox-D2-Foto3.tif,595,7.275,33.029,9.027,15.543
52,20X-Clon3-Indif-plusDox-D2-Foto3.tif,496,7.275,42.942,6.722,36.181
53,20X-Clon3-Indif-plusDox-D2-Foto3.tif,455,7.275,38.213,7.503,98.763
54,20X-Clon3-Indif-plusDox-D2-Foto3.tif,447,7.275,39.620,65.774,4.738
55,20X-Clon3-Indif-plusDox-D2-Foto3.tif,620,7.275,31.479,6.358,19.939
56,20X-Clon3-Indif-plusDox-D2-Foto3.tif,671,7.275,42.303,5.577,31.352
57,20X-Clon3-Indif-plusDox-D2-Foto3.tif,965,7.275,34.741,5.628,47.063
58,20X-Clon3-Indif-plusDox-D2-Foto3.tif,427,7.275,43.607,88.642,7.696
59,20X-Clon3-Indif-plusDox-D2-Foto3.tif,483,7.275,40.052,6.470,98.752
60,20X-Clon3-Indif-plusDox-D2-Foto3.tif,763,7.275,19.384,4.873,40.907
61,20X-Clon3-Indif-plusDox-D2-Foto3.tif,501,7.275,29.128,32.453,7.393
62,20X-Clon3-Indif-plusDox-D2-Foto3.tif,560,7.275,56.334,76.066,1.246
63,20X-Clon3-Indif-plusDox-D2-Foto3.tif,428,7.275,36.806,7.701,61.993
64,20X-Clon3-Indif-plusDox-D2-Foto3.tif,714,7.275,41.389,70.994,4.339
65,20X-Clon3-Indif-plusDox-D2-Foto3.tif,374,7.275,36.770,29.957,11.217
66,20X-Clon3-Indif-plusDox-D2-Foto3.tif,667,7.275,26.576,5.235,21.343
67,20X-Clon3-Indif-plusDox-D2-Foto3.tif,465,7.275,40.234,71.325,6.316
68,20X-Clon3-Indif-plusDox-D2-Foto3.tif,489,7.275,44.395,75.796,3.115
69,20X-Clon3-Indif-plusDox-D2-Foto3.tif,1581,7.275,24.149,4.563,41.091
70,20X-Clon3-Indif-plusDox-D2-Foto3.tif,937,7.275,43.264,8.336,35.146
71,20X-Clon3-Indif-plusDox-D2-Foto3.tif,841,7.275,17.530,4.820,34.205
72,20X-Clon3-Indif-plusDox-D2-Foto3.tif,591,7.275,30.753,41.826,3.924
73,20X-Clon3-Indif-plusDox-D2-Foto3.tif,568,7.275,32.058,39.641,3.062
74,20X-Clon3-Indif-plusDox-D2-Foto3.tif,595,7.275,22.889,5.679,13.276
75,20X-Clon3-Indif-plusDox-D2-Foto3.tif,567,7.275,59.323,54.603,3.291
76,20X-Clon3-Indif-plusDox-D2-Foto3.tif,545,7.275,35.772,6.292,41.018
77,20X-Clon3-Indif-plusDox-D2-Foto3.tif,540,7.275,28.396,5.750,42.624
78,20X-Clon3-Indif-plusDox-D2-Foto3.tif,466,7.275,31.069,5.618,71.835
79,20X-Clon3-Indif-plusDox-D2-Foto3.tif,486,7.275,52.222,7.364,19.486
80,20X-Clon3-Indif-plusDox-D2-Foto3.tif,474,7.275,30.124,5.076,22.825
81,20X-Clon3-Indif-plusDox-D2-Foto3.tif,663,7.275,24.725,5.465,37.727
82,20X-Clon3-Indif-plusDox-D2-Foto3.tif,452,7.275,28.420,67.263,7.018
83,20X-Clon3-Indif-plusDox-D2-Foto3.tif,429,7.275,37.193,40.058,5.758
84,20X-Clon3-Indif-plusDox-D2-Foto3.tif,583,7.275,36.050,54.197,5.479
85,20X-Clon3-Indif-plusDox-D2-Foto3.tif,593,7.275,26.734,6.422,47.066
86,20X-Clon3-Indif-plusDox-D2-Foto3.tif,356,7.275,31.056,7.348,22.725
87,20X-Clon3-Indif-plusDox-D2-Foto3.tif,772,7.275,34.940,4.949,14.345
88,20X-Clon3-Indif-plusDox-D2-Foto3.tif,561,7.275,23.330,5.961,30.799
89,20X-Clon3-Indif-plusDox-D2-Foto3.tif,415,7.275,42.875,19.304,8.202
90,20X-Clon3-Indif-plusDox-D2-Foto3.tif,354,7.275,49.887,6.904,26.698
91,20X-Clon3-Indif-plusDox-D2-Foto3.tif,446,7.275,42.139,36.195,9.599
92,20X-Clon3-Indif-plusDox-D2-Foto3.tif,596,7.275,32.191,38.522,4.102
93,20X-Clon3-Indif-plusDox-D2-Foto3.tif,306,7.275,47.408,43.471,3.291
94,20X-Clon3-Indif-plusDox-D2-Foto3.tif,584,7.275,49.003,43.729,2.534
95,20X-Clon3-Indif-plusDox-D2-Foto3.tif,611,7.275,46.538,6.761,21.468
96,20X-Clon3-Indif-plusDox-D2-Foto3.tif,431,7.275,40.680,6.439,51.780
97,20X-Clon3-Indif-plusDox-D2-Foto3.tif,434,7.275,39.166,5.919,15.740
98,20X-Clon3-Indif-plusDox-D2-Foto3.tif,339,7.275,39.941,6.094,34.681
99,20X-Clon3-Indif-plusDox-D2-Foto3.tif,339,7.275,42.882,8.956,12.779
100,20X-Clon3-Indif-plusDox-D2-Foto3.tif,567,7.275,34.882,27.444,8.564
101,20X-Clon3-Indif-plusDox-D2-Foto3.tif,549,7.275,34.299,6.100,28.993
102,20X-Clon3-Indif-plusDox-D2-Foto3.tif,514,7.275,40.018,7.757,34.304
103,20X-Clon3-Indif-plusDox-D2-Foto3.tif,728,7.275,22.760,5.229,30.592
104,20X-Clon3-Indif-plusDox-D2-Foto3.tif,697,7.275,27.888,5.795,64.806
105,20X-Clon3-Indif-plusDox-D2-Foto3.tif,426,7.275,35.082,57.505,1.852
106,20X-Clon3-Indif-plusDox-D2-Foto3.tif,443,7.275,37.691,21.223,20.309
107,20X-Clon3-Indif-plusDox-D2-Foto3.tif,617,7.275,38.699,75.674,2.947
108,20X-Clon3-Indif-plusDox-D2-Foto3.tif,407,7.275,44.958,6.442,59.577
109,20X-Clon3-Indif-plusDox-D2-Foto3.tif,383,7.275,33.838,7.031,43.039
110,20X-Clon3-Indif-plusDox-D2-Foto3.tif,501,7.275,24.659,51.509,6.257
111,20X-Clon3-Indif-plusDox-D2-Foto3.tif,523,7.275,47.321,6.918,32.618
112,20X-Clon3-Indif-plusDox-D2-Foto3.tif,833,7.275,23.150,4.862,35.046
113,20X-Clon3-Indif-plusDox-D2-Foto3.tif,543,7.275,31.195,24.245,4.180
114,20X-Clon3-Indif-plusDox-D2-Foto3.tif,474,7.275,41.255,10.209,19.122
115,20X-Clon3-Indif-plusDox-D2-Foto3.tif,608,7.275,32.794,5.337,95.641
116,20X-Clon3-Indif-plusDox-D2-Foto3.tif,510,7.275,30.688,35.545,8.447
117,20X-Clon3-Indif-plusDox-D2-Foto3.tif,523,7.275,51.627,5.554,23.577
118,20X-Clon3-Indif-plusDox-D2-Foto3.tif,615,7.275,56.137,6.572,13.369
119,20X-Clon3-Indif-plusDox-D2-Foto3.tif,589,7.275,57.808,77.081,5.228
120,20X-Clon3-Indif-plusDox-D2-Foto3.tif,499,7.275,43.826,5.633,31.938
121,20X-Clon3-Indif-plusDox-D2-Foto3.tif,560,7.275,33.082,7.418,31.707
122,20X-Clon3-Indif-plusDox-D2-Foto3.tif,587,7.275,31.893,6.572,54.467
123,20X-Clon3-Indif-plusDox-D2-Foto3.tif,556,7.275,64.360,7.915,42.948
124,20X-Clon3-Indif-plusDox-D2-Foto3.tif,241,7.275,36.751,5.768,21.394
125,20X-Clon3-Indif-plusDox-D2-Foto3.tif,716,7.275,30.723,24.821,6.006
126,20X-Clon3-Indif-plusDox-D2-Foto3.tif,441,7.275,42.014,6.002,33.961
127,20X-Clon3-Indif-plusDox-D2-Foto3.tif,583,7.275,21.708,5.904,39.897
128,20X-Clon3-Indif-plusDox-D2-Foto3.tif,470,7.275,29.177,5.051,24.394
129,20X-Clon3-Indif-plusDox-D2-Foto3.tif,719,7.275,42.804,90.772,5.391
130,20X-Clon3-Indif-plusDox-D2-Foto3.tif,350,7.275,46.020,21.060,28.297
131,20X-Clon3-Indif-plusDox-D2-Foto3.tif,564,7.275,45.399,6.736,20.835
132,20X-Clon3-Indif-plusDox-D2-Foto3.tif,403,7.275,41.950,52.104,4.896
133,20X-Clon3-Indif-plusDox-D2-Foto3.tif,549,7.275,25.097,4.827,22.056
134,20X-Clon3-Indif-plusDox-D2-Foto3.tif,573,7.275,53.405,8.457,26.026
135,20X-Clon3-Indif-plusDox-D2-Foto3.tif,229,7.275,62.703,8.873,46.795
136,20X-Clon3-Indif-plusDox-D2-Foto3.tif,146,7.275,107.781,8.178,27.719
137,20X-Clon3-Indif-plusDox-D2-Foto3.tif,666,7.275,32.059,38.405,4.782
138,20X-Clon3-Indif-plusDox-D2-Foto3.tif,668,7.275,38.434,39.731,9.478
139,20X-Clon3-Indif-plusDox-D2-Foto3.tif,515,7.275,30.216,5.398,27.289
140,20X-Clon3-Indif-plusDox-D2-Foto3.tif,639,7.275,50.250,70.523,2.772
141,20X-Clon3-Indif-plusDox-D2-Foto3.tif,339,7.275,43.637,10.201,15.785
142,20X-Clon3-Indif-plusDox-D2-Foto3.tif,466,7.275,36.592,6.594,93.788
143,20X-Clon3-Indif-plusDox-D2-Foto3.tif,301,7.275,45.605,6.874,44.382
144,20X-Clon3-Indif-plusDox-D2-Foto3.tif,457,7.275,33.812,6.352,57.223
145,20X-Clon3-Indif-plusDox-D2-Foto3.tif,474,7.275,30.222,5.177,14.302
146,20X-Clon3-Indif-plusDox-D2-Foto3.tif,432,7.275,30.826,4.856,16.440
147,20X-Clon3-Indif-plusDox-D2-Foto3.tif,680,7.275,37.582,5.091,12.821
148,20X-Clon3-Indif-plusDox-D2-Foto3.tif,197,7.275,71.132,9.447,48.954
149,20X-Clon3-Indif-plusDox-D2-Foto3.tif,741,7.275,21.340,5.004,35.252
150,20X-Clon3-Indif-plusDox-D2-Foto3.tif,325,7.275,41.840,5.735,63.455
151,20X-Clon3-Indif-plusDox-D2-Foto3.tif,647,7.275,30.012,5.351,26.006
152,20X-Clon3-Indif-plusDox-D2-Foto3.tif,303,7.275,46.696,78.805,1.554
153,20X-Clon3-Indif-plusDox-D2-Foto3.tif,584,7.275,25.320,5.870,39.474
154,20X-Clon3-Indif-plusDox-D2-Foto3.tif,601,7.275,27.368,49.426,5.316
155,20X-Clon3-Indif-plusDox-D2-Foto3.tif,430,7.275,39.740,5.998,24.002
156,20X-Clon3-Indif-plusDox-D2-Foto3.tif,541,7.275,30.375,5.444,45.440
157,20X-Clon3-Indif-plusDox-D2-Foto3.tif,567,7.275,57.757,7.203,36.653
158,20X-Clon3-Indif-plusDox-D2-Foto3.tif,251,7.275,50.984,5.992,41.040
159,20X-Clon3-Indif-plusDox-D2-Foto3.tif,351,7.275,45.430,26.419,27.239
160,20X-Clon3-Indif-plusDox-D2-Foto3.tif,563,7.275,27.320,4.428,21.801
161,20X-Clon3-Indif-plusDox-D2-Foto3.tif,472,7.275,40.335,7.581,50.133
162,20X-Clon3-Indif-plusDox-D2-Foto3.tif,332,7.275,47.364,7.262,32.952
163,20X-Clon3-Indif-plusDox-D2-Foto3.tif,467,7.275,34.732,36.396,5.163
164,20X-Clon3-Indif-plusDox-D2-Foto3.tif,545,7.275,32.061,7.183,24.908
165,20X-Clon3-Indif-plusDox-D2-Foto3.tif,718,7.275,42.136,43.490,6.620
166,20X-Clon3-Indif-plusDox-D2-Foto3.tif,621,7.275,28.449,5.221,17.857
167,20X-Clon3-Indif-plusDox-D2-Foto3.tif,496,7.275,21.294,5.399,6.050
168,20X-Clon3-Indif-plusDox-D2-Foto3.tif,917,7.275,18.674,5.243,28.088
169,20X-Clon3-Indif-plusDox-D2-Foto3.tif,741,7.275,28.356,58.491,4.495
170,20X-Clon3-Indif-plusDox-D2-Foto3.tif,667,7.275,27.841,5.573,44.423
171,20X-Clon3-Indif-plusDox-D2-Foto3.tif,527,7.275,34.102,20.987,64.941
172,20X-Clon3-Indif-plusDox-D2-Foto3.tif,605,7.275,37.041,6.311,35.400
173,20X-Clon3-Indif-plusDox-D2-Foto3.tif,820,7.275,18.463,5.276,27.637
174,20X-Clon3-Indif-plusDox-D2-Foto3.tif,703,7.275,27.707,5.299,50.488
175,20X-Clon3-Indif-plusDox-D2-Foto3.tif,491,7.275,31.656,5.411,54.882
176,20X-Clon3-Indif-plusDox-D2-Foto3.tif,1016,7.275,33.471,4.487,23.651
177,20X-Clon3-Indif-plusDox-D2-Foto3.tif,257,7.275,54.623,6.101,44.946
178,20X-Clon3-Indif-plusDox-D2-Foto3.tif,691,7.275,36.740,5.373,13.265
179,20X-Clon3-Indif-plusDox-D2-Foto3.tif,1239,7.275,27.122,6.149,36.394
180,20X-Clon3-Indif-plusDox-D2-Foto3.tif,584,7.275,49.885,5.635,17.774
181,20X-Clon3-Indif-plusDox-D2-Foto3.tif,674,7.275,22.880,5.561,64.162
182,20X-Clon3-Indif-plusDox-D2-Foto3.tif,493,7.275,34.189,5.933,35.574
183,20X-Clon3-Indif-plusDox-D2-Foto3.tif,426,7.275,41.984,28.185,15.556
184,20X-Clon3-Indif-plusDox-D2-Foto3.tif,354,7.275,44.751,54.621,7.268
185,20X-Clon3-Indif-plusDox-D2-Foto3.tif,492,7.275,54.687,28.843,20.030
186,20X-Clon3-Indif-plusDox-D2-Foto3.tif,391,7.275,41.373,21.719,24.583
187,20X-Clon3-Indif-plusDox-D2-Foto3.tif,457,7.275,39.330,32.081,10.667
188,20X-Clon3-Indif-plusDox-D2-Foto3.tif,472,7.275,28.227,5.549,23.064
189,20X-Clon3-Indif-plusDox-D2-Foto3.tif,587,7.275,24.831,5.947,41.899
190,20X-Clon3-Indif-plusDox-D2-Foto3.tif,696,7.275,41.033,10.783,23.296
191,20X-Clon3-Indif-plusDox-D2-Foto3.tif,577,7.275,29.825,5.002,24.683
192,20X-Clon3-Indif-plusDox-D2-Foto3.tif,382,7.275,38.013,19.141,7.306
193,20X-Clon3-Indif-plusDox-D2-Foto3.tif,389,7.275,48.715,6.033,49.918
194,20X-Clon3-Indif-plusDox-D2-Foto3.tif,757,7.275,45.182,75.096,3.396
195,20X-Clon3-Indif-plusDox-D2-Foto3.tif,290,7.275,40.628,46.566,5.800
196,20X-Clon3-Indif-plusDox-D2-Foto3.tif,571,7.275,21.081,5.536,25.350
197,20X-Clon3-Indif-plusDox-D2-Foto3.tif,433,7.275,25.739,5.372,19.776
198,20X-Clon3-Indif-plusDox-D2-Foto3.tif,542,7.275,37.646,26.367,1.439
199,20X-Clon3-Indif-plusDox-D2-Foto3.tif,568,7.275,48.141,6.204,33.960
200,20X-Clon3-Indif-plusDox-D2-Foto3.tif,303,7.275,56.624,6.300,47.231
201,20X-Clon3-Indif-plusDox-D2-Foto3.tif,323,7.275,42.932,5.272,59.740
202,20X-Clon3-Indif-plusDox-D2-Foto3.tif,506,7.275,22.824,5.960,28.605
203,20X-Clon3-Indif-plusDox-D2-Foto3.tif,702,7.275,35.840,13.305,15.647
204,20X-Clon3-Indif-plusDox-D2-Foto3.tif,514,7.275,29.632,5.506,29.778
205,20X-Clon3-Indif-plusDox-D2-Foto3.tif,323,7.275,54.362,7.090,66.474
206,20X-Clon3-Indif-plusDox-D2-Foto3.tif,423,7.275,36.324,7.939,71.293
207,20X-Clon3-Indif-plusDox-D2-Foto3.tif,408,7.275,40.821,6.887,95.939
208,20X-Clon3-Indif-plusDox-D2-Foto3.tif,446,7.275,69.527,7.948,26.989
209,20X-Clon3-Indif-plusDox-D2-Foto3.tif,697,7.275,31.911,5.000,44.636
210,20X-Clon3-Indif-plusDox-D2-Foto3.tif,547,7.275,64.203,49.453,2.494
211,20X-Clon3-Indif-plusDox-D2-Foto3.tif,638,7.275,28.683,25.240,5.003
212,20X-Clon3-Indif-plusDox-D2-Foto3.tif,309,7.275,54.052,8.032,36.346
213,20X-Clon3-Indif-plusDox-D2-Foto3.tif,904,7.275,19.944,5.611,50.079
214,20X-Clon3-Indif-plusDox-D2-Foto3.tif,286,7.275,20.601,5.402,98.294
215,20X-Clon3-Indif-plusDox-D2-Foto3.tif,457,7.275,34.403,5.554,30.912
216,20X-Clon3-Indif-plusDox-D2-Foto3.tif,955,7.275,41.205,5.638,8.110
217,20X-Clon3-Indif-plusDox-D2-Foto3.tif,304,7.275,44.039,33.349,18.993
218,20X-Clon3-Indif-plusDox-D2-Foto3.tif,537,7.275,41.147,5.840,31.507
219,20X-Clon3-Indif-plusDox-D2-Foto3.tif,646,7.275,24.776,5.478,43.399
220,20X-Clon3-Indif-plusDox-D2-Foto3.tif,354,7.275,43.181,51.054,12.387
221,20X-Clon3-Indif-plusDox-D2-Foto3.tif,635,7.275,43.813,8.079,24.811
222,20X-Clon3-Indif-plusDox-D2-Foto3.tif,524,7.275,53.615,6.454,21.784
223,20X-Clon3-Indif-plusDox-D2-Foto3.tif,524,7.275,24.941,6.137,20.548
224,20X-Clon3-Indif-plusDox-D2-Foto3.tif,390,7.275,37.813,18.785,7.033
225,20X-Clon3-Indif-plusDox-D2-Foto3.tif,543,7.275,29.915,4.982,33.593
226,20X-Clon3-Indif-plusDox-D2-Foto3.tif,616,7.275,24.575,6.537,42.782
227,20X-Clon3-Indif-plusDox-D2-Foto3.tif,464,7.275,41.272,24.838,4.860
228,20X-Clon3-Indif-plusDox-D2-Foto3.tif,489,7.275,42.863,40.464,8.834
229,20X-Clon3-Indif-plusDox-D2-Foto3.tif,543,7.275,53.713,5.773,48.492
230,20X-Clon3-Indif-plusDox-D2-Foto3.tif,402,7.275,38.112,5.463,24.881
231,20X-Clon3-Indif-plusDox-D2-Foto3.tif,612,7.275,50.815,72.853,2.029
232,20X-Clon3-Indif-plusDox-D2-Foto3.tif,609,7.275,56.642,108.736,5.057
233,20X-Clon3-Indif-plusDox-D2-Foto3.tif,596,7.275,35.168,35.320,5.700
234,20X-Clon3-Indif-plusDox-D2-Foto3.tif,350,7.275,49.537,5.320,42.209
235,20X-Clon3-Indif-plusDox-D2-Foto3.tif,572,7.275,34.614,6.381,24.921
236,20X-Clon3-Indif-plusDox-D2-Foto3.tif,152,7.275,43.730,8.553,54.309
237,20X-Clon3-Indif-plusDox-D2-Foto3.tif,700,7.275,42.824,7.833,24.370
238,20X-Clon3-Indif-plusDox-D2-Foto3.tif,526,7.275,33.548,5.473,23.584
239,20X-Clon3-Indif-plusDox-D2-Foto3.tif,604,7.275,51.028,117.190,1.656
240,20X-Clon3-Indif-plusDox-D2-Foto3.tif,577,7.275,65.638,6.321,81.955
241,20X-Clon3-Indif-plusDox-D2-Foto3.tif,578,7.275,43.543,6.770,25.216
242,20X-Clon3-Indif-plusDox-D2-Foto3.tif,149,7.275,73.832,8.819,22.638
243,20X-Clon3-Indif-plusDox-D2-Foto3.tif,566,7.275,30.415,5.085,63.986
244,20X-Clon3-Indif-plusDox-D2-Foto3.tif,391,7.275,38.765,35.087,3.023
245,20X-Clon3-Indif-plusDox-D2-Foto3.tif,767,7.275,47.798,10.432,10.855
246,20X-Clon3-Indif-plusDox-D2-Foto3.tif,498,7.275,27.267,6.873,11.131
247,20X-Clon3-Indif-plusDox-D2-Foto3.tif,103,7.275,36.660,12.233,19.777
248,20X-Clon3-Indif-plusDox-D2-Foto3.tif,684,7.275,31.006,5.827,28.842
249,20X-Clon3-Indif-plusDox-D2-Foto3.tif,737,7.275,43.571,6.957,16.145
250,20X-Clon3-Indif-plusDox-D2-Foto3.tif,83,7.275,56.325,8.084,12.373
251,20X-Clon3-Indif-plusDox-D2-Foto3.tif,272,7.275,41.441,23.570,4.305
252,20X-Clon3-Indif-plusDox-D2-Foto3.tif,817,7.275,26.988,4.942,17.356
253,20X-Clon3-Indif-plusDox-D2-Foto3.tif,563,7.275,29.847,37.934,3.492
254,20X-Clon3-Indif-plusDox-D2-Foto3.tif,307,7.275,41.355,4.971,22.329
255,20X-Clon3-Indif-plusDox-D2-Foto3.tif,214,7.275,100.285,8.561,12.463
256,20X-Clon3-Indif-plusDox-D2-Foto3.tif,981,7.275,23.931,4.865,12.879
257,20X-Clon3-Indif-plusDox-D2-Foto3.tif,922,7.275,25.055,5.329,8.960
258,20X-Clon3-Indif-plusDox-D2-Foto3.tif,468,7.275,48.301,7.357,44.412
259,20X-Clon3-Indif-plusDox-D2-Foto3.tif,557,7.275,38.524,41.831,10.754
260,20X-Clon3-Indif-plusDox-D2-Foto3.tif,156,7.275,16.096,14.955,2.724
261,20X-Clon3-Indif-plusDox-D2-Foto3.tif,373,7.275,47.129,58.043,8.893
262,20X-Clon3-Indif-plusDox-D2-Foto3.tif,251,7.275,27.904,5.853,30.590
263,20X-Clon3-Indif-plusDox-D2-Foto3.tif,179,7.275,29.397,6.291,40.397
264,20X-Clon3-Indif-plusDox-D2-Foto3.tif,125,7.275,40.072,5.624,30.752
265,20X-Clon3-Indif-plusDox-D2-Foto3.tif,604,7.275,27.323,6.823,11.180
266,20X-Clon3-Indif-plusDox-D2-Foto3.tif,866,7.275,40.655,23.497,43.687
267,20X-Clon3-Indif-plusDox-D2-Foto3.tif,248,7.275,23.879,5.560,20.294
268,20X-Clon3-Indif-plusDox-D2-Foto3.tif,154,7.275,25.792,5.766,27.240
269,20X-Clon3-Indif-plusDox-D2-Foto3.tif,87,7.275,29.954,9.943,10.713
270,20X-Clon3-Indif-plusDox-D2-Foto3.tif,46,7.275,22.543,7.130,14.565
271,20X-Clon3-Indif-plusDox-D2-Foto3.tif,109,7.275,29.422,5.789,54.092
272,20X-Clon3-Indif-plusDox-D2-Foto3.tif,126,7.275,12.405,5.508,5.960
