ROI,ImageID,Area,mCherry_Mean_rolling_background,DAPI_Mean,Nanog_Mean,mCherry_Mean
1,20X-Clon3-Indif-plusDox-D1-Foto3.tif,789,8.313,16.158,37.682,5.621
2,20X-Clon3-Indif-plusDox-D1-Foto3.tif,489,8.313,20.714,7.446,32.149
3,20X-Clon3-Indif-plusDox-D1-Foto3.tif,619,8.313,23.265,6.305,17.370
4,20X-Clon3-Indif-plusDox-D1-Foto3.tif,696,8.313,17.642,6.109,15.772
5,20X-Clon3-Indif-plusDox-D1-Foto3.tif,436,8.313,27.635,45.950,2.505
6,20X-Clon3-Indif-plusDox-D1-Foto3.tif,580,8.313,44.484,8.262,41.743
7,20X-Clon3-Indif-plusDox-D1-Foto3.tif,608,8.313,21.641,7.382,33.934
8,20X-Clon3-Indif-plusDox-D1-Foto3.tif,514,8.313,25.362,6.811,18.673
9,20X-Clon3-Indif-plusDox-D1-Foto3.tif,379,8.313,28.298,8.401,36.090
10,20X-Clon3-Indif-plusDox-D1-Foto3.tif,665,8.313,25.206,34.755,7.917
11,20X-Clon3-Indif-plusDox-D1-Foto3.tif,600,8.313,19.893,6.585,18.957
12,20X-Clon3-Indif-plusDox-D1-Foto3.tif,477,8.313,26.499,5.593,23.853
13,20X-Clon3-Indif-plusDox-D1-Foto3.tif,423,8.313,29.686,90.402,4.752
14,20X-Clon3-Indif-plusDox-D1-Foto3.tif,307,8.313,82.596,13.000,30.446
15,20X-Clon3-Indif-plusDox-D1-Foto3.tif,748,8.313,18.674,7.846,10.937
16,20X-Clon3-Indif-plusDox-D1-Foto3.tif,464,8.313,27.071,48.071,4.233
17,20X-Clon3-Indif-plusDox-D1-Foto3.tif,336,8.313,34.560,6.845,20.881
18,20X-Clon3-Indif-plusDox-D1-Foto3.tif,854,8.313,31.330,6.411,36.712
19,20X-Clon3-Indif-plusDox-D1-Foto3.tif,585,8.313,26.586,13.470,14.503
20,20X-Clon3-Indif-plusDox-D1-Foto3.tif,437,8.313,57.584,6.883,62.206
21,20X-Clon3-Indif-plusDox-D1-Foto3.tif,416,8.313,29.829,6.303,17.757
22,20X-Clon3-Indif-plusDox-D1-Foto3.tif,583,8.313,22.103,6.365,20.060
23,20X-Clon3-Indif-plusDox-D1-Foto3.tif,586,8.313,44.118,9.585,14.812
24,20X-Clon3-Indif-plusDox-D1-Foto3.tif,467,8.313,25.094,7.334,16.863
25,20X-Clon3-Indif-plusDox-D1-Foto3.tif,495,8.313,26.101,6.238,14.327
26,20X-Clon3-Indif-plusDox-D1-Foto3.tif,575,8.313,24.042,6.492,15.656
27,20X-Clon3-Indif-plusDox-D1-Foto3.tif,569,8.313,20.907,69.712,3.678
28,20X-Clon3-Indif-plusDox-D1-Foto3.tif,725,8.313,19.425,6.274,14.215
29,20X-Clon3-Indif-plusDox-D1-Foto3.tif,1366,8.313,29.430,6.406,18.557
30,20X-Clon3-Indif-plusDox-D1-Foto3.tif,469,8.313,25.906,47.324,3.168
31,20X-Clon3-Indif-plusDox-D1-Foto3.tif,493,8.313,24.647,5.318,24.834
32,20X-Clon3-Indif-plusDox-D1-Foto3.tif,434,8.313,27.221,7.203,21.177
33,20X-Clon3-Indif-plusDox-D1-Foto3.tif,584,8.313,21.981,27.731,2.455
34,20X-Clon3-Indif-plusDox-D1-Foto3.tif,526,8.313,25.641,6.251,26.755
35,20X-Clon3-Indif-plusDox-D1-Foto3.tif,445,8.313,27.333,6.582,22.481
36,20X-Clon3-Indif-plusDox-D1-Foto3.tif,575,8.313,23.228,5.944,23.850
37,20X-Clon3-Indif-plusDox-D1-Foto3.tif,750,8.313,19.652,40.269,3.371
38,20X-Clon3-Indif-plusDox-D1-Foto3.tif,288,8.313,107.604,55.066,2.438
39,20X-Clon3-Indif-plusDox-D1-Foto3.tif,514,8.313,24.298,5.665,20.292
40,20X-Clon3-Indif-plusDox-D1-Foto3.tif,295,8.313,49.461,27.071,36.261
41,20X-Clon3-Indif-plusDox-D1-Foto3.tif,835,8.313,22.020,9.357,4.960
42,20X-Clon3-Indif-plusDox-D1-Foto3.tif,611,8.313,39.650,9.866,14.483
43,20X-Clon3-Indif-plusDox-D1-Foto3.tif,485,8.313,24.530,52.313,3.082
44,20X-Clon3-Indif-plusDox-D1-Foto3.tif,677,8.313,30.842,43.681,10.922
45,20X-Clon3-Indif-plusDox-D1-Foto3.tif,465,8.313,26.710,45.484,2.624
46,20X-Clon3-Indif-plusDox-D1-Foto3.tif,466,8.313,25.768,6.751,26.509
47,20X-Clon3-Indif-plusDox-D1-Foto3.tif,843,8.313,29.193,74.593,1.958
48,20X-Clon3-Indif-plusDox-D1-Foto3.tif,479,8.313,25.764,5.514,25.192
49,20X-Clon3-Indif-plusDox-D1-Foto3.tif,525,8.313,23.676,7.006,36.320
50,20X-Clon3-Indif-plusDox-D1-Foto3.tif,470,8.313,27.126,6.551,37.349
51,20X-Clon3-Indif-plusDox-D1-Foto3.tif,447,8.313,23.740,42.067,3.170
52,20X-Clon3-Indif-plusDox-D1-Foto3.tif,658,8.313,20.325,41.106,5.897
53,20X-Clon3-Indif-plusDox-D1-Foto3.tif,363,8.313,36.204,7.658,33.262
54,20X-Clon3-Indif-plusDox-D1-Foto3.tif,581,8.313,22.260,61.731,3.964
55,20X-Clon3-Indif-plusDox-D1-Foto3.tif,439,8.313,29.112,7.310,13.157
56,20X-Clon3-Indif-plusDox-D1-Foto3.tif,493,8.313,23.842,38.176,2.458
57,20X-Clon3-Indif-plusDox-D1-Foto3.tif,528,8.313,29.888,15.265,15.011
58,20X-Clon3-Indif-plusDox-D1-Foto3.tif,338,8.313,30.450,9.725,37.175
59,20X-Clon3-Indif-plusDox-D1-Foto3.tif,820,8.313,30.412,92.883,1.940
60,20X-Clon3-Indif-plusDox-D1-Foto3.tif,582,8.313,22.696,8.656,20.498
61,20X-Clon3-Indif-plusDox-D1-Foto3.tif,430,8.313,28.600,6.502,19.933
62,20X-Clon3-Indif-plusDox-D1-Foto3.tif,184,8.313,16.810,7.310,16.060
63,20X-Clon3-Indif-plusDox-D1-Foto3.tif,730,8.313,19.037,17.036,9.068
64,20X-Clon3-Indif-plusDox-D1-Foto3.tif,499,8.313,24.573,6.972,19.285
65,20X-Clon3-Indif-plusDox-D1-Foto3.tif,1303,8.313,23.668,6.448,31.843
66,20X-Clon3-Indif-plusDox-D1-Foto3.tif,736,8.313,24.312,13.427,10.476
67,20X-Clon3-Indif-plusDox-D1-Foto3.tif,939,8.313,27.703,6.854,40.843
68,20X-Clon3-Indif-plusDox-D1-Foto3.tif,366,8.313,31.044,6.142,30.347
69,20X-Clon3-Indif-plusDox-D1-Foto3.tif,859,8.313,28.113,77.354,2.185
70,20X-Clon3-Indif-plusDox-D1-Foto3.tif,510,8.313,22.502,6.575,14.384
71,20X-Clon3-Indif-plusDox-D1-Foto3.tif,518,8.313,31.869,8.772,18.768
72,20X-Clon3-Indif-plusDox-D1-Foto3.tif,399,8.313,18.419,5.238,53.426
73,20X-Clon3-Indif-plusDox-D1-Foto3.tif,334,8.313,19.075,5.431,61.497
74,20X-Clon3-Indif-plusDox-D1-Foto3.tif,674,8.313,29.191,57.174,7.774
75,20X-Clon3-Indif-plusDox-D1-Foto3.tif,388,8.313,27.059,6.559,8.750
76,20X-Clon3-Indif-plusDox-D1-Foto3.tif,99,8.313,9.515,7.192,17.717
77,20X-Clon3-Indif-plusDox-D1-Foto3.tif,64,8.313,13.672,3.719,0.906
