ROI,ImageID,Area,mCherry_Mean_rolling_background,DAPI_Mean,Nanog_Mean,mCherry_Mean
1,20X-Clon3-Indif-plusDox-D3-Foto3.tif,913,6.771,32.907,6.886,11.954
2,20X-Clon3-Indif-plusDox-D3-Foto3.tif,132,6.771,124.811,17.826,9.030
3,20X-Clon3-Indif-plusDox-D3-Foto3.tif,1964,6.771,37.895,5.662,36.520
4,20X-Clon3-Indif-plusDox-D3-Foto3.tif,534,6.771,54.966,8.736,18.300
5,20X-Clon3-Indif-plusDox-D3-Foto3.tif,957,6.771,34.393,5.700,16.597
6,20X-Clon3-Indif-plusDox-D3-Foto3.tif,604,6.771,28.013,6.293,37.247
7,20X-Clon3-Indif-plusDox-D3-Foto3.tif,644,6.771,32.289,9.323,53.371
8,20X-Clon3-Indif-plusDox-D3-Foto3.tif,563,6.771,57.838,72.085,0.835
9,20X-Clon3-Indif-plusDox-D3-Foto3.tif,789,6.771,46.359,76.028,1.370
10,20X-Clon3-Indif-plusDox-D3-Foto3.tif,757,6.771,21.756,7.136,47.886
11,20X-Clon3-Indif-plusDox-D3-Foto3.tif,173,6.771,117.994,32.688,1.150
12,20X-Clon3-Indif-plusDox-D3-Foto3.tif,591,6.771,31.190,12.190,9.418
13,20X-Clon3-Indif-plusDox-D3-Foto3.tif,718,6.771,41.694,10.304,9.975
14,20X-Clon3-Indif-plusDox-D3-Foto3.tif,474,6.771,33.759,7.776,24.530
15,20X-Clon3-Indif-plusDox-D3-Foto3.tif,922,6.771,41.828,5.243,42.170
16,20X-Clon3-Indif-plusDox-D3-Foto3.tif,518,6.771,40.023,38.886,2.678
17,20X-Clon3-Indif-plusDox-D3-Foto3.tif,1015,6.771,23.942,6.096,3.581
18,20X-Clon3-Indif-plusDox-D3-Foto3.tif,538,6.771,29.569,6.072,23.703
19,20X-Clon3-Indif-plusDox-D3-Foto3.tif,885,6.771,36.400,82.328,1.090
20,20X-Clon3-Indif-plusDox-D3-Foto3.tif,594,6.771,30.702,5.616,27.421
21,20X-Clon3-Indif-plusDox-D3-Foto3.tif,527,6.771,62.034,7.651,12.497
22,20X-Clon3-Indif-plusDox-D3-Foto3.tif,849,6.771,40.332,7.378,6.077
23,20X-Clon3-Indif-plusDox-D3-Foto3.tif,649,6.771,58.254,9.701,17.133
24,20X-Clon3-Indif-plusDox-D3-Foto3.tif,545,6.771,31.954,92.123,2.642
25,20X-Clon3-Indif-plusDox-D3-Foto3.tif,883,6.771,29.595,5.369,6.886
26,20X-Clon3-Indif-plusDox-D3-Foto3.tif,673,6.771,39.666,19.253,10.260
27,20X-Clon3-Indif-plusDox-D3-Foto3.tif,528,6.771,33.608,7.366,22.464
28,20X-Clon3-Indif-plusDox-D3-Foto3.tif,629,6.771,49.528,7.477,6.444
29,20X-Clon3-Indif-plusDox-D3-Foto3.tif,710,6.771,42.641,136.320,1.069
30,20X-Clon3-Indif-plusDox-D3-Foto3.tif,379,6.771,44.976,32.588,8.562
31,20X-Clon3-Indif-plusDox-D3-Foto3.tif,561,6.771,27.332,9.647,35.561
32,20X-Clon3-Indif-plusDox-D3-Foto3.tif,767,6.771,46.944,9.537,21.128
33,20X-Clon3-Indif-plusDox-D3-Foto3.tif,757,6.771,48.860,82.705,1.015
34,20X-Clon3-Indif-plusDox-D3-Foto3.tif,487,6.771,37.300,10.973,15.862
35,20X-Clon3-Indif-plusDox-D3-Foto3.tif,621,6.771,35.361,95.093,2.047
36,20X-Clon3-Indif-plusDox-D3-Foto3.tif,678,6.771,48.264,5.991,4.463
37,20X-Clon3-Indif-plusDox-D3-Foto3.tif,465,6.771,33.041,94.215,1.230
38,20X-Clon3-Indif-plusDox-D3-Foto3.tif,1116,6.771,30.043,161.106,1.637
39,20X-Clon3-Indif-plusDox-D3-Foto3.tif,105,6.771,56.162,13.619,3.371
40,20X-Clon3-Indif-plusDox-D3-Foto3.tif,628,6.771,49.188,91.604,0.965
41,20X-Clon3-Indif-plusDox-D3-Foto3.tif,435,6.771,38.823,33.120,1.614
42,20X-Clon3-Indif-plusDox-D3-Foto3.tif,630,6.771,49.751,7.638,17.170
43,20X-Clon3-Indif-plusDox-D3-Foto3.tif,824,6.771,45.990,5.104,36.981
44,20X-Clon3-Indif-plusDox-D3-Foto3.tif,571,6.771,28.464,6.595,10.005
45,20X-Clon3-Indif-plusDox-D3-Foto3.tif,476,6.771,34.973,7.618,23.502
46,20X-Clon3-Indif-plusDox-D3-Foto3.tif,624,6.771,52.037,91.030,1.266
47,20X-Clon3-Indif-plusDox-D3-Foto3.tif,572,6.771,57.091,7.294,6.472
48,20X-Clon3-Indif-plusDox-D3-Foto3.tif,580,6.771,27.209,7.219,5.922
49,20X-Clon3-Indif-plusDox-D3-Foto3.tif,526,6.771,29.203,74.367,4.099
50,20X-Clon3-Indif-plusDox-D3-Foto3.tif,353,6.771,49.960,13.921,21.453
51,20X-Clon3-Indif-plusDox-D3-Foto3.tif,550,6.771,52.045,64.204,2.604
52,20X-Clon3-Indif-plusDox-D3-Foto3.tif,618,6.771,36.324,7.251,15.089
53,20X-Clon3-Indif-plusDox-D3-Foto3.tif,510,6.771,30.212,53.112,2.206
54,20X-Clon3-Indif-plusDox-D3-Foto3.tif,687,6.771,36.512,14.479,9.061
55,20X-Clon3-Indif-plusDox-D3-Foto3.tif,557,6.771,27.224,6.454,15.873
56,20X-Clon3-Indif-plusDox-D3-Foto3.tif,680,6.771,47.344,119.628,1.282
57,20X-Clon3-Indif-plusDox-D3-Foto3.tif,513,6.771,65.407,96.158,3.361
58,20X-Clon3-Indif-plusDox-D3-Foto3.tif,103,6.771,99.456,14.398,3.981
59,20X-Clon3-Indif-plusDox-D3-Foto3.tif,506,6.771,67.160,49.399,5.941
60,20X-Clon3-Indif-plusDox-D3-Foto3.tif,1075,6.771,30.490,7.429,19.815
61,20X-Clon3-Indif-plusDox-D3-Foto3.tif,151,6.771,102.828,11.298,0.881
62,20X-Clon3-Indif-plusDox-D3-Foto3.tif,1039,6.771,31.799,8.136,3.739
63,20X-Clon3-Indif-plusDox-D3-Foto3.tif,641,6.771,27.869,7.368,25.733
64,20X-Clon3-Indif-plusDox-D3-Foto3.tif,442,6.771,38.014,10.986,27.192
65,20X-Clon3-Indif-plusDox-D3-Foto3.tif,561,6.771,46.526,65.529,5.150
66,20X-Clon3-Indif-plusDox-D3-Foto3.tif,612,6.771,50.158,114.814,1.708
67,20X-Clon3-Indif-plusDox-D3-Foto3.tif,484,6.771,56.337,39.105,5.390
68,20X-Clon3-Indif-plusDox-D3-Foto3.tif,517,6.771,34.959,84.551,4.263
69,20X-Clon3-Indif-plusDox-D3-Foto3.tif,352,6.771,48.301,61.884,3.528
70,20X-Clon3-Indif-plusDox-D3-Foto3.tif,803,6.771,40.558,10.457,3.934
71,20X-Clon3-Indif-plusDox-D3-Foto3.tif,559,6.771,57.043,114.773,1.191
72,20X-Clon3-Indif-plusDox-D3-Foto3.tif,404,6.771,41.233,6.502,56.946
73,20X-Clon3-Indif-plusDox-D3-Foto3.tif,465,6.771,33.527,7.751,21.757
74,20X-Clon3-Indif-plusDox-D3-Foto3.tif,587,6.771,61.646,14.876,13.540
75,20X-Clon3-Indif-plusDox-D3-Foto3.tif,623,6.771,40.610,64.682,2.522
76,20X-Clon3-Indif-plusDox-D3-Foto3.tif,723,6.771,23.268,6.259,38.433
77,20X-Clon3-Indif-plusDox-D3-Foto3.tif,623,6.771,28.819,7.135,28.343
78,20X-Clon3-Indif-plusDox-D3-Foto3.tif,438,6.771,35.934,111.249,1.235
79,20X-Clon3-Indif-plusDox-D3-Foto3.tif,549,6.771,50.512,47.863,8.587
80,20X-Clon3-Indif-plusDox-D3-Foto3.tif,748,6.771,37.241,76.957,3.430
81,20X-Clon3-Indif-plusDox-D3-Foto3.tif,387,6.771,47.556,98.899,2.207
82,20X-Clon3-Indif-plusDox-D3-Foto3.tif,744,6.771,42.550,7.802,19.958
83,20X-Clon3-Indif-plusDox-D3-Foto3.tif,849,6.771,38.241,6.131,6.647
84,20X-Clon3-Indif-plusDox-D3-Foto3.tif,279,6.771,61.036,11.022,25.731
85,20X-Clon3-Indif-plusDox-D3-Foto3.tif,400,6.771,46.685,111.220,3.502
86,20X-Clon3-Indif-plusDox-D3-Foto3.tif,628,6.771,46.580,48.753,2.745
87,20X-Clon3-Indif-plusDox-D3-Foto3.tif,670,6.771,33.439,6.125,4.167
88,20X-Clon3-Indif-plusDox-D3-Foto3.tif,504,6.771,35.708,41.802,5.175
89,20X-Clon3-Indif-plusDox-D3-Foto3.tif,410,6.771,40.671,67.698,1.166
90,20X-Clon3-Indif-plusDox-D3-Foto3.tif,649,6.771,31.470,85.151,1.749
91,20X-Clon3-Indif-plusDox-D3-Foto3.tif,414,6.771,40.399,54.053,3.565
92,20X-Clon3-Indif-plusDox-D3-Foto3.tif,172,6.771,65.773,10.500,6.628
93,20X-Clon3-Indif-plusDox-D3-Foto3.tif,420,6.771,36.005,80.857,1.107
94,20X-Clon3-Indif-plusDox-D3-Foto3.tif,474,6.771,39.359,11.283,10.310
95,20X-Clon3-Indif-plusDox-D3-Foto3.tif,402,6.771,45.032,126.771,1.729
96,20X-Clon3-Indif-plusDox-D3-Foto3.tif,598,6.771,27.214,5.890,6.259
97,20X-Clon3-Indif-plusDox-D3-Foto3.tif,179,6.771,71.229,6.950,10.156
98,20X-Clon3-Indif-plusDox-D3-Foto3.tif,529,6.771,52.647,109.291,1.552
99,20X-Clon3-Indif-plusDox-D3-Foto3.tif,390,6.771,45.431,107.651,1.821
100,20X-Clon3-Indif-plusDox-D3-Foto3.tif,536,6.771,33.942,5.552,49.205
101,20X-Clon3-Indif-plusDox-D3-Foto3.tif,1306,6.771,26.937,147.137,0.701
102,20X-Clon3-Indif-plusDox-D3-Foto3.tif,613,6.771,25.560,6.935,18.431
103,20X-Clon3-Indif-plusDox-D3-Foto3.tif,547,6.771,39.623,109.717,2.466
104,20X-Clon3-Indif-plusDox-D3-Foto3.tif,303,6.771,55.960,6.653,49.680
105,20X-Clon3-Indif-plusDox-D3-Foto3.tif,611,6.771,26.023,8.336,38.537
106,20X-Clon3-Indif-plusDox-D3-Foto3.tif,1597,6.771,38.686,91.379,6.612
107,20X-Clon3-Indif-plusDox-D3-Foto3.tif,400,6.771,45.703,53.322,3.792
108,20X-Clon3-Indif-plusDox-D3-Foto3.tif,394,6.771,44.543,8.952,7.711
109,20X-Clon3-Indif-plusDox-D3-Foto3.tif,412,6.771,49.177,80.896,2.102
110,20X-Clon3-Indif-plusDox-D3-Foto3.tif,334,6.771,52.838,116.410,5.479
111,20X-Clon3-Indif-plusDox-D3-Foto3.tif,381,6.771,47.690,8.564,17.089
112,20X-Clon3-Indif-plusDox-D3-Foto3.tif,804,6.771,43.918,136.512,4.280
113,20X-Clon3-Indif-plusDox-D3-Foto3.tif,519,6.771,62.453,87.534,1.191
114,20X-Clon3-Indif-plusDox-D3-Foto3.tif,421,6.771,33.558,7.219,18.703
115,20X-Clon3-Indif-plusDox-D3-Foto3.tif,421,6.771,35.069,9.040,22.197
116,20X-Clon3-Indif-plusDox-D3-Foto3.tif,327,6.771,71.312,112.037,2.153
117,20X-Clon3-Indif-plusDox-D3-Foto3.tif,464,6.771,33.274,51.784,1.543
118,20X-Clon3-Indif-plusDox-D3-Foto3.tif,179,6.771,134.972,30.212,6.173
119,20X-Clon3-Indif-plusDox-D3-Foto3.tif,476,6.771,34.613,7.103,29.668
120,20X-Clon3-Indif-plusDox-D3-Foto3.tif,745,6.771,50.024,22.823,5.756
121,20X-Clon3-Indif-plusDox-D3-Foto3.tif,496,6.771,43.413,165.141,7.601
122,20X-Clon3-Indif-plusDox-D3-Foto3.tif,206,6.771,88.286,41.136,2.180
123,20X-Clon3-Indif-plusDox-D3-Foto3.tif,808,6.771,40.933,21.824,5.429
124,20X-Clon3-Indif-plusDox-D3-Foto3.tif,462,6.771,31.253,6.885,16.130
125,20X-Clon3-Indif-plusDox-D3-Foto3.tif,539,6.771,35.200,31.341,4.299
126,20X-Clon3-Indif-plusDox-D3-Foto3.tif,837,6.771,44.605,9.786,16.945
127,20X-Clon3-Indif-plusDox-D3-Foto3.tif,566,6.771,57.398,122.850,1.443
128,20X-Clon3-Indif-plusDox-D3-Foto3.tif,77,6.771,71.169,9.390,13.740
129,20X-Clon3-Indif-plusDox-D3-Foto3.tif,567,6.771,31.838,6.076,20.247
130,20X-Clon3-Indif-plusDox-D3-Foto3.tif,439,6.771,34.519,5.772,8.859
131,20X-Clon3-Indif-plusDox-D3-Foto3.tif,571,6.771,28.468,6.688,17.863
132,20X-Clon3-Indif-plusDox-D3-Foto3.tif,311,6.771,54.814,28.543,12.344
133,20X-Clon3-Indif-plusDox-D3-Foto3.tif,690,6.771,50.930,87.030,1.057
134,20X-Clon3-Indif-plusDox-D3-Foto3.tif,430,6.771,46.951,15.221,41.858
135,20X-Clon3-Indif-plusDox-D3-Foto3.tif,425,6.771,96.800,45.624,12.501
136,20X-Clon3-Indif-plusDox-D3-Foto3.tif,514,6.771,30.914,7.006,19.399
137,20X-Clon3-Indif-plusDox-D3-Foto3.tif,289,6.771,49.211,106.533,5.010
138,20X-Clon3-Indif-plusDox-D3-Foto3.tif,453,6.771,35.146,6.377,25.015
139,20X-Clon3-Indif-plusDox-D3-Foto3.tif,502,6.771,29.050,7.217,5.396
140,20X-Clon3-Indif-plusDox-D3-Foto3.tif,402,6.771,46.963,5.876,52.826
141,20X-Clon3-Indif-plusDox-D3-Foto3.tif,362,6.771,81.221,13.669,12.011
142,20X-Clon3-Indif-plusDox-D3-Foto3.tif,397,6.771,53.625,12.287,7.312
143,20X-Clon3-Indif-plusDox-D3-Foto3.tif,353,6.771,46.921,42.589,2.683
144,20X-Clon3-Indif-plusDox-D3-Foto3.tif,365,6.771,42.912,7.929,10.356
145,20X-Clon3-Indif-plusDox-D3-Foto3.tif,426,6.771,40.838,5.967,30.648
146,20X-Clon3-Indif-plusDox-D3-Foto3.tif,459,6.771,36.850,45.410,3.974
147,20X-Clon3-Indif-plusDox-D3-Foto3.tif,563,6.771,39.588,27.783,2.314
148,20X-Clon3-Indif-plusDox-D3-Foto3.tif,477,6.771,50.480,119.270,7.583
149,20X-Clon3-Indif-plusDox-D3-Foto3.tif,544,6.771,31.857,123.991,2.250
150,20X-Clon3-Indif-plusDox-D3-Foto3.tif,422,6.771,37.237,63.038,1.678
151,20X-Clon3-Indif-plusDox-D3-Foto3.tif,1097,6.771,36.104,31.764,6.510
152,20X-Clon3-Indif-plusDox-D3-Foto3.tif,477,6.771,36.176,5.734,40.153
153,20X-Clon3-Indif-plusDox-D3-Foto3.tif,350,6.771,43.969,137.463,1.317
154,20X-Clon3-Indif-plusDox-D3-Foto3.tif,775,6.771,23.524,5.617,15.155
155,20X-Clon3-Indif-plusDox-D3-Foto3.tif,788,6.771,20.844,5.495,13.676
156,20X-Clon3-Indif-plusDox-D3-Foto3.tif,611,6.771,46.339,6.964,22.440
157,20X-Clon3-Indif-plusDox-D3-Foto3.tif,579,6.771,38.706,6.453,5.472
158,20X-Clon3-Indif-plusDox-D3-Foto3.tif,379,6.771,39.433,8.288,9.776
159,20X-Clon3-Indif-plusDox-D3-Foto3.tif,354,6.771,41.472,9.319,19.387
160,20X-Clon3-Indif-plusDox-D3-Foto3.tif,588,6.771,28.957,7.056,26.012
161,20X-Clon3-Indif-plusDox-D3-Foto3.tif,398,6.771,43.193,52.442,5.857
162,20X-Clon3-Indif-plusDox-D3-Foto3.tif,426,6.771,52.331,12.028,12.136
163,20X-Clon3-Indif-plusDox-D3-Foto3.tif,357,6.771,62.255,73.571,3.263
164,20X-Clon3-Indif-plusDox-D3-Foto3.tif,419,6.771,42.246,5.773,26.282
165,20X-Clon3-Indif-plusDox-D3-Foto3.tif,309,6.771,59.673,32.712,11.146
166,20X-Clon3-Indif-plusDox-D3-Foto3.tif,623,6.771,51.472,12.072,5.705
167,20X-Clon3-Indif-plusDox-D3-Foto3.tif,81,6.771,72.519,10.790,14.494
168,20X-Clon3-Indif-plusDox-D3-Foto3.tif,612,6.771,56.801,106.131,2.180
169,20X-Clon3-Indif-plusDox-D3-Foto3.tif,518,6.771,39.359,6.853,15.637
170,20X-Clon3-Indif-plusDox-D3-Foto3.tif,439,6.771,63.219,9.736,43.282
171,20X-Clon3-Indif-plusDox-D3-Foto3.tif,759,6.771,27.946,5.827,14.877
172,20X-Clon3-Indif-plusDox-D3-Foto3.tif,679,6.771,53.078,83.062,1.194
173,20X-Clon3-Indif-plusDox-D3-Foto3.tif,1253,6.771,30.519,8.200,51.052
174,20X-Clon3-Indif-plusDox-D3-Foto3.tif,375,6.771,43.221,29.872,7.880
175,20X-Clon3-Indif-plusDox-D3-Foto3.tif,427,6.771,38.684,6.525,7.333
176,20X-Clon3-Indif-plusDox-D3-Foto3.tif,427,6.771,38.288,6.906,16.583
177,20X-Clon3-Indif-plusDox-D3-Foto3.tif,575,6.771,52.353,8.016,17.713
178,20X-Clon3-Indif-plusDox-D3-Foto3.tif,403,6.771,63.970,10.998,10.072
179,20X-Clon3-Indif-plusDox-D3-Foto3.tif,131,6.771,88.099,7.718,7.534
180,20X-Clon3-Indif-plusDox-D3-Foto3.tif,377,6.771,44.013,12.183,17.133
181,20X-Clon3-Indif-plusDox-D3-Foto3.tif,435,6.771,99.014,182.533,1.832
182,20X-Clon3-Indif-plusDox-D3-Foto3.tif,325,6.771,51.338,166.037,1.855
183,20X-Clon3-Indif-plusDox-D3-Foto3.tif,369,6.771,51.306,151.485,4.556
184,20X-Clon3-Indif-plusDox-D3-Foto3.tif,455,6.771,70.701,9.325,13.978
185,20X-Clon3-Indif-plusDox-D3-Foto3.tif,610,6.771,28.346,76.928,2.105
186,20X-Clon3-Indif-plusDox-D3-Foto3.tif,618,6.771,22.175,6.257,32.228
187,20X-Clon3-Indif-plusDox-D3-Foto3.tif,231,6.771,13.190,16.273,4.411
188,20X-Clon3-Indif-plusDox-D3-Foto3.tif,73,6.771,85.096,9.740,12.699
189,20X-Clon3-Indif-plusDox-D3-Foto3.tif,350,6.771,49.460,7.580,21.054
190,20X-Clon3-Indif-plusDox-D3-Foto3.tif,127,6.771,62.685,14.039,5.378
191,20X-Clon3-Indif-plusDox-D3-Foto3.tif,392,6.771,50.288,66.875,3.140
192,20X-Clon3-Indif-plusDox-D3-Foto3.tif,579,6.771,29.950,7.641,21.636
193,20X-Clon3-Indif-plusDox-D3-Foto3.tif,492,6.771,56.146,83.628,3.746
194,20X-Clon3-Indif-plusDox-D3-Foto3.tif,471,6.771,32.414,6.168,13.208
195,20X-Clon3-Indif-plusDox-D3-Foto3.tif,631,6.771,25.978,38.675,2.277
196,20X-Clon3-Indif-plusDox-D3-Foto3.tif,495,6.771,47.147,19.701,33.764
197,20X-Clon3-Indif-plusDox-D3-Foto3.tif,818,6.771,19.938,7.127,50.315
198,20X-Clon3-Indif-plusDox-D3-Foto3.tif,361,6.771,43.263,13.199,11.039
199,20X-Clon3-Indif-plusDox-D3-Foto3.tif,510,6.771,34.667,6.375,23.171
200,20X-Clon3-Indif-plusDox-D3-Foto3.tif,239,6.771,67.293,7.946,55.937
201,20X-Clon3-Indif-plusDox-D3-Foto3.tif,333,6.771,12.721,7.712,32.775
202,20X-Clon3-Indif-plusDox-D3-Foto3.tif,425,6.771,37.012,37.736,5.000
203,20X-Clon3-Indif-plusDox-D3-Foto3.tif,530,6.771,45.696,11.383,13.896
204,20X-Clon3-Indif-plusDox-D3-Foto3.tif,511,6.771,37.483,5.800,58.734
205,20X-Clon3-Indif-plusDox-D3-Foto3.tif,314,6.771,48.771,7.583,25.943
206,20X-Clon3-Indif-plusDox-D3-Foto3.tif,589,6.771,24.357,5.672,14.443
207,20X-Clon3-Indif-plusDox-D3-Foto3.tif,248,6.771,35.367,26.964,6.552
208,20X-Clon3-Indif-plusDox-D3-Foto3.tif,408,6.771,42.120,10.635,4.539
209,20X-Clon3-Indif-plusDox-D3-Foto3.tif,374,6.771,41.693,6.698,7.385
210,20X-Clon3-Indif-plusDox-D3-Foto3.tif,303,6.771,51.413,21.640,8.211
211,20X-Clon3-Indif-plusDox-D3-Foto3.tif,703,6.771,47.788,7.442,13.118
212,20X-Clon3-Indif-plusDox-D3-Foto3.tif,589,6.771,53.599,14.932,5.499
213,20X-Clon3-Indif-plusDox-D3-Foto3.tif,415,6.771,37.065,6.335,19.614
214,20X-Clon3-Indif-plusDox-D3-Foto3.tif,243,6.771,46.490,6.510,70.169
215,20X-Clon3-Indif-plusDox-D3-Foto3.tif,316,6.771,54.323,14.639,9.725
216,20X-Clon3-Indif-plusDox-D3-Foto3.tif,367,6.771,28.796,27.417,4.518
217,20X-Clon3-Indif-plusDox-D3-Foto3.tif,348,6.771,68.417,17.523,8.851
218,20X-Clon3-Indif-plusDox-D3-Foto3.tif,247,6.771,44.174,41.130,5.437
219,20X-Clon3-Indif-plusDox-D3-Foto3.tif,732,6.771,63.537,6.790,99.380
220,20X-Clon3-Indif-plusDox-D3-Foto3.tif,518,6.771,30.208,6.421,8.737
221,20X-Clon3-Indif-plusDox-D3-Foto3.tif,514,6.771,35.401,8.346,15.360
222,20X-Clon3-Indif-plusDox-D3-Foto3.tif,403,6.771,43.658,6.633,58.851
223,20X-Clon3-Indif-plusDox-D3-Foto3.tif,268,6.771,114.896,69.530,11.660
224,20X-Clon3-Indif-plusDox-D3-Foto3.tif,868,6.771,16.078,6.811,43.177
225,20X-Clon3-Indif-plusDox-D3-Foto3.tif,115,6.771,85.852,10.591,4.765
226,20X-Clon3-Indif-plusDox-D3-Foto3.tif,707,6.771,23.694,6.727,16.158
227,20X-Clon3-Indif-plusDox-D3-Foto3.tif,407,6.771,41.604,9.848,18.710
228,20X-Clon3-Indif-plusDox-D3-Foto3.tif,332,6.771,65.961,52.163,7.410
229,20X-Clon3-Indif-plusDox-D3-Foto3.tif,397,6.771,40.043,5.642,7.778
230,20X-Clon3-Indif-plusDox-D3-Foto3.tif,361,6.771,41.363,7.227,21.817
231,20X-Clon3-Indif-plusDox-D3-Foto3.tif,475,6.771,37.585,6.956,28.697
232,20X-Clon3-Indif-plusDox-D3-Foto3.tif,466,6.771,47.942,82.944,2.689
233,20X-Clon3-Indif-plusDox-D3-Foto3.tif,747,6.771,43.387,7.620,18.795
234,20X-Clon3-Indif-plusDox-D3-Foto3.tif,434,6.771,53.000,121.346,3.030
235,20X-Clon3-Indif-plusDox-D3-Foto3.tif,522,6.771,33.473,7.255,22.105
236,20X-Clon3-Indif-plusDox-D3-Foto3.tif,458,6.771,39.334,9.417,14.472
237,20X-Clon3-Indif-plusDox-D3-Foto3.tif,338,6.771,52.482,56.222,2.716
238,20X-Clon3-Indif-plusDox-D3-Foto3.tif,1840,6.771,37.130,201.130,1.367
239,20X-Clon3-Indif-plusDox-D3-Foto3.tif,88,6.771,83.977,11.330,6.557
240,20X-Clon3-Indif-plusDox-D3-Foto3.tif,337,6.771,56.902,32.427,6.588
241,20X-Clon3-Indif-plusDox-D3-Foto3.tif,462,6.771,72.931,18.006,6.312
242,20X-Clon3-Indif-plusDox-D3-Foto3.tif,633,6.771,37.927,31.752,4.629
243,20X-Clon3-Indif-plusDox-D3-Foto3.tif,425,6.771,37.529,136.471,2.094
244,20X-Clon3-Indif-plusDox-D3-Foto3.tif,356,6.771,54.160,6.629,52.702
245,20X-Clon3-Indif-plusDox-D3-Foto3.tif,388,6.771,78.459,214.577,1.899
246,20X-Clon3-Indif-plusDox-D3-Foto3.tif,284,6.771,45.222,71.102,6.535
247,20X-Clon3-Indif-plusDox-D3-Foto3.tif,384,6.771,48.362,146.117,3.083
248,20X-Clon3-Indif-plusDox-D3-Foto3.tif,625,6.771,72.110,78.134,7.314
249,20X-Clon3-Indif-plusDox-D3-Foto3.tif,677,6.771,43.709,153.371,3.312
250,20X-Clon3-Indif-plusDox-D3-Foto3.tif,145,6.771,107.179,14.752,4.979
251,20X-Clon3-Indif-plusDox-D3-Foto3.tif,477,6.771,37.704,8.218,18.929
252,20X-Clon3-Indif-plusDox-D3-Foto3.tif,326,6.771,62.387,9.417,30.307
253,20X-Clon3-Indif-plusDox-D3-Foto3.tif,515,6.771,38.499,5.821,52.445
254,20X-Clon3-Indif-plusDox-D3-Foto3.tif,478,6.771,50.709,145.828,1.471
255,20X-Clon3-Indif-plusDox-D3-Foto3.tif,327,6.771,52.976,74.801,2.226
256,20X-Clon3-Indif-plusDox-D3-Foto3.tif,874,6.771,39.693,201.799,2.009
257,20X-Clon3-Indif-plusDox-D3-Foto3.tif,241,6.771,38.008,6.270,18.129
258,20X-Clon3-Indif-plusDox-D3-Foto3.tif,180,6.771,80.967,12.456,6.300
259,20X-Clon3-Indif-plusDox-D3-Foto3.tif,81,6.771,76.506,4.580,1.420
260,20X-Clon3-Indif-plusDox-D3-Foto3.tif,325,6.771,55.683,15.622,17.782
261,20X-Clon3-Indif-plusDox-D3-Foto3.tif,275,6.771,43.989,6.476,40.662
262,20X-Clon3-Indif-plusDox-D3-Foto3.tif,238,6.771,62.937,14.903,51.664
263,20X-Clon3-Indif-plusDox-D3-Foto3.tif,528,6.771,39.494,96.180,1.580
264,20X-Clon3-Indif-plusDox-D3-Foto3.tif,70,6.771,59.300,16.414,1.857
265,20X-Clon3-Indif-plusDox-D3-Foto3.tif,323,6.771,43.043,10.690,11.415
266,20X-Clon3-Indif-plusDox-D3-Foto3.tif,640,6.771,51.986,7.609,25.252
267,20X-Clon3-Indif-plusDox-D3-Foto3.tif,378,6.771,40.302,9.862,10.302
268,20X-Clon3-Indif-plusDox-D3-Foto3.tif,268,6.771,38.563,7.097,35.015
269,20X-Clon3-Indif-plusDox-D3-Foto3.tif,403,6.771,42.208,116.109,2.409
270,20X-Clon3-Indif-plusDox-D3-Foto3.tif,114,6.771,118.711,105.219,9.018
271,20X-Clon3-Indif-plusDox-D3-Foto3.tif,154,6.771,61.240,12.292,19.578
272,20X-Clon3-Indif-plusDox-D3-Foto3.tif,310,6.771,22.516,4.855,2.784
273,20X-Clon3-Indif-plusDox-D3-Foto3.tif,386,6.771,42.181,8.500,36.479
274,20X-Clon3-Indif-plusDox-D3-Foto3.tif,195,6.771,43.487,46.426,5.595
275,20X-Clon3-Indif-plusDox-D3-Foto3.tif,92,6.771,39.946,86.717,5.522
276,20X-Clon3-Indif-plusDox-D3-Foto3.tif,564,6.771,41.342,29.816,4.603
277,20X-Clon3-Indif-plusDox-D3-Foto3.tif,248,6.771,33.335,7.085,25.476
278,20X-Clon3-Indif-plusDox-D3-Foto3.tif,211,6.771,61.289,13.877,13.962
279,20X-Clon3-Indif-plusDox-D3-Foto3.tif,602,6.771,38.309,6.271,29.053
280,20X-Clon3-Indif-plusDox-D3-Foto3.tif,87,6.771,63.816,16.793,2.517
281,20X-Clon3-Indif-plusDox-D3-Foto3.tif,325,6.771,50.935,7.418,64.554
282,20X-Clon3-Indif-plusDox-D3-Foto3.tif,363,6.771,47.675,7.212,35.617
283,20X-Clon3-Indif-plusDox-D3-Foto3.tif,428,6.771,35.425,7.150,14.393
284,20X-Clon3-Indif-plusDox-D3-Foto3.tif,132,6.771,86.788,49.614,7.174
285,20X-Clon3-Indif-plusDox-D3-Foto3.tif,184,6.771,115.783,10.370,33.821
286,20X-Clon3-Indif-plusDox-D3-Foto3.tif,86,6.771,35.000,14.523,8.000
287,20X-Clon3-Indif-plusDox-D3-Foto3.tif,450,6.771,32.953,55.513,2.489
288,20X-Clon3-Indif-plusDox-D3-Foto3.tif,315,6.771,41.044,44.117,6.194
289,20X-Clon3-Indif-plusDox-D3-Foto3.tif,294,6.771,31.313,6.643,15.211
290,20X-Clon3-Indif-plusDox-D3-Foto3.tif,370,6.771,76.768,14.422,7.500
291,20X-Clon3-Indif-plusDox-D3-Foto3.tif,213,6.771,54.784,18.009,13.282
292,20X-Clon3-Indif-plusDox-D3-Foto3.tif,593,6.771,29.465,5.749,12.530
293,20X-Clon3-Indif-plusDox-D3-Foto3.tif,320,6.771,27.609,8.206,28.803
294,20X-Clon3-Indif-plusDox-D3-Foto3.tif,307,6.771,85.055,11.303,64.010
295,20X-Clon3-Indif-plusDox-D3-Foto3.tif,652,6.771,41.567,6.442,47.713
296,20X-Clon3-Indif-plusDox-D3-Foto3.tif,48,6.771,44.375,7.083,14.271
297,20X-Clon3-Indif-plusDox-D3-Foto3.tif,84,6.771,63.595,9.167,25.500
298,20X-Clon3-Indif-plusDox-D3-Foto3.tif,287,6.771,35.174,6.192,25.456
299,20X-Clon3-Indif-plusDox-D3-Foto3.tif,405,6.771,36.341,19.190,3.538
300,20X-Clon3-Indif-plusDox-D3-Foto3.tif,100,6.771,60.510,16.700,3.460
301,20X-Clon3-Indif-plusDox-D3-Foto3.tif,45,6.771,83.267,5.089,3.711
302,20X-Clon3-Indif-plusDox-D3-Foto3.tif,55,6.771,41.036,8.473,10.164
303,20X-Clon3-Indif-plusDox-D3-Foto3.tif,116,6.771,63.776,11.397,37.845
304,20X-Clon3-Indif-plusDox-D3-Foto3.tif,147,6.771,42.361,17.286,13.741
305,20X-Clon3-Indif-plusDox-D3-Foto3.tif,407,6.771,44.219,27.150,5.079
306,20X-Clon3-Indif-plusDox-D3-Foto3.tif,283,6.771,96.689,10.986,33.788
307,20X-Clon3-Indif-plusDox-D3-Foto3.tif,44,6.771,28.818,8.455,3.909
308,20X-Clon3-Indif-plusDox-D3-Foto3.tif,234,6.771,62.556,13.983,41.389
309,20X-Clon3-Indif-plusDox-D3-Foto3.tif,154,6.771,33.409,11.714,5.623
310,20X-Clon3-Indif-plusDox-D3-Foto3.tif,212,6.771,52.467,10.896,4.778
311,20X-Clon3-Indif-plusDox-D3-Foto3.tif,482,6.771,41.429,28.610,3.705
312,20X-Clon3-Indif-plusDox-D3-Foto3.tif,66,6.771,49.106,10.515,5.136
313,20X-Clon3-Indif-plusDox-D3-Foto3.tif,55,6.771,42.364,10.782,3.655
314,20X-Clon3-Indif-plusDox-D3-Foto3.tif,45,6.771,42.378,11.867,21.067
315,20X-Clon3-Indif-plusDox-D3-Foto3.tif,345,6.771,57.765,123.948,2.803
316,20X-Clon3-Indif-plusDox-D3-Foto3.tif,318,6.771,71.088,7.453,84.494
317,20X-Clon3-Indif-plusDox-D3-Foto3.tif,529,6.771,64.522,149.473,4.070
318,20X-Clon3-Indif-plusDox-D3-Foto3.tif,139,6.771,31.137,15.640,1.935
319,20X-Clon3-Indif-plusDox-D3-Foto3.tif,53,6.771,31.755,17.623,13.943
320,20X-Clon3-Indif-plusDox-D3-Foto3.tif,85,6.771,48.000,12.282,9.812
321,20X-Clon3-Indif-plusDox-D3-Foto3.tif,49,6.771,16.898,6.388,5.102
322,20X-Clon3-Indif-plusDox-D3-Foto3.tif,37,6.771,32.054,5.135,1.703
323,20X-Clon3-Indif-plusDox-D3-Foto3.tif,53,6.771,32.585,14.566,13.830
324,20X-Clon3-Indif-plusDox-D3-Foto3.tif,329,6.771,54.167,84.362,0.927
