ROI,ImageID,Area,mCherry_Mean_rolling_background,DAPI_Mean,Nanog_Mean,mCherry_Mean
1,20X-Clon3-Indif-minusDox-D0-Foto2.tif,1262,6.749,61.800,79.475,1.231
2,20X-Clon3-Indif-minusDox-D0-Foto2.tif,802,6.749,55.545,52.848,0.796
3,20X-Clon3-Indif-minusDox-D0-Foto2.tif,565,6.749,50.225,58.667,1.060
4,20X-Clon3-Indif-minusDox-D0-Foto2.tif,810,6.749,51.453,94.157,1.168
5,20X-Clon3-Indif-minusDox-D0-Foto2.tif,814,6.749,52.198,45.041,0.882
6,20X-Clon3-Indif-minusDox-D0-Foto2.tif,586,6.749,58.345,65.324,0.319
7,20X-Clon3-Indif-minusDox-D0-Foto2.tif,1475,6.749,49.092,37.136,1.161
8,20X-Clon3-Indif-minusDox-D0-Foto2.tif,1266,6.749,72.028,104.031,1.018
9,20X-Clon3-Indif-minusDox-D0-Foto2.tif,720,6.749,59.075,73.846,1.047
10,20X-Clon3-Indif-minusDox-D0-Foto2.tif,789,6.749,59.876,67.160,0.471
11,20X-Clon3-Indif-minusDox-D0-Foto2.tif,664,6.749,54.482,83.541,1.405
12,20X-Clon3-Indif-minusDox-D0-Foto2.tif,477,6.749,45.182,100.992,0.918
13,20X-Clon3-Indif-minusDox-D0-Foto2.tif,612,6.749,43.134,44.503,1.552
14,20X-Clon3-Indif-minusDox-D0-Foto2.tif,629,6.749,58.766,75.256,1.591
15,20X-Clon3-Indif-minusDox-D0-Foto2.tif,841,6.749,54.962,78.913,0.571
16,20X-Clon3-Indif-minusDox-D0-Foto2.tif,736,6.749,72.155,77.558,0.914
17,20X-Clon3-Indif-minusDox-D0-Foto2.tif,523,6.749,45.658,67.719,0.836
18,20X-Clon3-Indif-minusDox-D0-Foto2.tif,625,6.749,61.930,75.438,1.243
19,20X-Clon3-Indif-minusDox-D0-Foto2.tif,478,6.749,105.408,29.454,0.579
20,20X-Clon3-Indif-minusDox-D0-Foto2.tif,386,6.749,54.904,46.311,1.415
21,20X-Clon3-Indif-minusDox-D0-Foto2.tif,676,6.749,73.013,87.791,0.462
22,20X-Clon3-Indif-minusDox-D0-Foto2.tif,931,6.749,49.133,100.001,1.185
23,20X-Clon3-Indif-minusDox-D0-Foto2.tif,726,6.749,62.930,133.350,1.442
24,20X-Clon3-Indif-minusDox-D0-Foto2.tif,656,6.749,61.550,71.232,1.311
25,20X-Clon3-Indif-minusDox-D0-Foto2.tif,858,6.749,56.361,81.854,0.969
26,20X-Clon3-Indif-minusDox-D0-Foto2.tif,781,6.749,61.599,180.000,0.359
27,20X-Clon3-Indif-minusDox-D0-Foto2.tif,628,6.749,69.618,76.852,1.024
28,20X-Clon3-Indif-minusDox-D0-Foto2.tif,598,6.749,45.911,77.836,0.528
29,20X-Clon3-Indif-minusDox-D0-Foto2.tif,378,6.749,55.976,113.188,1.638
30,20X-Clon3-Indif-minusDox-D0-Foto2.tif,660,6.749,53.112,53.452,1.053
31,20X-Clon3-Indif-minusDox-D0-Foto2.tif,450,6.749,50.904,137.587,1.451
32,20X-Clon3-Indif-minusDox-D0-Foto2.tif,348,6.749,60.629,145.445,1.132
33,20X-Clon3-Indif-minusDox-D0-Foto2.tif,690,6.749,65.923,67.862,0.859
34,20X-Clon3-Indif-minusDox-D0-Foto2.tif,694,6.749,67.944,93.507,0.549
35,20X-Clon3-Indif-minusDox-D0-Foto2.tif,630,6.749,65.579,75.495,1.644
36,20X-Clon3-Indif-minusDox-D0-Foto2.tif,517,6.749,77.456,97.248,0.702
37,20X-Clon3-Indif-minusDox-D0-Foto2.tif,775,6.749,58.990,70.462,1.471
38,20X-Clon3-Indif-minusDox-D0-Foto2.tif,632,6.749,67.351,109.541,1.704
39,20X-Clon3-Indif-minusDox-D0-Foto2.tif,574,6.749,39.455,116.376,1.040
40,20X-Clon3-Indif-minusDox-D0-Foto2.tif,484,6.749,47.713,78.159,1.779
41,20X-Clon3-Indif-minusDox-D0-Foto2.tif,610,6.749,69.710,106.674,0.700
42,20X-Clon3-Indif-minusDox-D0-Foto2.tif,674,6.749,50.309,50.791,1.233
43,20X-Clon3-Indif-minusDox-D0-Foto2.tif,502,6.749,75.524,32.267,1.608
44,20X-Clon3-Indif-minusDox-D0-Foto2.tif,553,6.749,39.371,75.964,1.226
45,20X-Clon3-Indif-minusDox-D0-Foto2.tif,598,6.749,51.119,58.214,0.890
46,20X-Clon3-Indif-minusDox-D0-Foto2.tif,496,6.749,55.806,76.405,0.982
47,20X-Clon3-Indif-minusDox-D0-Foto2.tif,473,6.749,47.262,72.023,1.188
48,20X-Clon3-Indif-minusDox-D0-Foto2.tif,469,6.749,59.256,65.610,1.352
49,20X-Clon3-Indif-minusDox-D0-Foto2.tif,524,6.749,47.124,77.412,1.023
50,20X-Clon3-Indif-minusDox-D0-Foto2.tif,640,6.749,69.167,53.553,0.653
51,20X-Clon3-Indif-minusDox-D0-Foto2.tif,705,6.749,59.475,125.960,0.837
52,20X-Clon3-Indif-minusDox-D0-Foto2.tif,668,6.749,56.657,64.814,1.286
53,20X-Clon3-Indif-minusDox-D0-Foto2.tif,494,6.749,43.350,72.996,1.334
54,20X-Clon3-Indif-minusDox-D0-Foto2.tif,715,6.749,59.573,116.600,1.362
55,20X-Clon3-Indif-minusDox-D0-Foto2.tif,560,6.749,66.141,110.979,1.837
56,20X-Clon3-Indif-minusDox-D0-Foto2.tif,447,6.749,44.868,61.257,1.716
57,20X-Clon3-Indif-minusDox-D0-Foto2.tif,326,6.749,77.138,49.466,0.782
58,20X-Clon3-Indif-minusDox-D0-Foto2.tif,638,6.749,53.817,80.588,1.497
59,20X-Clon3-Indif-minusDox-D0-Foto2.tif,506,6.749,92.447,67.512,0.443
60,20X-Clon3-Indif-minusDox-D0-Foto2.tif,1295,6.749,54.703,78.395,1.814
61,20X-Clon3-Indif-minusDox-D0-Foto2.tif,833,6.749,51.896,50.053,1.462
62,20X-Clon3-Indif-minusDox-D0-Foto2.tif,629,6.749,74.536,85.409,1.521
63,20X-Clon3-Indif-minusDox-D0-Foto2.tif,659,6.749,54.788,96.724,1.480
64,20X-Clon3-Indif-minusDox-D0-Foto2.tif,704,6.749,53.520,78.384,0.960
65,20X-Clon3-Indif-minusDox-D0-Foto2.tif,515,6.749,46.765,62.231,0.918
66,20X-Clon3-Indif-minusDox-D0-Foto2.tif,565,6.749,79.949,87.349,1.032
67,20X-Clon3-Indif-minusDox-D0-Foto2.tif,147,6.749,114.939,18.340,2.088
68,20X-Clon3-Indif-minusDox-D0-Foto2.tif,527,6.749,33.389,56.708,1.006
69,20X-Clon3-Indif-minusDox-D0-Foto2.tif,512,6.749,60.246,140.848,1.279
70,20X-Clon3-Indif-minusDox-D0-Foto2.tif,540,6.749,71.574,110.998,1.409
71,20X-Clon3-Indif-minusDox-D0-Foto2.tif,527,6.749,53.634,61.751,0.958
72,20X-Clon3-Indif-minusDox-D0-Foto2.tif,599,6.749,65.649,67.833,0.933
73,20X-Clon3-Indif-minusDox-D0-Foto2.tif,254,6.749,61.862,65.925,1.913
74,20X-Clon3-Indif-minusDox-D0-Foto2.tif,295,6.749,59.410,53.393,1.559
75,20X-Clon3-Indif-minusDox-D0-Foto2.tif,569,6.749,54.346,65.439,1.072
76,20X-Clon3-Indif-minusDox-D0-Foto2.tif,436,6.749,54.534,65.528,0.739
77,20X-Clon3-Indif-minusDox-D0-Foto2.tif,532,6.749,43.921,48.098,1.081
78,20X-Clon3-Indif-minusDox-D0-Foto2.tif,805,6.749,58.101,74.191,1.586
79,20X-Clon3-Indif-minusDox-D0-Foto2.tif,371,6.749,57.663,75.822,1.367
80,20X-Clon3-Indif-minusDox-D0-Foto2.tif,647,6.749,63.750,96.590,1.297
81,20X-Clon3-Indif-minusDox-D0-Foto2.tif,513,6.749,72.975,109.503,1.503
82,20X-Clon3-Indif-minusDox-D0-Foto2.tif,360,6.749,53.706,125.681,1.931
83,20X-Clon3-Indif-minusDox-D0-Foto2.tif,419,6.749,51.453,78.835,0.866
84,20X-Clon3-Indif-minusDox-D0-Foto2.tif,470,6.749,43.785,72.596,1.553
85,20X-Clon3-Indif-minusDox-D0-Foto2.tif,422,6.749,86.443,43.713,1.569
86,20X-Clon3-Indif-minusDox-D0-Foto2.tif,668,6.749,68.094,87.085,1.654
87,20X-Clon3-Indif-minusDox-D0-Foto2.tif,555,6.749,82.809,81.169,1.490
88,20X-Clon3-Indif-minusDox-D0-Foto2.tif,542,6.749,68.024,84.673,1.542
89,20X-Clon3-Indif-minusDox-D0-Foto2.tif,666,6.749,65.032,59.309,0.820
90,20X-Clon3-Indif-minusDox-D0-Foto2.tif,732,6.749,65.374,84.974,1.366
91,20X-Clon3-Indif-minusDox-D0-Foto2.tif,462,6.749,50.883,63.662,1.496
92,20X-Clon3-Indif-minusDox-D0-Foto2.tif,478,6.749,51.178,98.958,0.952
93,20X-Clon3-Indif-minusDox-D0-Foto2.tif,361,6.749,58.227,143.039,1.316
94,20X-Clon3-Indif-minusDox-D0-Foto2.tif,512,6.749,68.971,82.777,1.910
95,20X-Clon3-Indif-minusDox-D0-Foto2.tif,543,6.749,69.418,74.438,1.011
96,20X-Clon3-Indif-minusDox-D0-Foto2.tif,1065,6.749,72.260,107.260,1.417
97,20X-Clon3-Indif-minusDox-D0-Foto2.tif,379,6.749,53.631,61.654,1.557
98,20X-Clon3-Indif-minusDox-D0-Foto2.tif,613,6.749,46.424,59.711,1.121
99,20X-Clon3-Indif-minusDox-D0-Foto2.tif,628,6.749,45.884,53.113,1.062
100,20X-Clon3-Indif-minusDox-D0-Foto2.tif,722,6.749,50.965,50.537,0.922
101,20X-Clon3-Indif-minusDox-D0-Foto2.tif,478,6.749,52.538,88.207,0.801
102,20X-Clon3-Indif-minusDox-D0-Foto2.tif,524,6.749,79.214,130.437,1.721
103,20X-Clon3-Indif-minusDox-D0-Foto2.tif,523,6.749,64.379,74.306,1.576
104,20X-Clon3-Indif-minusDox-D0-Foto2.tif,733,6.749,62.465,69.022,1.621
105,20X-Clon3-Indif-minusDox-D0-Foto2.tif,486,6.749,48.671,89.031,1.010
106,20X-Clon3-Indif-minusDox-D0-Foto2.tif,494,6.749,61.381,102.065,1.196
107,20X-Clon3-Indif-minusDox-D0-Foto2.tif,558,6.749,40.247,67.000,1.339
108,20X-Clon3-Indif-minusDox-D0-Foto2.tif,580,6.749,72.524,29.272,1.695
109,20X-Clon3-Indif-minusDox-D0-Foto2.tif,595,6.749,66.503,67.921,1.005
110,20X-Clon3-Indif-minusDox-D0-Foto2.tif,475,6.749,54.215,84.579,0.507
111,20X-Clon3-Indif-minusDox-D0-Foto2.tif,478,6.749,45.891,66.772,1.728
112,20X-Clon3-Indif-minusDox-D0-Foto2.tif,460,6.749,54.170,76.711,0.950
113,20X-Clon3-Indif-minusDox-D0-Foto2.tif,642,6.749,77.755,94.020,0.350
114,20X-Clon3-Indif-minusDox-D0-Foto2.tif,509,6.749,64.568,91.927,0.988
115,20X-Clon3-Indif-minusDox-D0-Foto2.tif,482,6.749,45.322,64.651,1.734
116,20X-Clon3-Indif-minusDox-D0-Foto2.tif,539,6.749,60.733,66.965,1.490
117,20X-Clon3-Indif-minusDox-D0-Foto2.tif,574,6.749,73.179,116.995,0.704
118,20X-Clon3-Indif-minusDox-D0-Foto2.tif,466,6.749,49.225,106.676,0.704
119,20X-Clon3-Indif-minusDox-D0-Foto2.tif,480,6.749,46.850,97.100,0.504
120,20X-Clon3-Indif-minusDox-D0-Foto2.tif,417,6.749,55.046,155.882,0.741
121,20X-Clon3-Indif-minusDox-D0-Foto2.tif,356,6.749,53.758,104.059,1.573
122,20X-Clon3-Indif-minusDox-D0-Foto2.tif,796,6.749,53.240,132.436,0.685
123,20X-Clon3-Indif-minusDox-D0-Foto2.tif,622,6.749,48.047,68.042,1.322
124,20X-Clon3-Indif-minusDox-D0-Foto2.tif,524,6.749,81.145,119.469,2.193
125,20X-Clon3-Indif-minusDox-D0-Foto2.tif,561,6.749,46.094,99.963,1.078
126,20X-Clon3-Indif-minusDox-D0-Foto2.tif,510,6.749,63.382,100.573,1.333
127,20X-Clon3-Indif-minusDox-D0-Foto2.tif,470,6.749,51.240,40.804,0.766
128,20X-Clon3-Indif-minusDox-D0-Foto2.tif,599,6.749,54.950,55.409,0.738
129,20X-Clon3-Indif-minusDox-D0-Foto2.tif,645,6.749,55.053,72.336,1.504
130,20X-Clon3-Indif-minusDox-D0-Foto2.tif,644,6.749,59.576,74.874,1.598
131,20X-Clon3-Indif-minusDox-D0-Foto2.tif,314,6.749,71.739,155.051,1.806
132,20X-Clon3-Indif-minusDox-D0-Foto2.tif,359,6.749,64.195,128.256,1.805
133,20X-Clon3-Indif-minusDox-D0-Foto2.tif,451,6.749,68.718,173.390,0.430
134,20X-Clon3-Indif-minusDox-D0-Foto2.tif,336,6.749,64.039,61.774,1.658
135,20X-Clon3-Indif-minusDox-D0-Foto2.tif,676,6.749,60.667,75.422,1.139
136,20X-Clon3-Indif-minusDox-D0-Foto2.tif,637,6.749,28.865,71.116,0.997
137,20X-Clon3-Indif-minusDox-D0-Foto2.tif,520,6.749,46.721,53.279,1.356
138,20X-Clon3-Indif-minusDox-D0-Foto2.tif,867,6.749,57.337,78.115,0.890
139,20X-Clon3-Indif-minusDox-D0-Foto2.tif,651,6.749,85.117,25.593,0.550
140,20X-Clon3-Indif-minusDox-D0-Foto2.tif,938,6.749,80.151,122.033,1.392
141,20X-Clon3-Indif-minusDox-D0-Foto2.tif,444,6.749,46.750,50.583,1.507
142,20X-Clon3-Indif-minusDox-D0-Foto2.tif,637,6.749,58.063,121.463,1.325
143,20X-Clon3-Indif-minusDox-D0-Foto2.tif,889,6.749,76.034,80.964,1.886
144,20X-Clon3-Indif-minusDox-D0-Foto2.tif,637,6.749,71.221,109.956,0.476
145,20X-Clon3-Indif-minusDox-D0-Foto2.tif,500,6.749,64.174,67.364,1.258
146,20X-Clon3-Indif-minusDox-D0-Foto2.tif,481,6.749,43.688,71.079,1.682
147,20X-Clon3-Indif-minusDox-D0-Foto2.tif,628,6.749,63.188,94.126,1.970
148,20X-Clon3-Indif-minusDox-D0-Foto2.tif,359,6.749,85.318,101.131,1.808
149,20X-Clon3-Indif-minusDox-D0-Foto2.tif,421,6.749,96.722,98.233,0.817
150,20X-Clon3-Indif-minusDox-D0-Foto2.tif,800,6.749,54.264,57.661,0.646
151,20X-Clon3-Indif-minusDox-D0-Foto2.tif,560,6.749,63.811,100.841,1.479
152,20X-Clon3-Indif-minusDox-D0-Foto2.tif,462,6.749,45.677,58.076,1.639
153,20X-Clon3-Indif-minusDox-D0-Foto2.tif,739,6.749,58.192,111.950,1.464
154,20X-Clon3-Indif-minusDox-D0-Foto2.tif,329,6.749,53.182,54.669,1.222
155,20X-Clon3-Indif-minusDox-D0-Foto2.tif,783,6.749,51.663,64.644,1.595
156,20X-Clon3-Indif-minusDox-D0-Foto2.tif,496,6.749,40.587,60.050,1.446
157,20X-Clon3-Indif-minusDox-D0-Foto2.tif,810,6.749,48.894,128.690,1.421
158,20X-Clon3-Indif-minusDox-D0-Foto2.tif,588,6.749,70.483,79.422,1.609
159,20X-Clon3-Indif-minusDox-D0-Foto2.tif,397,6.749,113.310,31.451,1.544
160,20X-Clon3-Indif-minusDox-D0-Foto2.tif,296,6.749,44.115,46.777,1.399
161,20X-Clon3-Indif-minusDox-D0-Foto2.tif,587,6.749,66.973,102.136,1.773
162,20X-Clon3-Indif-minusDox-D0-Foto2.tif,428,6.749,71.180,136.266,1.757
163,20X-Clon3-Indif-minusDox-D0-Foto2.tif,567,6.749,52.698,56.344,1.039
164,20X-Clon3-Indif-minusDox-D0-Foto2.tif,348,6.749,63.546,114.796,0.575
165,20X-Clon3-Indif-minusDox-D0-Foto2.tif,275,6.749,66.411,57.538,1.796
166,20X-Clon3-Indif-minusDox-D0-Foto2.tif,462,6.749,45.641,51.097,1.563
167,20X-Clon3-Indif-minusDox-D0-Foto2.tif,449,6.749,82.639,100.837,0.984
168,20X-Clon3-Indif-minusDox-D0-Foto2.tif,267,6.749,62.154,63.622,1.266
169,20X-Clon3-Indif-minusDox-D0-Foto2.tif,305,6.749,49.472,104.243,1.069
170,20X-Clon3-Indif-minusDox-D0-Foto2.tif,566,6.749,52.475,99.375,1.345
171,20X-Clon3-Indif-minusDox-D0-Foto2.tif,907,6.749,49.239,62.118,1.599
172,20X-Clon3-Indif-minusDox-D0-Foto2.tif,698,6.749,61.772,79.579,1.569
173,20X-Clon3-Indif-minusDox-D0-Foto2.tif,373,6.749,56.469,75.220,1.839
174,20X-Clon3-Indif-minusDox-D0-Foto2.tif,411,6.749,94.560,38.438,0.888
175,20X-Clon3-Indif-minusDox-D0-Foto2.tif,372,6.749,64.739,134.685,1.575
176,20X-Clon3-Indif-minusDox-D0-Foto2.tif,590,6.749,62.142,131.166,0.697
177,20X-Clon3-Indif-minusDox-D0-Foto2.tif,518,6.749,38.108,110.355,1.637
178,20X-Clon3-Indif-minusDox-D0-Foto2.tif,474,6.749,72.101,95.285,0.924
179,20X-Clon3-Indif-minusDox-D0-Foto2.tif,296,6.749,53.358,34.057,0.939
180,20X-Clon3-Indif-minusDox-D0-Foto2.tif,550,6.749,79.822,146.365,0.624
181,20X-Clon3-Indif-minusDox-D0-Foto2.tif,515,6.749,42.808,63.252,1.491
182,20X-Clon3-Indif-minusDox-D0-Foto2.tif,499,6.749,43.838,57.711,1.671
183,20X-Clon3-Indif-minusDox-D0-Foto2.tif,443,6.749,46.318,113.016,1.014
184,20X-Clon3-Indif-minusDox-D0-Foto2.tif,559,6.749,69.462,41.587,0.692
185,20X-Clon3-Indif-minusDox-D0-Foto2.tif,434,6.749,49.954,74.684,1.763
186,20X-Clon3-Indif-minusDox-D0-Foto2.tif,420,6.749,90.345,37.136,1.479
187,20X-Clon3-Indif-minusDox-D0-Foto2.tif,553,6.749,73.224,91.931,1.629
188,20X-Clon3-Indif-minusDox-D0-Foto2.tif,909,6.749,54.009,127.129,1.380
189,20X-Clon3-Indif-minusDox-D0-Foto2.tif,538,6.749,75.766,121.424,0.796
190,20X-Clon3-Indif-minusDox-D0-Foto2.tif,1299,6.749,82.001,171.961,0.473
191,20X-Clon3-Indif-minusDox-D0-Foto2.tif,581,6.749,60.900,89.124,1.174
192,20X-Clon3-Indif-minusDox-D0-Foto2.tif,412,6.749,71.694,91.731,0.784
193,20X-Clon3-Indif-minusDox-D0-Foto2.tif,672,6.749,62.362,94.345,1.740
194,20X-Clon3-Indif-minusDox-D0-Foto2.tif,772,6.749,54.400,120.016,1.320
195,20X-Clon3-Indif-minusDox-D0-Foto2.tif,1383,6.749,73.200,115.709,1.482
196,20X-Clon3-Indif-minusDox-D0-Foto2.tif,842,6.749,44.196,63.999,1.811
197,20X-Clon3-Indif-minusDox-D0-Foto2.tif,473,6.749,53.693,87.600,0.968
198,20X-Clon3-Indif-minusDox-D0-Foto2.tif,502,6.749,44.420,75.855,1.580
199,20X-Clon3-Indif-minusDox-D0-Foto2.tif,557,6.749,93.969,150.551,0.551
200,20X-Clon3-Indif-minusDox-D0-Foto2.tif,567,6.749,68.342,77.496,1.418
201,20X-Clon3-Indif-minusDox-D0-Foto2.tif,572,6.749,70.423,76.920,1.260
202,20X-Clon3-Indif-minusDox-D0-Foto2.tif,275,6.749,73.011,104.775,0.887
203,20X-Clon3-Indif-minusDox-D0-Foto2.tif,241,6.749,65.340,95.734,1.780
204,20X-Clon3-Indif-minusDox-D0-Foto2.tif,285,6.749,76.428,89.358,1.737
205,20X-Clon3-Indif-minusDox-D0-Foto2.tif,417,6.749,61.736,79.631,0.818
206,20X-Clon3-Indif-minusDox-D0-Foto2.tif,675,6.749,68.824,101.465,1.313
207,20X-Clon3-Indif-minusDox-D0-Foto2.tif,417,6.749,43.098,44.621,1.127
208,20X-Clon3-Indif-minusDox-D0-Foto2.tif,272,6.749,70.588,67.151,0.493
209,20X-Clon3-Indif-minusDox-D0-Foto2.tif,409,6.749,92.049,51.824,1.531
210,20X-Clon3-Indif-minusDox-D0-Foto2.tif,628,6.749,76.268,84.818,1.670
211,20X-Clon3-Indif-minusDox-D0-Foto2.tif,172,6.749,56.529,45.157,0.680
212,20X-Clon3-Indif-minusDox-D0-Foto2.tif,486,6.749,70.613,95.117,1.560
213,20X-Clon3-Indif-minusDox-D0-Foto2.tif,374,6.749,102.294,115.214,1.398
214,20X-Clon3-Indif-minusDox-D0-Foto2.tif,434,6.749,65.809,108.742,1.081
215,20X-Clon3-Indif-minusDox-D0-Foto2.tif,367,6.749,65.090,102.834,0.417
216,20X-Clon3-Indif-minusDox-D0-Foto2.tif,343,6.749,123.875,140.131,0.714
217,20X-Clon3-Indif-minusDox-D0-Foto2.tif,324,6.749,39.580,39.231,1.410
218,20X-Clon3-Indif-minusDox-D0-Foto2.tif,200,6.749,79.210,161.985,0.955
219,20X-Clon3-Indif-minusDox-D0-Foto2.tif,783,6.749,65.488,220.654,0.406
220,20X-Clon3-Indif-minusDox-D0-Foto2.tif,448,6.749,81.259,90.549,1.835
221,20X-Clon3-Indif-minusDox-D0-Foto2.tif,640,6.749,60.695,115.511,1.650
222,20X-Clon3-Indif-minusDox-D0-Foto2.tif,722,6.749,75.040,132.555,1.341
223,20X-Clon3-Indif-minusDox-D0-Foto2.tif,126,6.749,97.635,20.214,0.817
224,20X-Clon3-Indif-minusDox-D0-Foto2.tif,503,6.749,47.314,85.099,1.308
225,20X-Clon3-Indif-minusDox-D0-Foto2.tif,669,6.749,71.290,99.629,1.544
226,20X-Clon3-Indif-minusDox-D0-Foto2.tif,351,6.749,48.766,97.140,1.407
227,20X-Clon3-Indif-minusDox-D0-Foto2.tif,538,6.749,70.126,117.907,0.481
228,20X-Clon3-Indif-minusDox-D0-Foto2.tif,114,6.749,100.886,20.798,0.228
229,20X-Clon3-Indif-minusDox-D0-Foto2.tif,261,6.749,45.877,119.889,0.625
230,20X-Clon3-Indif-minusDox-D0-Foto2.tif,290,6.749,41.579,47.524,0.972
231,20X-Clon3-Indif-minusDox-D0-Foto2.tif,402,6.749,73.923,121.363,1.303
232,20X-Clon3-Indif-minusDox-D0-Foto2.tif,342,6.749,74.152,118.868,0.839
233,20X-Clon3-Indif-minusDox-D0-Foto2.tif,222,6.749,49.045,110.743,1.860
