ROI,ImageID,Area,mCherry_Mean_rolling_background,DAPI_Mean,Nanog_Mean,mCherry_Mean
1,20X-Clon3-Indif-plusDox-D3-Foto2.tif,943,8.608,39.930,10.191,3.321
2,20X-Clon3-Indif-plusDox-D3-Foto2.tif,795,8.608,28.810,5.936,12.492
3,20X-Clon3-Indif-plusDox-D3-Foto2.tif,165,8.608,123.255,28.170,4.467
4,20X-Clon3-Indif-plusDox-D3-Foto2.tif,647,8.608,53.699,15.337,6.660
5,20X-Clon3-Indif-plusDox-D3-Foto2.tif,1165,8.608,40.927,7.179,7.047
6,20X-Clon3-Indif-plusDox-D3-Foto2.tif,377,8.608,98.732,58.790,1.531
7,20X-Clon3-Indif-plusDox-D3-Foto2.tif,747,8.608,42.376,96.210,3.386
8,20X-Clon3-Indif-plusDox-D3-Foto2.tif,675,8.608,29.013,5.367,23.114
9,20X-Clon3-Indif-plusDox-D3-Foto2.tif,833,8.608,33.551,6.531,38.852
10,20X-Clon3-Indif-plusDox-D3-Foto2.tif,563,8.608,33.538,21.767,4.828
11,20X-Clon3-Indif-plusDox-D3-Foto2.tif,1074,8.608,36.393,47.851,3.982
12,20X-Clon3-Indif-plusDox-D3-Foto2.tif,906,8.608,44.093,5.704,27.970
13,20X-Clon3-Indif-plusDox-D3-Foto2.tif,130,8.608,110.746,8.300,12.569
14,20X-Clon3-Indif-plusDox-D3-Foto2.tif,483,8.608,40.354,99.366,2.360
15,20X-Clon3-Indif-plusDox-D3-Foto2.tif,544,8.608,32.800,5.395,34.213
16,20X-Clon3-Indif-plusDox-D3-Foto2.tif,491,8.608,37.908,10.318,39.878
17,20X-Clon3-Indif-plusDox-D3-Foto2.tif,531,8.608,29.475,6.631,22.179
18,20X-Clon3-Indif-plusDox-D3-Foto2.tif,444,8.608,42.939,7.268,21.541
19,20X-Clon3-Indif-plusDox-D3-Foto2.tif,490,8.608,36.414,6.002,15.935
20,20X-Clon3-Indif-plusDox-D3-Foto2.tif,397,8.608,75.960,11.317,12.617
21,20X-Clon3-Indif-plusDox-D3-Foto2.tif,459,8.608,38.911,6.588,24.885
22,20X-Clon3-Indif-plusDox-D3-Foto2.tif,1023,8.608,28.743,7.149,18.861
23,20X-Clon3-Indif-plusDox-D3-Foto2.tif,975,8.608,38.390,17.798,6.111
24,20X-Clon3-Indif-plusDox-D3-Foto2.tif,323,8.608,44.789,7.291,32.087
25,20X-Clon3-Indif-plusDox-D3-Foto2.tif,1003,8.608,30.364,5.945,14.596
26,20X-Clon3-Indif-plusDox-D3-Foto2.tif,599,8.608,31.614,6.162,26.539
27,20X-Clon3-Indif-plusDox-D3-Foto2.tif,633,8.608,32.504,5.803,14.125
28,20X-Clon3-Indif-plusDox-D3-Foto2.tif,630,8.608,56.456,8.843,14.527
29,20X-Clon3-Indif-plusDox-D3-Foto2.tif,831,8.608,27.298,5.722,44.789
30,20X-Clon3-Indif-plusDox-D3-Foto2.tif,670,8.608,29.194,5.933,27.910
31,20X-Clon3-Indif-plusDox-D3-Foto2.tif,555,8.608,65.279,142.609,1.337
32,20X-Clon3-Indif-plusDox-D3-Foto2.tif,157,8.608,127.115,7.433,2.968
33,20X-Clon3-Indif-plusDox-D3-Foto2.tif,846,8.608,46.148,58.100,3.468
34,20X-Clon3-Indif-plusDox-D3-Foto2.tif,849,8.608,24.580,5.422,19.311
35,20X-Clon3-Indif-plusDox-D3-Foto2.tif,426,8.608,44.277,7.394,19.728
36,20X-Clon3-Indif-plusDox-D3-Foto2.tif,158,8.608,112.633,42.525,5.405
37,20X-Clon3-Indif-plusDox-D3-Foto2.tif,345,8.608,42.586,7.299,31.472
38,20X-Clon3-Indif-plusDox-D3-Foto2.tif,482,8.608,64.552,6.589,45.166
39,20X-Clon3-Indif-plusDox-D3-Foto2.tif,341,8.608,49.446,89.047,3.654
40,20X-Clon3-Indif-plusDox-D3-Foto2.tif,481,8.608,37.304,8.505,13.582
41,20X-Clon3-Indif-plusDox-D3-Foto2.tif,438,8.608,34.418,6.203,9.954
42,20X-Clon3-Indif-plusDox-D3-Foto2.tif,722,8.608,53.071,5.582,11.943
43,20X-Clon3-Indif-plusDox-D3-Foto2.tif,365,8.608,50.614,11.173,13.033
44,20X-Clon3-Indif-plusDox-D3-Foto2.tif,362,8.608,42.146,6.939,4.417
45,20X-Clon3-Indif-plusDox-D3-Foto2.tif,529,8.608,33.350,6.104,13.805
46,20X-Clon3-Indif-plusDox-D3-Foto2.tif,460,8.608,34.072,5.985,9.385
47,20X-Clon3-Indif-plusDox-D3-Foto2.tif,347,8.608,46.294,11.403,15.196
48,20X-Clon3-Indif-plusDox-D3-Foto2.tif,584,8.608,30.854,5.652,27.449
49,20X-Clon3-Indif-plusDox-D3-Foto2.tif,746,8.608,24.353,5.306,2.918
50,20X-Clon3-Indif-plusDox-D3-Foto2.tif,501,8.608,36.337,8.597,3.780
51,20X-Clon3-Indif-plusDox-D3-Foto2.tif,688,8.608,26.895,5.622,33.568
52,20X-Clon3-Indif-plusDox-D3-Foto2.tif,476,8.608,36.290,5.809,16.641
53,20X-Clon3-Indif-plusDox-D3-Foto2.tif,329,8.608,51.030,164.802,1.729
54,20X-Clon3-Indif-plusDox-D3-Foto2.tif,611,8.608,29.363,5.939,32.332
55,20X-Clon3-Indif-plusDox-D3-Foto2.tif,428,8.608,42.596,8.715,3.811
56,20X-Clon3-Indif-plusDox-D3-Foto2.tif,522,8.608,66.912,158.632,3.163
57,20X-Clon3-Indif-plusDox-D3-Foto2.tif,490,8.608,35.359,6.392,11.304
58,20X-Clon3-Indif-plusDox-D3-Foto2.tif,581,8.608,34.396,6.079,50.873
59,20X-Clon3-Indif-plusDox-D3-Foto2.tif,517,8.608,29.735,6.685,27.799
60,20X-Clon3-Indif-plusDox-D3-Foto2.tif,585,8.608,34.838,15.467,4.085
61,20X-Clon3-Indif-plusDox-D3-Foto2.tif,636,8.608,30.645,6.492,96.322
62,20X-Clon3-Indif-plusDox-D3-Foto2.tif,551,8.608,42.488,125.332,2.405
63,20X-Clon3-Indif-plusDox-D3-Foto2.tif,400,8.608,41.242,62.962,2.785
64,20X-Clon3-Indif-plusDox-D3-Foto2.tif,685,8.608,28.742,6.302,14.728
65,20X-Clon3-Indif-plusDox-D3-Foto2.tif,358,8.608,46.388,7.620,6.989
66,20X-Clon3-Indif-plusDox-D3-Foto2.tif,759,8.608,24.283,5.235,32.394
67,20X-Clon3-Indif-plusDox-D3-Foto2.tif,627,8.608,30.839,6.070,11.841
68,20X-Clon3-Indif-plusDox-D3-Foto2.tif,525,8.608,66.705,39.032,5.307
69,20X-Clon3-Indif-plusDox-D3-Foto2.tif,477,8.608,34.929,58.671,3.765
70,20X-Clon3-Indif-plusDox-D3-Foto2.tif,580,8.608,35.848,19.481,4.624
71,20X-Clon3-Indif-plusDox-D3-Foto2.tif,548,8.608,34.283,5.989,19.710
72,20X-Clon3-Indif-plusDox-D3-Foto2.tif,558,8.608,39.181,51.118,2.638
73,20X-Clon3-Indif-plusDox-D3-Foto2.tif,377,8.608,46.851,8.533,11.225
74,20X-Clon3-Indif-plusDox-D3-Foto2.tif,490,8.608,47.149,60.610,6.165
75,20X-Clon3-Indif-plusDox-D3-Foto2.tif,519,8.608,37.803,6.096,8.453
76,20X-Clon3-Indif-plusDox-D3-Foto2.tif,478,8.608,38.113,7.253,27.138
77,20X-Clon3-Indif-plusDox-D3-Foto2.tif,662,8.608,23.506,5.582,5.103
78,20X-Clon3-Indif-plusDox-D3-Foto2.tif,572,8.608,34.486,5.872,18.631
79,20X-Clon3-Indif-plusDox-D3-Foto2.tif,486,8.608,43.074,6.885,14.959
80,20X-Clon3-Indif-plusDox-D3-Foto2.tif,128,8.608,91.836,12.883,12.734
81,20X-Clon3-Indif-plusDox-D3-Foto2.tif,444,8.608,42.322,5.854,26.378
82,20X-Clon3-Indif-plusDox-D3-Foto2.tif,337,8.608,49.374,88.896,2.593
83,20X-Clon3-Indif-plusDox-D3-Foto2.tif,559,8.608,30.154,6.007,12.429
84,20X-Clon3-Indif-plusDox-D3-Foto2.tif,700,8.608,22.566,5.499,4.714
85,20X-Clon3-Indif-plusDox-D3-Foto2.tif,539,8.608,65.106,131.037,2.119
86,20X-Clon3-Indif-plusDox-D3-Foto2.tif,271,8.608,66.310,131.214,3.041
87,20X-Clon3-Indif-plusDox-D3-Foto2.tif,511,8.608,32.728,6.628,10.012
88,20X-Clon3-Indif-plusDox-D3-Foto2.tif,695,8.608,29.981,5.925,104.360
89,20X-Clon3-Indif-plusDox-D3-Foto2.tif,498,8.608,35.972,6.327,33.454
90,20X-Clon3-Indif-plusDox-D3-Foto2.tif,364,8.608,97.690,15.742,31.239
91,20X-Clon3-Indif-plusDox-D3-Foto2.tif,134,8.608,106.231,65.463,2.336
92,20X-Clon3-Indif-plusDox-D3-Foto2.tif,743,8.608,27.544,5.950,27.541
93,20X-Clon3-Indif-plusDox-D3-Foto2.tif,241,8.608,56.498,102.320,3.535
94,20X-Clon3-Indif-plusDox-D3-Foto2.tif,617,8.608,27.964,5.579,10.496
95,20X-Clon3-Indif-plusDox-D3-Foto2.tif,609,8.608,54.936,22.708,4.798
96,20X-Clon3-Indif-plusDox-D3-Foto2.tif,128,8.608,110.195,73.594,1.680
97,20X-Clon3-Indif-plusDox-D3-Foto2.tif,191,8.608,51.152,10.691,13.859
98,20X-Clon3-Indif-plusDox-D3-Foto2.tif,814,8.608,23.915,5.984,7.115
99,20X-Clon3-Indif-plusDox-D3-Foto2.tif,650,8.608,26.223,5.997,22.945
100,20X-Clon3-Indif-plusDox-D3-Foto2.tif,326,8.608,53.699,119.607,2.000
101,20X-Clon3-Indif-plusDox-D3-Foto2.tif,720,8.608,19.754,5.690,10.412
102,20X-Clon3-Indif-plusDox-D3-Foto2.tif,581,8.608,31.871,6.232,13.341
103,20X-Clon3-Indif-plusDox-D3-Foto2.tif,590,8.608,28.086,119.363,1.651
104,20X-Clon3-Indif-plusDox-D3-Foto2.tif,412,8.608,38.216,6.818,6.143
105,20X-Clon3-Indif-plusDox-D3-Foto2.tif,524,8.608,34.607,5.471,21.918
106,20X-Clon3-Indif-plusDox-D3-Foto2.tif,702,8.608,48.058,14.232,9.718
107,20X-Clon3-Indif-plusDox-D3-Foto2.tif,429,8.608,46.709,6.932,12.639
108,20X-Clon3-Indif-plusDox-D3-Foto2.tif,334,8.608,53.335,17.371,15.964
109,20X-Clon3-Indif-plusDox-D3-Foto2.tif,430,8.608,40.465,8.065,7.467
110,20X-Clon3-Indif-plusDox-D3-Foto2.tif,385,8.608,43.127,9.068,26.213
111,20X-Clon3-Indif-plusDox-D3-Foto2.tif,693,8.608,43.661,30.496,2.558
112,20X-Clon3-Indif-plusDox-D3-Foto2.tif,311,8.608,40.376,6.103,6.431
113,20X-Clon3-Indif-plusDox-D3-Foto2.tif,405,8.608,40.760,6.462,28.462
114,20X-Clon3-Indif-plusDox-D3-Foto2.tif,348,8.608,53.664,26.511,9.569
115,20X-Clon3-Indif-plusDox-D3-Foto2.tif,345,8.608,66.826,8.284,18.904
116,20X-Clon3-Indif-plusDox-D3-Foto2.tif,393,8.608,41.214,9.303,23.168
117,20X-Clon3-Indif-plusDox-D3-Foto2.tif,988,8.608,37.942,44.646,4.216
118,20X-Clon3-Indif-plusDox-D3-Foto2.tif,481,8.608,51.590,7.143,55.401
119,20X-Clon3-Indif-plusDox-D3-Foto2.tif,528,8.608,37.083,5.792,14.621
120,20X-Clon3-Indif-plusDox-D3-Foto2.tif,580,8.608,38.603,6.129,29.050
121,20X-Clon3-Indif-plusDox-D3-Foto2.tif,836,8.608,25.630,5.841,3.194
122,20X-Clon3-Indif-plusDox-D3-Foto2.tif,332,8.608,44.738,6.352,13.852
123,20X-Clon3-Indif-plusDox-D3-Foto2.tif,403,8.608,43.012,9.186,9.725
124,20X-Clon3-Indif-plusDox-D3-Foto2.tif,555,8.608,72.766,44.353,5.272
125,20X-Clon3-Indif-plusDox-D3-Foto2.tif,691,8.608,30.016,5.411,13.097
126,20X-Clon3-Indif-plusDox-D3-Foto2.tif,1178,8.608,37.331,5.801,46.008
127,20X-Clon3-Indif-plusDox-D3-Foto2.tif,596,8.608,28.361,6.235,25.426
128,20X-Clon3-Indif-plusDox-D3-Foto2.tif,555,8.608,30.265,7.508,36.775
129,20X-Clon3-Indif-plusDox-D3-Foto2.tif,445,8.608,37.548,24.276,6.279
130,20X-Clon3-Indif-plusDox-D3-Foto2.tif,511,8.608,72.004,10.996,15.959
131,20X-Clon3-Indif-plusDox-D3-Foto2.tif,421,8.608,42.143,24.411,8.637
132,20X-Clon3-Indif-plusDox-D3-Foto2.tif,442,8.608,34.043,6.726,32.290
133,20X-Clon3-Indif-plusDox-D3-Foto2.tif,305,8.608,55.895,99.538,3.931
134,20X-Clon3-Indif-plusDox-D3-Foto2.tif,546,8.608,40.694,80.418,2.300
135,20X-Clon3-Indif-plusDox-D3-Foto2.tif,591,8.608,34.095,6.689,39.756
136,20X-Clon3-Indif-plusDox-D3-Foto2.tif,349,8.608,61.968,126.410,2.937
137,20X-Clon3-Indif-plusDox-D3-Foto2.tif,366,8.608,46.008,8.582,29.844
138,20X-Clon3-Indif-plusDox-D3-Foto2.tif,533,8.608,30.910,6.233,25.075
139,20X-Clon3-Indif-plusDox-D3-Foto2.tif,473,8.608,44.364,6.140,23.584
140,20X-Clon3-Indif-plusDox-D3-Foto2.tif,354,8.608,58.017,13.701,21.144
141,20X-Clon3-Indif-plusDox-D3-Foto2.tif,84,8.608,55.631,8.000,5.798
142,20X-Clon3-Indif-plusDox-D3-Foto2.tif,609,8.608,37.186,10.166,5.808
143,20X-Clon3-Indif-plusDox-D3-Foto2.tif,908,8.608,37.736,5.890,25.519
144,20X-Clon3-Indif-plusDox-D3-Foto2.tif,390,8.608,65.269,31.423,13.787
145,20X-Clon3-Indif-plusDox-D3-Foto2.tif,410,8.608,42.432,8.098,15.851
146,20X-Clon3-Indif-plusDox-D3-Foto2.tif,771,8.608,48.381,63.455,4.214
147,20X-Clon3-Indif-plusDox-D3-Foto2.tif,672,8.608,47.799,80.202,4.067
148,20X-Clon3-Indif-plusDox-D3-Foto2.tif,318,8.608,52.701,86.959,3.110
149,20X-Clon3-Indif-plusDox-D3-Foto2.tif,766,8.608,23.785,6.141,21.470
150,20X-Clon3-Indif-plusDox-D3-Foto2.tif,414,8.608,48.287,12.973,15.341
151,20X-Clon3-Indif-plusDox-D3-Foto2.tif,338,8.608,49.151,11.849,30.962
152,20X-Clon3-Indif-plusDox-D3-Foto2.tif,254,8.608,76.087,14.350,31.063
153,20X-Clon3-Indif-plusDox-D3-Foto2.tif,878,8.608,29.588,5.511,2.828
154,20X-Clon3-Indif-plusDox-D3-Foto2.tif,599,8.608,30.589,6.429,7.451
155,20X-Clon3-Indif-plusDox-D3-Foto2.tif,384,8.608,46.073,8.672,4.284
156,20X-Clon3-Indif-plusDox-D3-Foto2.tif,630,8.608,31.279,5.544,13.659
157,20X-Clon3-Indif-plusDox-D3-Foto2.tif,135,8.608,84.600,39.874,4.459
158,20X-Clon3-Indif-plusDox-D3-Foto2.tif,491,8.608,50.255,11.819,10.591
159,20X-Clon3-Indif-plusDox-D3-Foto2.tif,554,8.608,34.009,66.848,1.695
160,20X-Clon3-Indif-plusDox-D3-Foto2.tif,244,8.608,125.201,9.713,5.713
161,20X-Clon3-Indif-plusDox-D3-Foto2.tif,248,8.608,109.681,10.815,7.250
162,20X-Clon3-Indif-plusDox-D3-Foto2.tif,135,8.608,79.356,12.867,3.570
163,20X-Clon3-Indif-plusDox-D3-Foto2.tif,397,8.608,40.050,8.275,37.418
164,20X-Clon3-Indif-plusDox-D3-Foto2.tif,455,8.608,39.644,13.095,25.273
165,20X-Clon3-Indif-plusDox-D3-Foto2.tif,553,8.608,68.675,98.984,3.604
166,20X-Clon3-Indif-plusDox-D3-Foto2.tif,782,8.608,38.780,6.147,32.041
167,20X-Clon3-Indif-plusDox-D3-Foto2.tif,499,8.608,49.745,100.056,3.549
168,20X-Clon3-Indif-plusDox-D3-Foto2.tif,356,8.608,91.975,196.573,3.725
169,20X-Clon3-Indif-plusDox-D3-Foto2.tif,486,8.608,40.395,6.872,31.553
170,20X-Clon3-Indif-plusDox-D3-Foto2.tif,402,8.608,37.338,85.187,2.460
171,20X-Clon3-Indif-plusDox-D3-Foto2.tif,265,8.608,69.925,10.419,17.883
172,20X-Clon3-Indif-plusDox-D3-Foto2.tif,636,8.608,28.819,5.365,7.794
173,20X-Clon3-Indif-plusDox-D3-Foto2.tif,349,8.608,52.759,81.817,5.533
174,20X-Clon3-Indif-plusDox-D3-Foto2.tif,1136,8.608,30.504,6.069,10.426
175,20X-Clon3-Indif-plusDox-D3-Foto2.tif,328,8.608,71.409,54.960,11.058
176,20X-Clon3-Indif-plusDox-D3-Foto2.tif,577,8.608,31.503,6.936,7.820
177,20X-Clon3-Indif-plusDox-D3-Foto2.tif,340,8.608,54.309,6.471,15.641
178,20X-Clon3-Indif-plusDox-D3-Foto2.tif,394,8.608,50.622,6.741,24.426
179,20X-Clon3-Indif-plusDox-D3-Foto2.tif,103,8.608,73.078,11.728,14.272
180,20X-Clon3-Indif-plusDox-D3-Foto2.tif,492,8.608,67.974,68.266,22.366
181,20X-Clon3-Indif-plusDox-D3-Foto2.tif,544,8.608,58.007,77.930,3.794
182,20X-Clon3-Indif-plusDox-D3-Foto2.tif,363,8.608,53.253,11.204,17.107
183,20X-Clon3-Indif-plusDox-D3-Foto2.tif,104,8.608,135.471,14.029,4.788
184,20X-Clon3-Indif-plusDox-D3-Foto2.tif,689,8.608,48.020,12.541,4.171
185,20X-Clon3-Indif-plusDox-D3-Foto2.tif,707,8.608,24.745,5.576,4.830
186,20X-Clon3-Indif-plusDox-D3-Foto2.tif,248,8.608,167.000,9.617,20.327
187,20X-Clon3-Indif-plusDox-D3-Foto2.tif,357,8.608,53.216,112.527,5.269
188,20X-Clon3-Indif-plusDox-D3-Foto2.tif,930,8.608,41.839,66.396,3.243
189,20X-Clon3-Indif-plusDox-D3-Foto2.tif,412,8.608,45.556,6.209,15.437
190,20X-Clon3-Indif-plusDox-D3-Foto2.tif,421,8.608,53.473,27.268,5.292
191,20X-Clon3-Indif-plusDox-D3-Foto2.tif,496,8.608,71.657,8.200,8.609
192,20X-Clon3-Indif-plusDox-D3-Foto2.tif,445,8.608,30.517,5.209,6.861
193,20X-Clon3-Indif-plusDox-D3-Foto2.tif,617,8.608,80.165,36.130,12.272
194,20X-Clon3-Indif-plusDox-D3-Foto2.tif,469,8.608,41.171,6.546,17.162
195,20X-Clon3-Indif-plusDox-D3-Foto2.tif,430,8.608,45.195,7.093,24.398
196,20X-Clon3-Indif-plusDox-D3-Foto2.tif,318,8.608,48.836,7.208,22.714
197,20X-Clon3-Indif-plusDox-D3-Foto2.tif,1090,8.608,26.421,5.527,4.873
198,20X-Clon3-Indif-plusDox-D3-Foto2.tif,488,8.608,50.689,9.799,14.625
199,20X-Clon3-Indif-plusDox-D3-Foto2.tif,460,8.608,59.057,14.035,13.528
200,20X-Clon3-Indif-plusDox-D3-Foto2.tif,433,8.608,39.760,81.663,4.095
201,20X-Clon3-Indif-plusDox-D3-Foto2.tif,439,8.608,39.082,8.392,39.132
202,20X-Clon3-Indif-plusDox-D3-Foto2.tif,599,8.608,49.447,7.229,12.129
203,20X-Clon3-Indif-plusDox-D3-Foto2.tif,315,8.608,51.917,7.070,20.054
204,20X-Clon3-Indif-plusDox-D3-Foto2.tif,519,8.608,72.227,99.661,6.593
205,20X-Clon3-Indif-plusDox-D3-Foto2.tif,453,8.608,63.351,103.971,1.649
206,20X-Clon3-Indif-plusDox-D3-Foto2.tif,70,8.608,79.871,11.729,8.457
207,20X-Clon3-Indif-plusDox-D3-Foto2.tif,455,8.608,66.798,35.963,9.097
208,20X-Clon3-Indif-plusDox-D3-Foto2.tif,91,8.608,72.484,10.022,3.824
209,20X-Clon3-Indif-plusDox-D3-Foto2.tif,409,8.608,40.513,6.421,13.489
210,20X-Clon3-Indif-plusDox-D3-Foto2.tif,502,8.608,33.291,6.438,14.500
211,20X-Clon3-Indif-plusDox-D3-Foto2.tif,503,8.608,28.926,6.410,14.078
212,20X-Clon3-Indif-plusDox-D3-Foto2.tif,358,8.608,58.142,9.053,34.969
213,20X-Clon3-Indif-plusDox-D3-Foto2.tif,349,8.608,59.728,12.117,49.146
214,20X-Clon3-Indif-plusDox-D3-Foto2.tif,586,8.608,46.271,9.285,30.039
215,20X-Clon3-Indif-plusDox-D3-Foto2.tif,279,8.608,82.742,10.394,20.624
216,20X-Clon3-Indif-plusDox-D3-Foto2.tif,374,8.608,82.187,148.848,1.872
217,20X-Clon3-Indif-plusDox-D3-Foto2.tif,426,8.608,58.854,7.007,36.042
218,20X-Clon3-Indif-plusDox-D3-Foto2.tif,291,8.608,65.058,15.175,26.141
219,20X-Clon3-Indif-plusDox-D3-Foto2.tif,705,8.608,34.247,7.018,10.075
220,20X-Clon3-Indif-plusDox-D3-Foto2.tif,432,8.608,52.051,18.454,30.688
221,20X-Clon3-Indif-plusDox-D3-Foto2.tif,535,8.608,77.671,16.437,10.510
222,20X-Clon3-Indif-plusDox-D3-Foto2.tif,709,8.608,55.381,85.161,4.647
223,20X-Clon3-Indif-plusDox-D3-Foto2.tif,236,8.608,62.220,94.623,2.894
224,20X-Clon3-Indif-plusDox-D3-Foto2.tif,991,8.608,23.767,5.359,4.561
225,20X-Clon3-Indif-plusDox-D3-Foto2.tif,676,8.608,34.691,32.050,3.476
226,20X-Clon3-Indif-plusDox-D3-Foto2.tif,611,8.608,33.103,6.481,36.712
227,20X-Clon3-Indif-plusDox-D3-Foto2.tif,417,8.608,38.554,7.014,6.132
228,20X-Clon3-Indif-plusDox-D3-Foto2.tif,544,8.608,30.871,5.877,13.074
229,20X-Clon3-Indif-plusDox-D3-Foto2.tif,583,8.608,30.642,6.250,22.237
230,20X-Clon3-Indif-plusDox-D3-Foto2.tif,309,8.608,46.887,6.576,17.411
231,20X-Clon3-Indif-plusDox-D3-Foto2.tif,665,8.608,47.526,89.250,2.414
232,20X-Clon3-Indif-plusDox-D3-Foto2.tif,445,8.608,40.809,6.085,11.578
233,20X-Clon3-Indif-plusDox-D3-Foto2.tif,576,8.608,51.516,130.422,1.694
234,20X-Clon3-Indif-plusDox-D3-Foto2.tif,92,8.608,100.000,9.315,15.543
235,20X-Clon3-Indif-plusDox-D3-Foto2.tif,410,8.608,66.451,11.063,32.612
236,20X-Clon3-Indif-plusDox-D3-Foto2.tif,150,8.608,84.107,11.053,32.207
237,20X-Clon3-Indif-plusDox-D3-Foto2.tif,467,8.608,43.409,6.458,19.844
238,20X-Clon3-Indif-plusDox-D3-Foto2.tif,252,8.608,60.067,7.067,21.020
239,20X-Clon3-Indif-plusDox-D3-Foto2.tif,405,8.608,37.141,6.301,6.430
240,20X-Clon3-Indif-plusDox-D3-Foto2.tif,264,8.608,62.909,137.352,2.072
241,20X-Clon3-Indif-plusDox-D3-Foto2.tif,646,8.608,56.940,50.580,4.413
242,20X-Clon3-Indif-plusDox-D3-Foto2.tif,1323,8.608,34.122,6.443,1.889
243,20X-Clon3-Indif-plusDox-D3-Foto2.tif,475,8.608,43.177,10.621,50.021
244,20X-Clon3-Indif-plusDox-D3-Foto2.tif,599,8.608,54.806,9.404,8.063
245,20X-Clon3-Indif-plusDox-D3-Foto2.tif,565,8.608,30.586,5.933,3.912
246,20X-Clon3-Indif-plusDox-D3-Foto2.tif,652,8.608,64.058,5.945,11.414
247,20X-Clon3-Indif-plusDox-D3-Foto2.tif,720,8.608,41.957,6.715,16.686
248,20X-Clon3-Indif-plusDox-D3-Foto2.tif,256,8.608,46.777,9.047,30.828
249,20X-Clon3-Indif-plusDox-D3-Foto2.tif,382,8.608,49.029,7.770,41.128
250,20X-Clon3-Indif-plusDox-D3-Foto2.tif,433,8.608,45.619,5.894,23.266
251,20X-Clon3-Indif-plusDox-D3-Foto2.tif,218,8.608,65.904,14.761,34.610
252,20X-Clon3-Indif-plusDox-D3-Foto2.tif,383,8.608,50.381,7.726,40.470
253,20X-Clon3-Indif-plusDox-D3-Foto2.tif,356,8.608,45.508,6.022,21.649
254,20X-Clon3-Indif-plusDox-D3-Foto2.tif,263,8.608,54.901,10.616,56.388
255,20X-Clon3-Indif-plusDox-D3-Foto2.tif,382,8.608,47.042,8.298,4.487
256,20X-Clon3-Indif-plusDox-D3-Foto2.tif,323,8.608,51.570,7.607,36.266
257,20X-Clon3-Indif-plusDox-D3-Foto2.tif,540,8.608,36.626,8.981,32.685
258,20X-Clon3-Indif-plusDox-D3-Foto2.tif,540,8.608,68.267,16.076,29.139
259,20X-Clon3-Indif-plusDox-D3-Foto2.tif,524,8.608,37.777,6.290,20.962
260,20X-Clon3-Indif-plusDox-D3-Foto2.tif,322,8.608,74.450,22.314,5.658
261,20X-Clon3-Indif-plusDox-D3-Foto2.tif,582,8.608,29.507,7.565,8.210
262,20X-Clon3-Indif-plusDox-D3-Foto2.tif,392,8.608,36.809,7.161,22.309
263,20X-Clon3-Indif-plusDox-D3-Foto2.tif,134,8.608,58.097,11.321,4.336
264,20X-Clon3-Indif-plusDox-D3-Foto2.tif,551,8.608,57.681,7.717,9.728
265,20X-Clon3-Indif-plusDox-D3-Foto2.tif,631,8.608,28.580,11.865,5.919
266,20X-Clon3-Indif-plusDox-D3-Foto2.tif,590,8.608,61.583,171.431,2.308
267,20X-Clon3-Indif-plusDox-D3-Foto2.tif,264,8.608,64.981,6.534,35.420
268,20X-Clon3-Indif-plusDox-D3-Foto2.tif,330,8.608,37.809,8.255,29.103
269,20X-Clon3-Indif-plusDox-D3-Foto2.tif,378,8.608,72.103,12.421,26.828
270,20X-Clon3-Indif-plusDox-D3-Foto2.tif,405,8.608,60.121,12.842,33.654
271,20X-Clon3-Indif-plusDox-D3-Foto2.tif,420,8.608,72.419,9.621,14.829
272,20X-Clon3-Indif-plusDox-D3-Foto2.tif,314,8.608,95.732,217.283,2.889
273,20X-Clon3-Indif-plusDox-D3-Foto2.tif,808,8.608,57.364,45.296,7.033
274,20X-Clon3-Indif-plusDox-D3-Foto2.tif,456,8.608,39.175,5.897,21.452
275,20X-Clon3-Indif-plusDox-D3-Foto2.tif,446,8.608,35.836,7.103,17.276
276,20X-Clon3-Indif-plusDox-D3-Foto2.tif,342,8.608,77.287,10.096,26.272
277,20X-Clon3-Indif-plusDox-D3-Foto2.tif,412,8.608,51.153,11.522,11.136
278,20X-Clon3-Indif-plusDox-D3-Foto2.tif,371,8.608,47.305,10.768,24.922
279,20X-Clon3-Indif-plusDox-D3-Foto2.tif,133,8.608,74.459,15.797,6.038
280,20X-Clon3-Indif-plusDox-D3-Foto2.tif,440,8.608,35.150,6.864,9.877
281,20X-Clon3-Indif-plusDox-D3-Foto2.tif,70,8.608,53.586,11.786,8.814
282,20X-Clon3-Indif-plusDox-D3-Foto2.tif,245,8.608,55.065,93.796,3.567
283,20X-Clon3-Indif-plusDox-D3-Foto2.tif,588,8.608,48.566,8.849,27.806
284,20X-Clon3-Indif-plusDox-D3-Foto2.tif,866,8.608,42.871,5.206,4.508
285,20X-Clon3-Indif-plusDox-D3-Foto2.tif,90,8.608,103.500,7.200,6.467
286,20X-Clon3-Indif-plusDox-D3-Foto2.tif,514,8.608,45.210,5.486,6.268
287,20X-Clon3-Indif-plusDox-D3-Foto2.tif,111,8.608,77.351,11.018,9.315
288,20X-Clon3-Indif-plusDox-D3-Foto2.tif,130,8.608,123.308,13.400,37.177
289,20X-Clon3-Indif-plusDox-D3-Foto2.tif,360,8.608,54.917,93.858,2.197
290,20X-Clon3-Indif-plusDox-D3-Foto2.tif,261,8.608,49.697,8.778,48.854
291,20X-Clon3-Indif-plusDox-D3-Foto2.tif,251,8.608,63.510,9.052,23.430
292,20X-Clon3-Indif-plusDox-D3-Foto2.tif,666,8.608,37.332,7.529,16.505
293,20X-Clon3-Indif-plusDox-D3-Foto2.tif,232,8.608,53.698,10.793,26.707
294,20X-Clon3-Indif-plusDox-D3-Foto2.tif,251,8.608,39.984,8.829,28.367
295,20X-Clon3-Indif-plusDox-D3-Foto2.tif,697,8.608,26.133,6.339,18.278
296,20X-Clon3-Indif-plusDox-D3-Foto2.tif,87,8.608,31.943,8.333,10.000
297,20X-Clon3-Indif-plusDox-D3-Foto2.tif,148,8.608,93.628,10.723,3.392
298,20X-Clon3-Indif-plusDox-D3-Foto2.tif,669,8.608,66.383,72.570,2.454
299,20X-Clon3-Indif-plusDox-D3-Foto2.tif,384,8.608,49.005,105.258,1.924
300,20X-Clon3-Indif-plusDox-D3-Foto2.tif,254,8.608,99.177,9.539,24.177
301,20X-Clon3-Indif-plusDox-D3-Foto2.tif,122,8.608,69.664,10.041,7.648
302,20X-Clon3-Indif-plusDox-D3-Foto2.tif,509,8.608,60.996,80.102,9.472
303,20X-Clon3-Indif-plusDox-D3-Foto2.tif,293,8.608,59.706,138.556,3.014
304,20X-Clon3-Indif-plusDox-D3-Foto2.tif,379,8.608,48.512,9.720,18.182
305,20X-Clon3-Indif-plusDox-D3-Foto2.tif,570,8.608,63.044,93.456,10.504
306,20X-Clon3-Indif-plusDox-D3-Foto2.tif,617,8.608,26.809,5.370,27.969
307,20X-Clon3-Indif-plusDox-D3-Foto2.tif,231,8.608,72.351,11.346,14.996
308,20X-Clon3-Indif-plusDox-D3-Foto2.tif,298,8.608,93.829,11.342,18.117
309,20X-Clon3-Indif-plusDox-D3-Foto2.tif,416,8.608,78.264,8.793,26.998
310,20X-Clon3-Indif-plusDox-D3-Foto2.tif,362,8.608,47.870,5.735,21.177
311,20X-Clon3-Indif-plusDox-D3-Foto2.tif,59,8.608,78.542,15.576,9.932
312,20X-Clon3-Indif-plusDox-D3-Foto2.tif,112,8.608,31.875,14.946,4.089
313,20X-Clon3-Indif-plusDox-D3-Foto2.tif,118,8.608,64.746,7.602,189.398
314,20X-Clon3-Indif-plusDox-D3-Foto2.tif,66,8.608,69.894,7.879,203.091
315,20X-Clon3-Indif-plusDox-D3-Foto2.tif,246,8.608,69.045,11.419,7.780
316,20X-Clon3-Indif-plusDox-D3-Foto2.tif,119,8.608,58.832,10.756,16.151
317,20X-Clon3-Indif-plusDox-D3-Foto2.tif,145,8.608,63.021,13.738,3.786
318,20X-Clon3-Indif-plusDox-D3-Foto2.tif,50,8.608,54.840,7.380,10.580
319,20X-Clon3-Indif-plusDox-D3-Foto2.tif,574,8.608,40.103,10.014,11.118
320,20X-Clon3-Indif-plusDox-D3-Foto2.tif,75,8.608,67.733,11.707,8.320
321,20X-Clon3-Indif-plusDox-D3-Foto2.tif,73,8.608,35.329,10.986,21.521
322,20X-Clon3-Indif-plusDox-D3-Foto2.tif,110,8.608,65.482,9.300,10.227
323,20X-Clon3-Indif-plusDox-D3-Foto2.tif,281,8.608,69.730,9.986,29.918
324,20X-Clon3-Indif-plusDox-D3-Foto2.tif,298,8.608,67.389,9.829,19.275
325,20X-Clon3-Indif-plusDox-D3-Foto2.tif,60,8.608,65.100,9.000,6.900
326,20X-Clon3-Indif-plusDox-D3-Foto2.tif,162,8.608,69.852,12.414,12.463
327,20X-Clon3-Indif-plusDox-D3-Foto2.tif,46,8.608,44.022,9.217,5.261
328,20X-Clon3-Indif-plusDox-D3-Foto2.tif,271,8.608,51.391,5.694,39.203
