ROI,ImageID,Area,mCherry_Mean_rolling_background,DAPI_Mean,Nanog_Mean,mCherry_Mean
1,20X-Clon3-Indif-plusDox-D3-Foto1.tif,1085,7.689,37.894,6.129,19.559
2,20X-Clon3-Indif-plusDox-D3-Foto1.tif,521,7.689,40.441,8.367,21.718
3,20X-Clon3-Indif-plusDox-D3-Foto1.tif,152,7.689,102.441,52.737,4.112
4,20X-Clon3-Indif-plusDox-D3-Foto1.tif,695,7.689,45.053,85.912,2.763
5,20X-Clon3-Indif-plusDox-D3-Foto1.tif,1189,7.689,78.059,8.971,16.552
6,20X-Clon3-Indif-plusDox-D3-Foto1.tif,721,7.689,35.628,98.200,1.716
7,20X-Clon3-Indif-plusDox-D3-Foto1.tif,713,7.689,52.302,7.163,20.937
8,20X-Clon3-Indif-plusDox-D3-Foto1.tif,748,7.689,34.190,96.743,1.718
9,20X-Clon3-Indif-plusDox-D3-Foto1.tif,528,7.689,33.479,7.400,15.837
10,20X-Clon3-Indif-plusDox-D3-Foto1.tif,642,7.689,30.540,6.857,40.016
11,20X-Clon3-Indif-plusDox-D3-Foto1.tif,556,7.689,36.585,6.511,41.387
12,20X-Clon3-Indif-plusDox-D3-Foto1.tif,502,7.689,76.851,7.930,36.598
13,20X-Clon3-Indif-plusDox-D3-Foto1.tif,615,7.689,31.133,6.312,16.325
14,20X-Clon3-Indif-plusDox-D3-Foto1.tif,574,7.689,34.852,6.385,11.225
15,20X-Clon3-Indif-plusDox-D3-Foto1.tif,926,7.689,21.394,5.517,4.285
16,20X-Clon3-Indif-plusDox-D3-Foto1.tif,628,7.689,53.796,6.610,16.540
17,20X-Clon3-Indif-plusDox-D3-Foto1.tif,587,7.689,43.388,90.278,2.164
18,20X-Clon3-Indif-plusDox-D3-Foto1.tif,527,7.689,35.886,6.027,20.643
19,20X-Clon3-Indif-plusDox-D3-Foto1.tif,151,7.689,116.722,54.848,1.868
20,20X-Clon3-Indif-plusDox-D3-Foto1.tif,697,7.689,31.201,6.304,37.704
21,20X-Clon3-Indif-plusDox-D3-Foto1.tif,806,7.689,24.366,5.382,2.666
22,20X-Clon3-Indif-plusDox-D3-Foto1.tif,760,7.689,26.097,6.400,12.095
23,20X-Clon3-Indif-plusDox-D3-Foto1.tif,561,7.689,34.102,6.702,16.317
24,20X-Clon3-Indif-plusDox-D3-Foto1.tif,681,7.689,42.366,92.775,4.887
25,20X-Clon3-Indif-plusDox-D3-Foto1.tif,880,7.689,34.615,36.875,3.047
26,20X-Clon3-Indif-plusDox-D3-Foto1.tif,719,7.689,28.527,6.968,37.812
27,20X-Clon3-Indif-plusDox-D3-Foto1.tif,524,7.689,36.498,6.261,19.443
28,20X-Clon3-Indif-plusDox-D3-Foto1.tif,541,7.689,34.259,47.939,3.579
29,20X-Clon3-Indif-plusDox-D3-Foto1.tif,181,7.689,119.768,11.028,41.442
30,20X-Clon3-Indif-plusDox-D3-Foto1.tif,843,7.689,26.852,6.129,60.300
31,20X-Clon3-Indif-plusDox-D3-Foto1.tif,379,7.689,46.654,7.741,13.177
32,20X-Clon3-Indif-plusDox-D3-Foto1.tif,658,7.689,30.772,91.606,4.348
33,20X-Clon3-Indif-plusDox-D3-Foto1.tif,566,7.689,34.428,7.516,37.486
34,20X-Clon3-Indif-plusDox-D3-Foto1.tif,473,7.689,38.063,12.233,17.283
35,20X-Clon3-Indif-plusDox-D3-Foto1.tif,831,7.689,24.872,5.792,17.255
36,20X-Clon3-Indif-plusDox-D3-Foto1.tif,479,7.689,36.620,9.658,16.305
37,20X-Clon3-Indif-plusDox-D3-Foto1.tif,1018,7.689,41.348,6.196,26.488
38,20X-Clon3-Indif-plusDox-D3-Foto1.tif,908,7.689,43.009,6.250,24.498
39,20X-Clon3-Indif-plusDox-D3-Foto1.tif,119,7.689,77.008,9.504,7.286
40,20X-Clon3-Indif-plusDox-D3-Foto1.tif,570,7.689,34.579,96.442,2.216
41,20X-Clon3-Indif-plusDox-D3-Foto1.tif,557,7.689,33.185,10.908,14.612
42,20X-Clon3-Indif-plusDox-D3-Foto1.tif,597,7.689,33.189,5.829,13.199
43,20X-Clon3-Indif-plusDox-D3-Foto1.tif,815,7.689,35.187,118.945,2.564
44,20X-Clon3-Indif-plusDox-D3-Foto1.tif,453,7.689,37.035,112.872,2.664
45,20X-Clon3-Indif-plusDox-D3-Foto1.tif,479,7.689,41.438,8.413,23.276
46,20X-Clon3-Indif-plusDox-D3-Foto1.tif,927,7.689,40.581,70.131,3.791
47,20X-Clon3-Indif-plusDox-D3-Foto1.tif,498,7.689,42.807,90.380,2.072
48,20X-Clon3-Indif-plusDox-D3-Foto1.tif,462,7.689,48.032,107.249,3.827
49,20X-Clon3-Indif-plusDox-D3-Foto1.tif,699,7.689,37.432,6.589,8.541
50,20X-Clon3-Indif-plusDox-D3-Foto1.tif,787,7.689,46.061,52.942,4.072
51,20X-Clon3-Indif-plusDox-D3-Foto1.tif,187,7.689,105.829,22.316,9.251
52,20X-Clon3-Indif-plusDox-D3-Foto1.tif,1072,7.689,43.610,7.521,19.413
53,20X-Clon3-Indif-plusDox-D3-Foto1.tif,861,7.689,41.448,73.445,2.129
54,20X-Clon3-Indif-plusDox-D3-Foto1.tif,474,7.689,37.135,7.508,61.730
55,20X-Clon3-Indif-plusDox-D3-Foto1.tif,748,7.689,54.107,7.587,21.156
56,20X-Clon3-Indif-plusDox-D3-Foto1.tif,798,7.689,25.199,5.690,2.996
57,20X-Clon3-Indif-plusDox-D3-Foto1.tif,764,7.689,32.887,21.838,1.983
58,20X-Clon3-Indif-plusDox-D3-Foto1.tif,828,7.689,40.574,5.976,11.868
59,20X-Clon3-Indif-plusDox-D3-Foto1.tif,618,7.689,37.799,6.217,36.076
60,20X-Clon3-Indif-plusDox-D3-Foto1.tif,509,7.689,36.806,5.988,9.754
61,20X-Clon3-Indif-plusDox-D3-Foto1.tif,439,7.689,53.139,157.692,1.626
62,20X-Clon3-Indif-plusDox-D3-Foto1.tif,417,7.689,47.187,7.978,21.499
63,20X-Clon3-Indif-plusDox-D3-Foto1.tif,610,7.689,37.472,60.718,3.770
64,20X-Clon3-Indif-plusDox-D3-Foto1.tif,407,7.689,49.803,6.757,13.334
65,20X-Clon3-Indif-plusDox-D3-Foto1.tif,759,7.689,25.792,6.021,20.916
66,20X-Clon3-Indif-plusDox-D3-Foto1.tif,482,7.689,37.270,6.440,11.813
67,20X-Clon3-Indif-plusDox-D3-Foto1.tif,412,7.689,48.257,7.750,33.131
68,20X-Clon3-Indif-plusDox-D3-Foto1.tif,734,7.689,39.272,5.944,13.892
69,20X-Clon3-Indif-plusDox-D3-Foto1.tif,745,7.689,24.170,5.679,11.956
70,20X-Clon3-Indif-plusDox-D3-Foto1.tif,626,7.689,55.903,6.931,18.198
71,20X-Clon3-Indif-plusDox-D3-Foto1.tif,646,7.689,29.300,29.902,2.043
72,20X-Clon3-Indif-plusDox-D3-Foto1.tif,638,7.689,31.774,6.096,22.798
73,20X-Clon3-Indif-plusDox-D3-Foto1.tif,393,7.689,47.916,6.282,23.051
74,20X-Clon3-Indif-plusDox-D3-Foto1.tif,565,7.689,31.304,62.170,2.800
75,20X-Clon3-Indif-plusDox-D3-Foto1.tif,593,7.689,43.882,10.868,4.106
76,20X-Clon3-Indif-plusDox-D3-Foto1.tif,564,7.689,36.060,7.924,18.890
77,20X-Clon3-Indif-plusDox-D3-Foto1.tif,471,7.689,75.962,7.514,183.236
78,20X-Clon3-Indif-plusDox-D3-Foto1.tif,462,7.689,41.833,6.920,46.909
79,20X-Clon3-Indif-plusDox-D3-Foto1.tif,377,7.689,52.143,6.751,17.692
80,20X-Clon3-Indif-plusDox-D3-Foto1.tif,480,7.689,39.263,7.127,58.660
81,20X-Clon3-Indif-plusDox-D3-Foto1.tif,583,7.689,34.372,6.101,22.720
82,20X-Clon3-Indif-plusDox-D3-Foto1.tif,670,7.689,36.839,32.469,1.934
83,20X-Clon3-Indif-plusDox-D3-Foto1.tif,174,7.689,140.069,12.776,18.029
84,20X-Clon3-Indif-plusDox-D3-Foto1.tif,514,7.689,38.537,25.115,1.523
85,20X-Clon3-Indif-plusDox-D3-Foto1.tif,608,7.689,32.377,6.058,23.630
86,20X-Clon3-Indif-plusDox-D3-Foto1.tif,540,7.689,42.700,74.520,2.006
87,20X-Clon3-Indif-plusDox-D3-Foto1.tif,421,7.689,41.394,9.337,24.404
88,20X-Clon3-Indif-plusDox-D3-Foto1.tif,170,7.689,94.629,11.024,28.100
89,20X-Clon3-Indif-plusDox-D3-Foto1.tif,433,7.689,43.559,6.769,20.067
90,20X-Clon3-Indif-plusDox-D3-Foto1.tif,516,7.689,33.479,6.661,11.593
91,20X-Clon3-Indif-plusDox-D3-Foto1.tif,596,7.689,33.544,6.101,23.372
92,20X-Clon3-Indif-plusDox-D3-Foto1.tif,598,7.689,29.149,32.299,2.876
93,20X-Clon3-Indif-plusDox-D3-Foto1.tif,609,7.689,29.461,7.908,18.310
94,20X-Clon3-Indif-plusDox-D3-Foto1.tif,820,7.689,43.470,55.727,3.112
95,20X-Clon3-Indif-plusDox-D3-Foto1.tif,361,7.689,52.978,6.346,14.889
96,20X-Clon3-Indif-plusDox-D3-Foto1.tif,284,7.689,66.768,5.880,6.894
97,20X-Clon3-Indif-plusDox-D3-Foto1.tif,331,7.689,56.154,7.668,41.136
98,20X-Clon3-Indif-plusDox-D3-Foto1.tif,125,7.689,87.856,10.440,16.304
99,20X-Clon3-Indif-plusDox-D3-Foto1.tif,918,7.689,21.581,6.057,21.602
100,20X-Clon3-Indif-plusDox-D3-Foto1.tif,483,7.689,39.056,6.886,8.965
101,20X-Clon3-Indif-plusDox-D3-Foto1.tif,527,7.689,34.810,6.596,21.070
102,20X-Clon3-Indif-plusDox-D3-Foto1.tif,854,7.689,25.237,5.856,11.463
103,20X-Clon3-Indif-plusDox-D3-Foto1.tif,407,7.689,42.283,5.762,12.012
104,20X-Clon3-Indif-plusDox-D3-Foto1.tif,775,7.689,26.831,5.788,18.862
105,20X-Clon3-Indif-plusDox-D3-Foto1.tif,504,7.689,36.482,6.837,44.121
106,20X-Clon3-Indif-plusDox-D3-Foto1.tif,408,7.689,48.414,6.939,32.022
107,20X-Clon3-Indif-plusDox-D3-Foto1.tif,602,7.689,28.638,5.816,14.116
108,20X-Clon3-Indif-plusDox-D3-Foto1.tif,119,7.689,94.756,12.681,17.126
109,20X-Clon3-Indif-plusDox-D3-Foto1.tif,325,7.689,58.138,8.843,49.492
110,20X-Clon3-Indif-plusDox-D3-Foto1.tif,564,7.689,35.296,6.975,20.142
111,20X-Clon3-Indif-plusDox-D3-Foto1.tif,406,7.689,41.791,8.367,16.222
112,20X-Clon3-Indif-plusDox-D3-Foto1.tif,421,7.689,47.216,7.266,36.340
113,20X-Clon3-Indif-plusDox-D3-Foto1.tif,459,7.689,42.000,6.333,27.708
114,20X-Clon3-Indif-plusDox-D3-Foto1.tif,789,7.689,49.882,77.915,3.800
115,20X-Clon3-Indif-plusDox-D3-Foto1.tif,803,7.689,43.919,6.606,7.376
116,20X-Clon3-Indif-plusDox-D3-Foto1.tif,1318,7.689,30.325,6.939,18.442
117,20X-Clon3-Indif-plusDox-D3-Foto1.tif,370,7.689,47.781,6.527,10.703
118,20X-Clon3-Indif-plusDox-D3-Foto1.tif,484,7.689,41.444,7.669,30.576
119,20X-Clon3-Indif-plusDox-D3-Foto1.tif,341,7.689,46.384,9.921,6.144
120,20X-Clon3-Indif-plusDox-D3-Foto1.tif,994,7.689,41.315,96.218,5.138
121,20X-Clon3-Indif-plusDox-D3-Foto1.tif,735,7.689,47.045,6.973,36.531
122,20X-Clon3-Indif-plusDox-D3-Foto1.tif,694,7.689,33.931,6.318,45.416
123,20X-Clon3-Indif-plusDox-D3-Foto1.tif,447,7.689,45.823,6.702,35.595
124,20X-Clon3-Indif-plusDox-D3-Foto1.tif,567,7.689,41.586,51.381,5.720
125,20X-Clon3-Indif-plusDox-D3-Foto1.tif,432,7.689,38.090,7.090,25.815
126,20X-Clon3-Indif-plusDox-D3-Foto1.tif,592,7.689,30.174,6.147,14.461
127,20X-Clon3-Indif-plusDox-D3-Foto1.tif,422,7.689,40.076,7.528,26.104
128,20X-Clon3-Indif-plusDox-D3-Foto1.tif,555,7.689,33.962,6.681,17.411
129,20X-Clon3-Indif-plusDox-D3-Foto1.tif,807,7.689,22.782,5.796,13.266
130,20X-Clon3-Indif-plusDox-D3-Foto1.tif,669,7.689,28.111,5.892,15.423
131,20X-Clon3-Indif-plusDox-D3-Foto1.tif,175,7.689,79.074,10.617,4.411
132,20X-Clon3-Indif-plusDox-D3-Foto1.tif,368,7.689,47.628,10.098,14.198
133,20X-Clon3-Indif-plusDox-D3-Foto1.tif,139,7.689,136.590,21.173,9.173
134,20X-Clon3-Indif-plusDox-D3-Foto1.tif,758,7.689,42.780,5.925,11.938
135,20X-Clon3-Indif-plusDox-D3-Foto1.tif,639,7.689,62.219,12.495,21.653
136,20X-Clon3-Indif-plusDox-D3-Foto1.tif,727,7.689,28.684,6.418,43.032
137,20X-Clon3-Indif-plusDox-D3-Foto1.tif,470,7.689,37.804,10.036,31.489
138,20X-Clon3-Indif-plusDox-D3-Foto1.tif,443,7.689,48.727,8.278,65.251
139,20X-Clon3-Indif-plusDox-D3-Foto1.tif,712,7.689,33.031,6.015,39.621
140,20X-Clon3-Indif-plusDox-D3-Foto1.tif,389,7.689,41.098,113.113,2.602
141,20X-Clon3-Indif-plusDox-D3-Foto1.tif,628,7.689,39.516,8.982,11.986
142,20X-Clon3-Indif-plusDox-D3-Foto1.tif,1004,7.689,37.610,28.134,2.824
143,20X-Clon3-Indif-plusDox-D3-Foto1.tif,172,7.689,79.395,13.576,6.517
144,20X-Clon3-Indif-plusDox-D3-Foto1.tif,431,7.689,43.220,6.803,14.288
145,20X-Clon3-Indif-plusDox-D3-Foto1.tif,581,7.689,34.532,5.871,7.098
146,20X-Clon3-Indif-plusDox-D3-Foto1.tif,405,7.689,42.289,6.279,10.610
147,20X-Clon3-Indif-plusDox-D3-Foto1.tif,417,7.689,44.583,6.767,11.588
148,20X-Clon3-Indif-plusDox-D3-Foto1.tif,432,7.689,38.072,6.215,19.759
149,20X-Clon3-Indif-plusDox-D3-Foto1.tif,352,7.689,49.506,6.477,11.858
150,20X-Clon3-Indif-plusDox-D3-Foto1.tif,579,7.689,33.967,6.513,35.320
151,20X-Clon3-Indif-plusDox-D3-Foto1.tif,330,7.689,55.658,8.533,42.485
152,20X-Clon3-Indif-plusDox-D3-Foto1.tif,694,7.689,46.745,81.164,2.386
153,20X-Clon3-Indif-plusDox-D3-Foto1.tif,539,7.689,37.401,6.230,12.584
154,20X-Clon3-Indif-plusDox-D3-Foto1.tif,452,7.689,60.493,20.615,5.491
155,20X-Clon3-Indif-plusDox-D3-Foto1.tif,458,7.689,46.140,6.583,9.753
156,20X-Clon3-Indif-plusDox-D3-Foto1.tif,593,7.689,32.307,6.730,27.774
157,20X-Clon3-Indif-plusDox-D3-Foto1.tif,386,7.689,43.510,7.705,13.238
158,20X-Clon3-Indif-plusDox-D3-Foto1.tif,526,7.689,32.445,7.464,8.325
159,20X-Clon3-Indif-plusDox-D3-Foto1.tif,980,7.689,41.907,9.266,8.934
160,20X-Clon3-Indif-plusDox-D3-Foto1.tif,330,7.689,47.603,8.742,6.445
161,20X-Clon3-Indif-plusDox-D3-Foto1.tif,484,7.689,37.105,6.711,22.928
162,20X-Clon3-Indif-plusDox-D3-Foto1.tif,585,7.689,34.084,6.007,17.446
163,20X-Clon3-Indif-plusDox-D3-Foto1.tif,474,7.689,48.483,35.181,1.835
164,20X-Clon3-Indif-plusDox-D3-Foto1.tif,864,7.689,31.332,112.932,2.074
165,20X-Clon3-Indif-plusDox-D3-Foto1.tif,453,7.689,40.717,7.214,22.821
166,20X-Clon3-Indif-plusDox-D3-Foto1.tif,480,7.689,47.973,10.427,13.792
167,20X-Clon3-Indif-plusDox-D3-Foto1.tif,375,7.689,55.013,6.744,11.819
168,20X-Clon3-Indif-plusDox-D3-Foto1.tif,141,7.689,50.887,7.787,7.128
169,20X-Clon3-Indif-plusDox-D3-Foto1.tif,652,7.689,29.310,6.005,3.620
170,20X-Clon3-Indif-plusDox-D3-Foto1.tif,685,7.689,28.704,7.280,78.054
171,20X-Clon3-Indif-plusDox-D3-Foto1.tif,428,7.689,46.565,7.339,52.645
172,20X-Clon3-Indif-plusDox-D3-Foto1.tif,703,7.689,45.613,6.073,12.774
173,20X-Clon3-Indif-plusDox-D3-Foto1.tif,749,7.689,48.710,7.734,23.619
174,20X-Clon3-Indif-plusDox-D3-Foto1.tif,487,7.689,40.741,7.183,40.343
175,20X-Clon3-Indif-plusDox-D3-Foto1.tif,896,7.689,31.257,6.311,15.712
176,20X-Clon3-Indif-plusDox-D3-Foto1.tif,431,7.689,35.524,6.186,11.722
177,20X-Clon3-Indif-plusDox-D3-Foto1.tif,516,7.689,35.136,6.260,13.366
178,20X-Clon3-Indif-plusDox-D3-Foto1.tif,571,7.689,46.396,7.441,10.135
179,20X-Clon3-Indif-plusDox-D3-Foto1.tif,570,7.689,33.786,5.960,17.651
180,20X-Clon3-Indif-plusDox-D3-Foto1.tif,478,7.689,36.354,5.726,5.743
181,20X-Clon3-Indif-plusDox-D3-Foto1.tif,352,7.689,52.094,6.580,14.037
182,20X-Clon3-Indif-plusDox-D3-Foto1.tif,684,7.689,56.126,11.444,42.852
183,20X-Clon3-Indif-plusDox-D3-Foto1.tif,685,7.689,46.978,55.286,5.102
184,20X-Clon3-Indif-plusDox-D3-Foto1.tif,768,7.689,43.790,6.134,16.483
185,20X-Clon3-Indif-plusDox-D3-Foto1.tif,207,7.689,97.459,9.870,15.469
186,20X-Clon3-Indif-plusDox-D3-Foto1.tif,586,7.689,38.394,6.125,15.916
187,20X-Clon3-Indif-plusDox-D3-Foto1.tif,402,7.689,41.050,6.572,17.386
188,20X-Clon3-Indif-plusDox-D3-Foto1.tif,93,7.689,111.882,11.204,5.441
189,20X-Clon3-Indif-plusDox-D3-Foto1.tif,189,7.689,64.413,13.894,51.402
190,20X-Clon3-Indif-plusDox-D3-Foto1.tif,152,7.689,63.421,13.066,5.658
191,20X-Clon3-Indif-plusDox-D3-Foto1.tif,507,7.689,38.310,6.882,20.586
192,20X-Clon3-Indif-plusDox-D3-Foto1.tif,382,7.689,43.008,6.927,12.372
193,20X-Clon3-Indif-plusDox-D3-Foto1.tif,373,7.689,47.426,7.040,42.552
194,20X-Clon3-Indif-plusDox-D3-Foto1.tif,825,7.689,25.876,6.097,46.461
195,20X-Clon3-Indif-plusDox-D3-Foto1.tif,338,7.689,45.435,13.234,8.609
196,20X-Clon3-Indif-plusDox-D3-Foto1.tif,514,7.689,38.774,5.696,6.444
197,20X-Clon3-Indif-plusDox-D3-Foto1.tif,510,7.689,40.039,6.465,46.031
198,20X-Clon3-Indif-plusDox-D3-Foto1.tif,392,7.689,47.860,6.587,11.781
199,20X-Clon3-Indif-plusDox-D3-Foto1.tif,688,7.689,28.327,6.257,16.974
200,20X-Clon3-Indif-plusDox-D3-Foto1.tif,111,7.689,77.631,10.793,6.703
201,20X-Clon3-Indif-plusDox-D3-Foto1.tif,556,7.689,46.417,40.311,4.908
202,20X-Clon3-Indif-plusDox-D3-Foto1.tif,390,7.689,47.426,9.015,6.949
203,20X-Clon3-Indif-plusDox-D3-Foto1.tif,347,7.689,53.772,7.124,40.303
204,20X-Clon3-Indif-plusDox-D3-Foto1.tif,675,7.689,31.264,6.519,37.292
205,20X-Clon3-Indif-plusDox-D3-Foto1.tif,729,7.689,25.289,6.232,17.143
206,20X-Clon3-Indif-plusDox-D3-Foto1.tif,139,7.689,72.820,10.302,10.906
207,20X-Clon3-Indif-plusDox-D3-Foto1.tif,699,7.689,29.468,5.973,15.439
208,20X-Clon3-Indif-plusDox-D3-Foto1.tif,437,7.689,44.963,6.664,13.764
209,20X-Clon3-Indif-plusDox-D3-Foto1.tif,533,7.689,38.591,5.837,9.893
210,20X-Clon3-Indif-plusDox-D3-Foto1.tif,358,7.689,52.749,5.640,4.187
211,20X-Clon3-Indif-plusDox-D3-Foto1.tif,627,7.689,31.973,7.504,16.003
212,20X-Clon3-Indif-plusDox-D3-Foto1.tif,451,7.689,38.290,8.211,30.789
213,20X-Clon3-Indif-plusDox-D3-Foto1.tif,530,7.689,36.443,5.555,6.268
214,20X-Clon3-Indif-plusDox-D3-Foto1.tif,390,7.689,46.474,5.987,12.159
215,20X-Clon3-Indif-plusDox-D3-Foto1.tif,432,7.689,38.683,6.940,74.924
216,20X-Clon3-Indif-plusDox-D3-Foto1.tif,601,7.689,28.977,7.211,13.704
217,20X-Clon3-Indif-plusDox-D3-Foto1.tif,380,7.689,48.445,7.239,22.763
218,20X-Clon3-Indif-plusDox-D3-Foto1.tif,455,7.689,41.424,5.965,14.099
219,20X-Clon3-Indif-plusDox-D3-Foto1.tif,460,7.689,43.102,6.589,15.809
220,20X-Clon3-Indif-plusDox-D3-Foto1.tif,461,7.689,36.679,5.900,8.245
221,20X-Clon3-Indif-plusDox-D3-Foto1.tif,530,7.689,32.726,6.753,5.760
222,20X-Clon3-Indif-plusDox-D3-Foto1.tif,743,7.689,63.178,8.106,12.233
223,20X-Clon3-Indif-plusDox-D3-Foto1.tif,230,7.689,66.504,12.387,5.465
224,20X-Clon3-Indif-plusDox-D3-Foto1.tif,699,7.689,28.239,6.107,9.256
225,20X-Clon3-Indif-plusDox-D3-Foto1.tif,581,7.689,46.332,7.511,3.275
226,20X-Clon3-Indif-plusDox-D3-Foto1.tif,478,7.689,49.149,6.257,15.797
227,20X-Clon3-Indif-plusDox-D3-Foto1.tif,234,7.689,144.782,8.487,22.436
228,20X-Clon3-Indif-plusDox-D3-Foto1.tif,1435,7.689,28.236,5.638,13.944
229,20X-Clon3-Indif-plusDox-D3-Foto1.tif,336,7.689,65.515,12.009,31.399
230,20X-Clon3-Indif-plusDox-D3-Foto1.tif,330,7.689,55.803,7.652,40.052
231,20X-Clon3-Indif-plusDox-D3-Foto1.tif,827,7.689,40.774,6.144,13.041
232,20X-Clon3-Indif-plusDox-D3-Foto1.tif,597,7.689,33.529,6.479,36.119
233,20X-Clon3-Indif-plusDox-D3-Foto1.tif,479,7.689,39.069,5.766,20.524
234,20X-Clon3-Indif-plusDox-D3-Foto1.tif,659,7.689,31.856,6.809,18.061
235,20X-Clon3-Indif-plusDox-D3-Foto1.tif,144,7.689,76.160,11.326,25.576
236,20X-Clon3-Indif-plusDox-D3-Foto1.tif,1102,7.689,39.509,6.221,16.888
237,20X-Clon3-Indif-plusDox-D3-Foto1.tif,693,7.689,31.615,6.310,59.107
238,20X-Clon3-Indif-plusDox-D3-Foto1.tif,497,7.689,38.889,11.089,12.652
239,20X-Clon3-Indif-plusDox-D3-Foto1.tif,624,7.689,28.067,6.252,15.579
240,20X-Clon3-Indif-plusDox-D3-Foto1.tif,574,7.689,33.341,5.880,19.946
241,20X-Clon3-Indif-plusDox-D3-Foto1.tif,422,7.689,57.111,7.666,12.699
242,20X-Clon3-Indif-plusDox-D3-Foto1.tif,619,7.689,32.223,6.635,15.336
243,20X-Clon3-Indif-plusDox-D3-Foto1.tif,847,7.689,44.634,51.136,2.268
244,20X-Clon3-Indif-plusDox-D3-Foto1.tif,900,7.689,44.701,5.729,18.347
245,20X-Clon3-Indif-plusDox-D3-Foto1.tif,553,7.689,35.917,6.067,29.740
246,20X-Clon3-Indif-plusDox-D3-Foto1.tif,760,7.689,32.903,7.258,81.062
247,20X-Clon3-Indif-plusDox-D3-Foto1.tif,670,7.689,27.049,6.601,79.836
248,20X-Clon3-Indif-plusDox-D3-Foto1.tif,716,7.689,54.450,5.663,3.978
249,20X-Clon3-Indif-plusDox-D3-Foto1.tif,398,7.689,47.492,9.470,6.304
250,20X-Clon3-Indif-plusDox-D3-Foto1.tif,353,7.689,50.266,7.524,28.212
251,20X-Clon3-Indif-plusDox-D3-Foto1.tif,341,7.689,55.331,6.707,14.918
252,20X-Clon3-Indif-plusDox-D3-Foto1.tif,493,7.689,67.974,12.507,7.026
253,20X-Clon3-Indif-plusDox-D3-Foto1.tif,270,7.689,122.674,12.267,7.893
254,20X-Clon3-Indif-plusDox-D3-Foto1.tif,320,7.689,36.316,6.353,16.472
255,20X-Clon3-Indif-plusDox-D3-Foto1.tif,787,7.689,48.394,6.121,23.546
256,20X-Clon3-Indif-plusDox-D3-Foto1.tif,547,7.689,34.150,6.408,18.110
257,20X-Clon3-Indif-plusDox-D3-Foto1.tif,712,7.689,21.742,5.230,8.028
258,20X-Clon3-Indif-plusDox-D3-Foto1.tif,550,7.689,38.236,5.762,8.207
259,20X-Clon3-Indif-plusDox-D3-Foto1.tif,949,7.689,36.486,7.180,28.477
260,20X-Clon3-Indif-plusDox-D3-Foto1.tif,669,7.689,26.886,6.091,15.788
261,20X-Clon3-Indif-plusDox-D3-Foto1.tif,520,7.689,60.927,9.971,20.523
262,20X-Clon3-Indif-plusDox-D3-Foto1.tif,720,7.689,28.283,6.619,91.089
263,20X-Clon3-Indif-plusDox-D3-Foto1.tif,850,7.689,45.146,32.896,2.131
264,20X-Clon3-Indif-plusDox-D3-Foto1.tif,682,7.689,30.223,9.182,21.421
265,20X-Clon3-Indif-plusDox-D3-Foto1.tif,638,7.689,80.061,7.002,7.378
266,20X-Clon3-Indif-plusDox-D3-Foto1.tif,696,7.689,26.194,15.194,2.852
267,20X-Clon3-Indif-plusDox-D3-Foto1.tif,546,7.689,65.342,9.674,42.780
268,20X-Clon3-Indif-plusDox-D3-Foto1.tif,574,7.689,36.051,59.584,5.296
269,20X-Clon3-Indif-plusDox-D3-Foto1.tif,402,7.689,44.520,7.425,33.512
270,20X-Clon3-Indif-plusDox-D3-Foto1.tif,177,7.689,72.537,11.266,14.130
271,20X-Clon3-Indif-plusDox-D3-Foto1.tif,437,7.689,39.389,6.247,11.286
272,20X-Clon3-Indif-plusDox-D3-Foto1.tif,446,7.689,41.076,7.399,28.473
273,20X-Clon3-Indif-plusDox-D3-Foto1.tif,303,7.689,43.868,7.505,33.822
274,20X-Clon3-Indif-plusDox-D3-Foto1.tif,593,7.689,64.747,7.204,31.153
275,20X-Clon3-Indif-plusDox-D3-Foto1.tif,613,7.689,63.403,7.605,44.573
276,20X-Clon3-Indif-plusDox-D3-Foto1.tif,117,7.689,62.077,10.718,9.624
277,20X-Clon3-Indif-plusDox-D3-Foto1.tif,217,7.689,44.567,10.129,34.217
278,20X-Clon3-Indif-plusDox-D3-Foto1.tif,297,7.689,45.936,6.569,15.791
279,20X-Clon3-Indif-plusDox-D3-Foto1.tif,206,7.689,69.709,9.058,11.427
280,20X-Clon3-Indif-plusDox-D3-Foto1.tif,331,7.689,38.628,8.187,64.465
281,20X-Clon3-Indif-plusDox-D3-Foto1.tif,465,7.689,35.394,6.658,10.778
282,20X-Clon3-Indif-plusDox-D3-Foto1.tif,230,7.689,31.391,6.265,38.952
283,20X-Clon3-Indif-plusDox-D3-Foto1.tif,813,7.689,42.410,7.587,13.614
284,20X-Clon3-Indif-plusDox-D3-Foto1.tif,182,7.689,45.434,9.797,7.357
285,20X-Clon3-Indif-plusDox-D3-Foto1.tif,250,7.689,72.804,9.040,69.728
286,20X-Clon3-Indif-plusDox-D3-Foto1.tif,584,7.689,50.978,6.830,11.116
287,20X-Clon3-Indif-plusDox-D3-Foto1.tif,457,7.689,30.845,6.125,6.291
288,20X-Clon3-Indif-plusDox-D3-Foto1.tif,254,7.689,31.500,6.276,15.803
289,20X-Clon3-Indif-plusDox-D3-Foto1.tif,287,7.689,81.387,33.826,2.652
290,20X-Clon3-Indif-plusDox-D3-Foto1.tif,290,7.689,34.693,7.214,56.755
291,20X-Clon3-Indif-plusDox-D3-Foto1.tif,468,7.689,55.496,8.472,15.032
292,20X-Clon3-Indif-plusDox-D3-Foto1.tif,284,7.689,81.989,12.067,9.599
293,20X-Clon3-Indif-plusDox-D3-Foto1.tif,406,7.689,38.421,6.717,14.813
294,20X-Clon3-Indif-plusDox-D3-Foto1.tif,264,7.689,59.545,13.326,53.515
295,20X-Clon3-Indif-plusDox-D3-Foto1.tif,424,7.689,62.316,6.842,23.432
296,20X-Clon3-Indif-plusDox-D3-Foto1.tif,460,7.689,33.263,5.824,8.959
297,20X-Clon3-Indif-plusDox-D3-Foto1.tif,142,7.689,61.986,10.585,15.268
298,20X-Clon3-Indif-plusDox-D3-Foto1.tif,123,7.689,89.049,11.789,15.797
299,20X-Clon3-Indif-plusDox-D3-Foto1.tif,481,7.689,50.439,7.102,13.387
300,20X-Clon3-Indif-plusDox-D3-Foto1.tif,420,7.689,41.212,6.171,12.540
301,20X-Clon3-Indif-plusDox-D3-Foto1.tif,155,7.689,72.994,8.477,14.594
302,20X-Clon3-Indif-plusDox-D3-Foto1.tif,348,7.689,32.672,7.598,14.003
303,20X-Clon3-Indif-plusDox-D3-Foto1.tif,562,7.689,55.762,10.354,6.374
304,20X-Clon3-Indif-plusDox-D3-Foto1.tif,121,7.689,37.438,7.331,27.777
305,20X-Clon3-Indif-plusDox-D3-Foto1.tif,492,7.689,38.323,6.657,36.870
306,20X-Clon3-Indif-plusDox-D3-Foto1.tif,78,7.689,69.538,9.038,30.410
307,20X-Clon3-Indif-plusDox-D3-Foto1.tif,67,7.689,50.448,11.821,16.627
308,20X-Clon3-Indif-plusDox-D3-Foto1.tif,273,7.689,70.524,7.322,28.410
309,20X-Clon3-Indif-plusDox-D3-Foto1.tif,118,7.689,49.076,11.271,19.195
310,20X-Clon3-Indif-plusDox-D3-Foto1.tif,917,7.689,37.003,6.206,26.192
311,20X-Clon3-Indif-plusDox-D3-Foto1.tif,1260,7.689,31.625,6.871,23.160
312,20X-Clon3-Indif-plusDox-D3-Foto1.tif,81,7.689,78.802,9.593,20.691
313,20X-Clon3-Indif-plusDox-D3-Foto1.tif,462,7.689,43.485,7.253,53.385
314,20X-Clon3-Indif-plusDox-D3-Foto1.tif,64,7.689,53.500,9.594,6.250
315,20X-Clon3-Indif-plusDox-D3-Foto1.tif,117,7.689,22.590,24.855,4.068
316,20X-Clon3-Indif-plusDox-D3-Foto1.tif,221,7.689,59.131,11.778,4.819
317,20X-Clon3-Indif-plusDox-D3-Foto1.tif,659,7.689,42.335,9.829,54.953
318,20X-Clon3-Indif-plusDox-D3-Foto1.tif,152,7.689,55.796,15.171,2.461
319,20X-Clon3-Indif-plusDox-D3-Foto1.tif,181,7.689,42.713,6.713,27.646
320,20X-Clon3-Indif-plusDox-D3-Foto1.tif,103,7.689,60.680,13.505,29.204
321,20X-Clon3-Indif-plusDox-D3-Foto1.tif,146,7.689,62.116,16.842,8.610
322,20X-Clon3-Indif-plusDox-D3-Foto1.tif,139,7.689,60.504,12.906,10.388
323,20X-Clon3-Indif-plusDox-D3-Foto1.tif,241,7.689,44.299,71.361,2.170
324,20X-Clon3-Indif-plusDox-D3-Foto1.tif,467,7.689,93.212,10.966,5.077
325,20X-Clon3-Indif-plusDox-D3-Foto1.tif,74,7.689,40.243,14.905,20.203
326,20X-Clon3-Indif-plusDox-D3-Foto1.tif,287,7.689,38.596,10.063,35.544
327,20X-Clon3-Indif-plusDox-D3-Foto1.tif,242,7.689,42.314,105.942,1.645
328,20X-Clon3-Indif-plusDox-D3-Foto1.tif,200,7.689,75.180,9.975,7.995
329,20X-Clon3-Indif-plusDox-D3-Foto1.tif,52,7.689,28.712,8.058,41.192
330,20X-Clon3-Indif-plusDox-D3-Foto1.tif,78,7.689,30.115,5.231,2.192
331,20X-Clon3-Indif-plusDox-D3-Foto1.tif,239,7.689,50.038,44.305,4.272
332,20X-Clon3-Indif-plusDox-D3-Foto1.tif,36,7.689,41.444,7.694,17.806
333,20X-Clon3-Indif-plusDox-D3-Foto1.tif,39,7.689,54.128,9.744,17.769
334,20X-Clon3-Indif-plusDox-D3-Foto1.tif,967,7.689,12.386,121.606,7.502
335,20X-Clon3-Indif-plusDox-D3-Foto1.tif,39,7.689,27.769,8.077,6.103
