ROI,ImageID,Area,mCherry_Mean_rolling_background,DAPI_Mean,Nanog_Mean,mCherry_Mean
1,20X-Clon3-Indif-plusDox-D1-Foto2.tif,537,6.629,34.518,80.236,2.611
2,20X-Clon3-Indif-plusDox-D1-Foto2.tif,817,6.629,27.880,7.151,13.878
3,20X-Clon3-Indif-plusDox-D1-Foto2.tif,760,6.629,24.046,19.597,8.764
4,20X-Clon3-Indif-plusDox-D1-Foto2.tif,1057,6.629,18.138,17.258,6.020
5,20X-Clon3-Indif-plusDox-D1-Foto2.tif,566,6.629,24.426,58.307,2.495
6,20X-Clon3-Indif-plusDox-D1-Foto2.tif,796,6.629,26.872,16.275,7.969
7,20X-Clon3-Indif-plusDox-D1-Foto2.tif,658,6.629,36.821,99.225,4.988
8,20X-Clon3-Indif-plusDox-D1-Foto2.tif,699,6.629,25.355,19.052,9.123
9,20X-Clon3-Indif-plusDox-D1-Foto2.tif,558,6.629,23.783,6.384,11.649
10,20X-Clon3-Indif-plusDox-D1-Foto2.tif,924,6.629,18.719,43.702,7.350
11,20X-Clon3-Indif-plusDox-D1-Foto2.tif,567,6.629,22.619,24.644,5.857
12,20X-Clon3-Indif-plusDox-D1-Foto2.tif,729,6.629,28.796,6.576,27.497
13,20X-Clon3-Indif-plusDox-D1-Foto2.tif,513,6.629,25.589,8.195,7.850
14,20X-Clon3-Indif-plusDox-D1-Foto2.tif,534,6.629,29.803,6.096,22.002
15,20X-Clon3-Indif-plusDox-D1-Foto2.tif,838,6.629,30.740,7.063,28.353
16,20X-Clon3-Indif-plusDox-D1-Foto2.tif,535,6.629,25.690,8.075,14.206
17,20X-Clon3-Indif-plusDox-D1-Foto2.tif,501,6.629,29.088,11.273,12.832
18,20X-Clon3-Indif-plusDox-D1-Foto2.tif,656,6.629,28.188,73.811,2.442
19,20X-Clon3-Indif-plusDox-D1-Foto2.tif,442,6.629,28.507,6.993,13.647
20,20X-Clon3-Indif-plusDox-D1-Foto2.tif,533,6.629,27.011,5.848,55.169
21,20X-Clon3-Indif-plusDox-D1-Foto2.tif,677,6.629,28.796,51.298,3.225
22,20X-Clon3-Indif-plusDox-D1-Foto2.tif,691,6.629,21.355,45.404,4.452
23,20X-Clon3-Indif-plusDox-D1-Foto2.tif,842,6.629,21.467,11.201,8.064
24,20X-Clon3-Indif-plusDox-D1-Foto2.tif,640,6.629,35.219,6.883,22.455
25,20X-Clon3-Indif-plusDox-D1-Foto2.tif,460,6.629,23.613,81.267,7.543
26,20X-Clon3-Indif-plusDox-D1-Foto2.tif,777,6.629,16.719,25.485,5.284
27,20X-Clon3-Indif-plusDox-D1-Foto2.tif,546,6.629,22.132,39.665,3.148
28,20X-Clon3-Indif-plusDox-D1-Foto2.tif,318,6.629,46.648,5.840,37.248
29,20X-Clon3-Indif-plusDox-D1-Foto2.tif,478,6.629,22.184,6.356,17.912
30,20X-Clon3-Indif-plusDox-D1-Foto2.tif,714,6.629,20.360,6.506,37.284
31,20X-Clon3-Indif-plusDox-D1-Foto2.tif,326,6.629,31.261,7.209,22.018
32,20X-Clon3-Indif-plusDox-D1-Foto2.tif,616,6.629,23.615,51.390,3.742
33,20X-Clon3-Indif-plusDox-D1-Foto2.tif,403,6.629,29.973,9.184,40.591
34,20X-Clon3-Indif-plusDox-D1-Foto2.tif,746,6.629,22.725,6.235,18.928
35,20X-Clon3-Indif-plusDox-D1-Foto2.tif,447,6.629,33.582,6.251,32.705
36,20X-Clon3-Indif-plusDox-D1-Foto2.tif,445,6.629,27.128,6.721,14.124
37,20X-Clon3-Indif-plusDox-D1-Foto2.tif,614,6.629,20.728,17.995,9.779
38,20X-Clon3-Indif-plusDox-D1-Foto2.tif,547,6.629,24.740,37.205,6.856
39,20X-Clon3-Indif-plusDox-D1-Foto2.tif,260,6.629,54.158,7.488,31.481
40,20X-Clon3-Indif-plusDox-D1-Foto2.tif,638,6.629,21.082,62.323,2.596
41,20X-Clon3-Indif-plusDox-D1-Foto2.tif,491,6.629,28.411,6.081,27.002
42,20X-Clon3-Indif-plusDox-D1-Foto2.tif,409,6.629,34.716,40.733,1.293
43,20X-Clon3-Indif-plusDox-D1-Foto2.tif,426,6.629,28.411,10.404,8.948
44,20X-Clon3-Indif-plusDox-D1-Foto2.tif,507,6.629,24.499,10.385,10.574
45,20X-Clon3-Indif-plusDox-D1-Foto2.tif,683,6.629,22.814,65.760,1.499
46,20X-Clon3-Indif-plusDox-D1-Foto2.tif,603,6.629,30.668,35.716,6.114
47,20X-Clon3-Indif-plusDox-D1-Foto2.tif,816,6.629,19.270,5.855,6.919
48,20X-Clon3-Indif-plusDox-D1-Foto2.tif,531,6.629,26.096,5.614,23.220
49,20X-Clon3-Indif-plusDox-D1-Foto2.tif,694,6.629,42.048,6.860,30.258
50,20X-Clon3-Indif-plusDox-D1-Foto2.tif,572,6.629,25.129,7.248,39.841
51,20X-Clon3-Indif-plusDox-D1-Foto2.tif,454,6.629,25.930,6.802,15.780
52,20X-Clon3-Indif-plusDox-D1-Foto2.tif,481,6.629,23.538,6.308,21.206
53,20X-Clon3-Indif-plusDox-D1-Foto2.tif,874,6.629,24.262,13.947,11.654
54,20X-Clon3-Indif-plusDox-D1-Foto2.tif,661,6.629,25.570,6.844,23.634
55,20X-Clon3-Indif-plusDox-D1-Foto2.tif,302,6.629,40.073,7.278,30.185
56,20X-Clon3-Indif-plusDox-D1-Foto2.tif,430,6.629,29.279,7.991,30.288
57,20X-Clon3-Indif-plusDox-D1-Foto2.tif,379,6.629,40.113,8.984,19.955
58,20X-Clon3-Indif-plusDox-D1-Foto2.tif,429,6.629,32.380,66.338,5.289
59,20X-Clon3-Indif-plusDox-D1-Foto2.tif,754,6.629,28.114,46.507,2.895
60,20X-Clon3-Indif-plusDox-D1-Foto2.tif,648,6.629,24.028,47.559,4.645
61,20X-Clon3-Indif-plusDox-D1-Foto2.tif,494,6.629,30.656,5.980,16.427
62,20X-Clon3-Indif-plusDox-D1-Foto2.tif,370,6.629,38.338,53.822,1.559
63,20X-Clon3-Indif-plusDox-D1-Foto2.tif,752,6.629,41.080,6.531,49.355
64,20X-Clon3-Indif-plusDox-D1-Foto2.tif,217,6.629,51.134,29.512,18.124
65,20X-Clon3-Indif-plusDox-D1-Foto2.tif,311,6.629,44.997,80.576,5.807
66,20X-Clon3-Indif-plusDox-D1-Foto2.tif,568,6.629,27.088,5.688,14.074
67,20X-Clon3-Indif-plusDox-D1-Foto2.tif,214,6.629,61.603,6.944,52.150
68,20X-Clon3-Indif-plusDox-D1-Foto2.tif,709,6.629,17.052,17.001,8.244
69,20X-Clon3-Indif-plusDox-D1-Foto2.tif,458,6.629,30.616,89.954,2.771
70,20X-Clon3-Indif-plusDox-D1-Foto2.tif,542,6.629,24.135,6.793,38.576
71,20X-Clon3-Indif-plusDox-D1-Foto2.tif,457,6.629,31.379,5.807,17.129
72,20X-Clon3-Indif-plusDox-D1-Foto2.tif,337,6.629,73.086,9.822,45.614
73,20X-Clon3-Indif-plusDox-D1-Foto2.tif,653,6.629,42.196,7.190,70.456
74,20X-Clon3-Indif-plusDox-D1-Foto2.tif,440,6.629,35.384,6.852,21.802
75,20X-Clon3-Indif-plusDox-D1-Foto2.tif,481,6.629,26.819,6.133,31.141
76,20X-Clon3-Indif-plusDox-D1-Foto2.tif,705,6.629,42.306,7.470,26.550
77,20X-Clon3-Indif-plusDox-D1-Foto2.tif,819,6.629,24.242,40.346,2.283
78,20X-Clon3-Indif-plusDox-D1-Foto2.tif,190,6.629,14.874,7.074,25.005
79,20X-Clon3-Indif-plusDox-D1-Foto2.tif,504,6.629,41.206,5.812,12.696
80,20X-Clon3-Indif-plusDox-D1-Foto2.tif,578,6.629,36.235,73.962,0.986
81,20X-Clon3-Indif-plusDox-D1-Foto2.tif,555,6.629,31.948,9.330,51.018
82,20X-Clon3-Indif-plusDox-D1-Foto2.tif,690,6.629,25.180,18.477,4.957
83,20X-Clon3-Indif-plusDox-D1-Foto2.tif,288,6.629,42.618,6.403,20.240
84,20X-Clon3-Indif-plusDox-D1-Foto2.tif,535,6.629,29.301,7.088,28.204
85,20X-Clon3-Indif-plusDox-D1-Foto2.tif,854,6.629,30.420,6.561,23.424
86,20X-Clon3-Indif-plusDox-D1-Foto2.tif,1313,6.629,20.228,6.101,34.625
87,20X-Clon3-Indif-plusDox-D1-Foto2.tif,490,6.629,26.569,7.394,35.078
88,20X-Clon3-Indif-plusDox-D1-Foto2.tif,531,6.629,26.981,6.177,54.271
89,20X-Clon3-Indif-plusDox-D1-Foto2.tif,540,6.629,30.081,6.020,59.635
90,20X-Clon3-Indif-plusDox-D1-Foto2.tif,647,6.629,37.719,8.442,15.057
91,20X-Clon3-Indif-plusDox-D1-Foto2.tif,642,6.629,30.506,29.684,5.653
92,20X-Clon3-Indif-plusDox-D1-Foto2.tif,556,6.629,21.953,26.468,6.917
93,20X-Clon3-Indif-plusDox-D1-Foto2.tif,704,6.629,19.805,6.297,33.530
94,20X-Clon3-Indif-plusDox-D1-Foto2.tif,723,6.629,30.136,56.676,3.068
95,20X-Clon3-Indif-plusDox-D1-Foto2.tif,605,6.629,34.833,10.742,14.527
96,20X-Clon3-Indif-plusDox-D1-Foto2.tif,1144,6.629,32.172,6.611,24.600
97,20X-Clon3-Indif-plusDox-D1-Foto2.tif,389,6.629,24.882,6.242,16.401
98,20X-Clon3-Indif-plusDox-D1-Foto2.tif,569,6.629,22.907,5.415,20.589
99,20X-Clon3-Indif-plusDox-D1-Foto2.tif,474,6.629,19.093,6.546,18.196
100,20X-Clon3-Indif-plusDox-D1-Foto2.tif,109,6.629,7.330,6.321,4.358
101,20X-Clon3-Indif-plusDox-D1-Foto2.tif,86,6.629,6.512,3.860,1.453
