ROI,ImageID,Area,mCherry_Mean_rolling_background,DAPI_Mean,Nanog_Mean,mCherry_Mean
1,20X-Clon3-Indif-minusDox-D0-Foto3.tif,683,6.743,58.751,79.972,1.223
2,20X-Clon3-Indif-minusDox-D0-Foto3.tif,985,6.743,44.826,48.237,0.548
3,20X-Clon3-Indif-minusDox-D0-Foto3.tif,818,6.743,59.457,66.131,0.874
4,20X-Clon3-Indif-minusDox-D0-Foto3.tif,688,6.743,63.846,50.465,1.763
5,20X-Clon3-Indif-minusDox-D0-Foto3.tif,691,6.743,60.779,72.815,1.331
6,20X-Clon3-Indif-minusDox-D0-Foto3.tif,838,6.743,54.668,57.667,1.301
7,20X-Clon3-Indif-minusDox-D0-Foto3.tif,838,6.743,54.995,71.459,1.742
8,20X-Clon3-Indif-minusDox-D0-Foto3.tif,1004,6.743,48.617,70.558,1.852
9,20X-Clon3-Indif-minusDox-D0-Foto3.tif,919,6.743,48.156,50.294,0.449
10,20X-Clon3-Indif-minusDox-D0-Foto3.tif,999,6.743,50.120,87.652,1.317
11,20X-Clon3-Indif-minusDox-D0-Foto3.tif,756,6.743,52.766,59.267,1.320
12,20X-Clon3-Indif-minusDox-D0-Foto3.tif,594,6.743,43.040,51.421,0.911
13,20X-Clon3-Indif-minusDox-D0-Foto3.tif,150,6.743,135.793,25.140,1.713
14,20X-Clon3-Indif-minusDox-D0-Foto3.tif,787,6.743,60.961,63.093,1.389
15,20X-Clon3-Indif-minusDox-D0-Foto3.tif,919,6.743,54.263,76.913,1.003
16,20X-Clon3-Indif-minusDox-D0-Foto3.tif,561,6.743,62.818,70.526,0.783
17,20X-Clon3-Indif-minusDox-D0-Foto3.tif,467,6.743,41.700,68.627,0.824
18,20X-Clon3-Indif-minusDox-D0-Foto3.tif,669,6.743,57.761,65.115,0.846
19,20X-Clon3-Indif-minusDox-D0-Foto3.tif,533,6.743,41.458,74.293,0.585
20,20X-Clon3-Indif-minusDox-D0-Foto3.tif,525,6.743,59.164,54.627,0.808
21,20X-Clon3-Indif-minusDox-D0-Foto3.tif,941,6.743,50.599,78.884,0.459
22,20X-Clon3-Indif-minusDox-D0-Foto3.tif,648,6.743,55.202,60.767,0.474
23,20X-Clon3-Indif-minusDox-D0-Foto3.tif,704,6.743,45.234,49.234,0.764
24,20X-Clon3-Indif-minusDox-D0-Foto3.tif,808,6.743,54.339,70.814,1.297
25,20X-Clon3-Indif-minusDox-D0-Foto3.tif,702,6.743,73.501,79.528,1.348
26,20X-Clon3-Indif-minusDox-D0-Foto3.tif,679,6.743,56.570,68.297,1.613
27,20X-Clon3-Indif-minusDox-D0-Foto3.tif,927,6.743,54.120,82.241,1.913
28,20X-Clon3-Indif-minusDox-D0-Foto3.tif,1660,6.743,55.913,134.897,1.334
29,20X-Clon3-Indif-minusDox-D0-Foto3.tif,701,6.743,73.053,75.683,1.548
30,20X-Clon3-Indif-minusDox-D0-Foto3.tif,517,6.743,39.331,59.851,1.379
31,20X-Clon3-Indif-minusDox-D0-Foto3.tif,737,6.743,45.761,57.178,0.772
32,20X-Clon3-Indif-minusDox-D0-Foto3.tif,703,6.743,56.619,55.238,1.563
33,20X-Clon3-Indif-minusDox-D0-Foto3.tif,832,6.743,53.258,45.743,0.529
34,20X-Clon3-Indif-minusDox-D0-Foto3.tif,625,6.743,72.998,93.440,1.018
35,20X-Clon3-Indif-minusDox-D0-Foto3.tif,766,6.743,52.206,49.168,0.450
36,20X-Clon3-Indif-minusDox-D0-Foto3.tif,793,6.743,62.831,65.942,0.902
37,20X-Clon3-Indif-minusDox-D0-Foto3.tif,115,6.743,138.765,15.348,1.991
38,20X-Clon3-Indif-minusDox-D0-Foto3.tif,574,6.743,64.794,50.383,1.260
39,20X-Clon3-Indif-minusDox-D0-Foto3.tif,617,6.743,49.571,43.311,1.556
40,20X-Clon3-Indif-minusDox-D0-Foto3.tif,491,6.743,68.644,69.986,0.937
41,20X-Clon3-Indif-minusDox-D0-Foto3.tif,784,6.743,59.346,71.941,0.490
42,20X-Clon3-Indif-minusDox-D0-Foto3.tif,733,6.743,60.195,55.171,1.394
43,20X-Clon3-Indif-minusDox-D0-Foto3.tif,931,6.743,54.057,83.737,1.570
44,20X-Clon3-Indif-minusDox-D0-Foto3.tif,604,6.743,48.717,53.346,0.916
45,20X-Clon3-Indif-minusDox-D0-Foto3.tif,566,6.743,47.781,75.155,0.929
46,20X-Clon3-Indif-minusDox-D0-Foto3.tif,619,6.743,71.798,71.068,0.536
47,20X-Clon3-Indif-minusDox-D0-Foto3.tif,760,6.743,60.963,104.505,1.611
48,20X-Clon3-Indif-minusDox-D0-Foto3.tif,667,6.743,81.855,85.996,0.682
49,20X-Clon3-Indif-minusDox-D0-Foto3.tif,712,6.743,69.194,84.143,0.848
50,20X-Clon3-Indif-minusDox-D0-Foto3.tif,805,6.743,49.793,72.302,1.851
51,20X-Clon3-Indif-minusDox-D0-Foto3.tif,563,6.743,52.853,55.950,0.458
52,20X-Clon3-Indif-minusDox-D0-Foto3.tif,372,6.743,72.548,31.753,1.008
53,20X-Clon3-Indif-minusDox-D0-Foto3.tif,606,6.743,56.667,74.437,1.327
54,20X-Clon3-Indif-minusDox-D0-Foto3.tif,601,6.743,68.700,68.150,0.714
55,20X-Clon3-Indif-minusDox-D0-Foto3.tif,394,6.743,61.074,61.470,1.591
56,20X-Clon3-Indif-minusDox-D0-Foto3.tif,415,6.743,97.214,96.002,0.810
57,20X-Clon3-Indif-minusDox-D0-Foto3.tif,699,6.743,71.479,77.514,1.496
58,20X-Clon3-Indif-minusDox-D0-Foto3.tif,486,6.743,46.805,67.846,1.800
59,20X-Clon3-Indif-minusDox-D0-Foto3.tif,655,6.743,72.412,76.093,1.576
60,20X-Clon3-Indif-minusDox-D0-Foto3.tif,699,6.743,70.927,66.744,0.373
61,20X-Clon3-Indif-minusDox-D0-Foto3.tif,656,6.743,62.274,47.916,1.820
62,20X-Clon3-Indif-minusDox-D0-Foto3.tif,434,6.743,64.590,73.707,1.569
63,20X-Clon3-Indif-minusDox-D0-Foto3.tif,533,6.743,52.961,58.189,1.379
64,20X-Clon3-Indif-minusDox-D0-Foto3.tif,775,6.743,41.997,36.218,1.639
65,20X-Clon3-Indif-minusDox-D0-Foto3.tif,705,6.743,44.156,59.704,0.772
66,20X-Clon3-Indif-minusDox-D0-Foto3.tif,445,6.743,63.355,56.730,0.429
67,20X-Clon3-Indif-minusDox-D0-Foto3.tif,635,6.743,71.698,65.331,1.170
68,20X-Clon3-Indif-minusDox-D0-Foto3.tif,640,6.743,46.220,57.642,1.703
69,20X-Clon3-Indif-minusDox-D0-Foto3.tif,513,6.743,44.472,69.657,1.242
70,20X-Clon3-Indif-minusDox-D0-Foto3.tif,609,6.743,64.202,71.461,1.166
71,20X-Clon3-Indif-minusDox-D0-Foto3.tif,428,6.743,54.907,76.502,0.935
72,20X-Clon3-Indif-minusDox-D0-Foto3.tif,1019,6.743,51.835,79.407,0.301
73,20X-Clon3-Indif-minusDox-D0-Foto3.tif,779,6.743,54.053,75.433,1.304
74,20X-Clon3-Indif-minusDox-D0-Foto3.tif,441,6.743,61.342,49.098,0.435
75,20X-Clon3-Indif-minusDox-D0-Foto3.tif,541,6.743,46.994,31.819,0.492
76,20X-Clon3-Indif-minusDox-D0-Foto3.tif,633,6.743,40.005,69.109,0.346
77,20X-Clon3-Indif-minusDox-D0-Foto3.tif,707,6.743,85.494,54.639,1.324
78,20X-Clon3-Indif-minusDox-D0-Foto3.tif,451,6.743,71.435,99.803,1.164
79,20X-Clon3-Indif-minusDox-D0-Foto3.tif,433,6.743,130.510,26.855,1.095
80,20X-Clon3-Indif-minusDox-D0-Foto3.tif,466,6.743,50.144,58.740,1.803
81,20X-Clon3-Indif-minusDox-D0-Foto3.tif,547,6.743,41.627,64.322,1.320
82,20X-Clon3-Indif-minusDox-D0-Foto3.tif,568,6.743,69.685,61.715,1.572
83,20X-Clon3-Indif-minusDox-D0-Foto3.tif,351,6.743,67.829,34.000,1.256
84,20X-Clon3-Indif-minusDox-D0-Foto3.tif,506,6.743,45.800,19.968,0.690
85,20X-Clon3-Indif-minusDox-D0-Foto3.tif,847,6.743,47.576,42.731,1.406
86,20X-Clon3-Indif-minusDox-D0-Foto3.tif,340,6.743,73.171,40.771,1.662
87,20X-Clon3-Indif-minusDox-D0-Foto3.tif,478,6.743,54.033,81.644,1.607
88,20X-Clon3-Indif-minusDox-D0-Foto3.tif,471,6.743,52.794,54.352,0.439
89,20X-Clon3-Indif-minusDox-D0-Foto3.tif,746,6.743,62.190,67.076,0.391
90,20X-Clon3-Indif-minusDox-D0-Foto3.tif,678,6.743,44.479,50.229,1.791
91,20X-Clon3-Indif-minusDox-D0-Foto3.tif,649,6.743,43.653,71.958,1.410
92,20X-Clon3-Indif-minusDox-D0-Foto3.tif,466,6.743,55.494,47.631,1.129
93,20X-Clon3-Indif-minusDox-D0-Foto3.tif,452,6.743,93.823,41.980,1.173
94,20X-Clon3-Indif-minusDox-D0-Foto3.tif,577,6.743,49.426,65.400,1.023
95,20X-Clon3-Indif-minusDox-D0-Foto3.tif,611,6.743,52.979,41.396,1.404
96,20X-Clon3-Indif-minusDox-D0-Foto3.tif,745,6.743,42.110,35.801,1.272
97,20X-Clon3-Indif-minusDox-D0-Foto3.tif,400,6.743,66.127,53.175,1.070
98,20X-Clon3-Indif-minusDox-D0-Foto3.tif,446,6.743,93.552,101.274,1.043
99,20X-Clon3-Indif-minusDox-D0-Foto3.tif,793,6.743,58.484,75.117,0.734
100,20X-Clon3-Indif-minusDox-D0-Foto3.tif,476,6.743,43.616,50.868,1.376
101,20X-Clon3-Indif-minusDox-D0-Foto3.tif,558,6.743,62.781,70.167,0.841
102,20X-Clon3-Indif-minusDox-D0-Foto3.tif,536,6.743,56.972,61.274,0.326
103,20X-Clon3-Indif-minusDox-D0-Foto3.tif,668,6.743,62.647,71.292,1.424
104,20X-Clon3-Indif-minusDox-D0-Foto3.tif,411,6.743,51.606,60.445,0.925
105,20X-Clon3-Indif-minusDox-D0-Foto3.tif,513,6.743,83.815,36.645,1.211
106,20X-Clon3-Indif-minusDox-D0-Foto3.tif,637,6.743,57.739,66.146,1.096
107,20X-Clon3-Indif-minusDox-D0-Foto3.tif,631,6.743,46.246,48.339,0.990
108,20X-Clon3-Indif-minusDox-D0-Foto3.tif,536,6.743,39.035,7.907,0.897
109,20X-Clon3-Indif-minusDox-D0-Foto3.tif,935,6.743,48.896,55.575,1.419
110,20X-Clon3-Indif-minusDox-D0-Foto3.tif,526,6.743,73.127,75.738,0.823
111,20X-Clon3-Indif-minusDox-D0-Foto3.tif,385,6.743,75.361,75.457,0.314
112,20X-Clon3-Indif-minusDox-D0-Foto3.tif,674,6.743,73.558,67.567,0.409
113,20X-Clon3-Indif-minusDox-D0-Foto3.tif,848,6.743,53.946,99.658,1.274
114,20X-Clon3-Indif-minusDox-D0-Foto3.tif,860,6.743,55.764,76.192,1.238
115,20X-Clon3-Indif-minusDox-D0-Foto3.tif,413,6.743,52.412,20.637,1.533
116,20X-Clon3-Indif-minusDox-D0-Foto3.tif,588,6.743,52.014,59.170,1.048
117,20X-Clon3-Indif-minusDox-D0-Foto3.tif,774,6.743,56.996,90.183,1.488
118,20X-Clon3-Indif-minusDox-D0-Foto3.tif,824,6.743,70.347,47.459,0.919
119,20X-Clon3-Indif-minusDox-D0-Foto3.tif,1137,6.743,51.475,45.553,1.088
120,20X-Clon3-Indif-minusDox-D0-Foto3.tif,408,6.743,55.426,70.196,1.804
121,20X-Clon3-Indif-minusDox-D0-Foto3.tif,254,6.743,146.390,34.189,1.661
122,20X-Clon3-Indif-minusDox-D0-Foto3.tif,328,6.743,65.015,61.046,1.729
123,20X-Clon3-Indif-minusDox-D0-Foto3.tif,542,6.743,44.701,111.044,1.443
124,20X-Clon3-Indif-minusDox-D0-Foto3.tif,815,6.743,67.869,74.320,0.690
125,20X-Clon3-Indif-minusDox-D0-Foto3.tif,239,6.743,133.770,41.962,1.029
126,20X-Clon3-Indif-minusDox-D0-Foto3.tif,379,6.743,46.602,58.982,0.699
127,20X-Clon3-Indif-minusDox-D0-Foto3.tif,882,6.743,46.831,69.958,1.865
128,20X-Clon3-Indif-minusDox-D0-Foto3.tif,370,6.743,54.668,44.889,0.927
129,20X-Clon3-Indif-minusDox-D0-Foto3.tif,638,6.743,54.577,79.817,1.450
130,20X-Clon3-Indif-minusDox-D0-Foto3.tif,403,6.743,71.015,15.330,0.973
131,20X-Clon3-Indif-minusDox-D0-Foto3.tif,1177,6.743,37.502,40.854,0.507
132,20X-Clon3-Indif-minusDox-D0-Foto3.tif,406,6.743,52.160,26.030,0.850
133,20X-Clon3-Indif-minusDox-D0-Foto3.tif,487,6.743,85.259,95.813,1.078
134,20X-Clon3-Indif-minusDox-D0-Foto3.tif,682,6.743,67.119,89.767,0.636
135,20X-Clon3-Indif-minusDox-D0-Foto3.tif,407,6.743,48.877,113.757,1.447
136,20X-Clon3-Indif-minusDox-D0-Foto3.tif,620,6.743,45.113,38.484,1.350
137,20X-Clon3-Indif-minusDox-D0-Foto3.tif,677,6.743,92.487,65.462,0.975
138,20X-Clon3-Indif-minusDox-D0-Foto3.tif,461,6.743,45.208,83.946,0.924
139,20X-Clon3-Indif-minusDox-D0-Foto3.tif,464,6.743,49.946,74.192,0.675
140,20X-Clon3-Indif-minusDox-D0-Foto3.tif,676,6.743,33.231,61.240,0.953
141,20X-Clon3-Indif-minusDox-D0-Foto3.tif,833,6.743,58.492,73.327,1.511
142,20X-Clon3-Indif-minusDox-D0-Foto3.tif,996,6.743,115.745,76.190,0.328
143,20X-Clon3-Indif-minusDox-D0-Foto3.tif,655,6.743,69.395,56.557,1.421
144,20X-Clon3-Indif-minusDox-D0-Foto3.tif,401,6.743,106.297,107.267,0.955
145,20X-Clon3-Indif-minusDox-D0-Foto3.tif,601,6.743,40.725,76.579,1.511
146,20X-Clon3-Indif-minusDox-D0-Foto3.tif,591,6.743,54.523,55.080,0.777
147,20X-Clon3-Indif-minusDox-D0-Foto3.tif,758,6.743,63.417,59.223,0.653
148,20X-Clon3-Indif-minusDox-D0-Foto3.tif,587,6.743,63.884,52.828,0.521
149,20X-Clon3-Indif-minusDox-D0-Foto3.tif,489,6.743,57.395,74.307,1.274
150,20X-Clon3-Indif-minusDox-D0-Foto3.tif,854,6.743,47.827,103.814,1.439
151,20X-Clon3-Indif-minusDox-D0-Foto3.tif,456,6.743,51.046,66.941,1.015
152,20X-Clon3-Indif-minusDox-D0-Foto3.tif,754,6.743,48.492,54.814,1.170
153,20X-Clon3-Indif-minusDox-D0-Foto3.tif,805,6.743,70.286,101.322,1.186
154,20X-Clon3-Indif-minusDox-D0-Foto3.tif,479,6.743,49.447,51.096,0.879
155,20X-Clon3-Indif-minusDox-D0-Foto3.tif,708,6.743,52.951,52.379,1.326
156,20X-Clon3-Indif-minusDox-D0-Foto3.tif,462,6.743,47.597,54.314,1.221
157,20X-Clon3-Indif-minusDox-D0-Foto3.tif,272,6.743,69.125,46.967,0.901
158,20X-Clon3-Indif-minusDox-D0-Foto3.tif,841,6.743,78.008,72.479,1.083
159,20X-Clon3-Indif-minusDox-D0-Foto3.tif,483,6.743,46.317,71.770,1.346
160,20X-Clon3-Indif-minusDox-D0-Foto3.tif,738,6.743,67.188,79.583,1.512
161,20X-Clon3-Indif-minusDox-D0-Foto3.tif,489,6.743,41.978,72.035,1.638
162,20X-Clon3-Indif-minusDox-D0-Foto3.tif,583,6.743,74.928,81.811,0.870
163,20X-Clon3-Indif-minusDox-D0-Foto3.tif,587,6.743,57.368,78.235,1.152
164,20X-Clon3-Indif-minusDox-D0-Foto3.tif,816,6.743,59.564,48.071,1.221
165,20X-Clon3-Indif-minusDox-D0-Foto3.tif,512,6.743,63.414,52.574,0.934
166,20X-Clon3-Indif-minusDox-D0-Foto3.tif,287,6.743,82.143,23.286,1.105
167,20X-Clon3-Indif-minusDox-D0-Foto3.tif,529,6.743,40.599,23.060,1.276
168,20X-Clon3-Indif-minusDox-D0-Foto3.tif,623,6.743,40.881,70.204,0.961
169,20X-Clon3-Indif-minusDox-D0-Foto3.tif,636,6.743,60.879,74.896,0.687
170,20X-Clon3-Indif-minusDox-D0-Foto3.tif,399,6.743,77.757,128.083,1.025
171,20X-Clon3-Indif-minusDox-D0-Foto3.tif,1028,6.743,94.656,62.518,1.031
172,20X-Clon3-Indif-minusDox-D0-Foto3.tif,615,6.743,54.402,62.065,1.498
173,20X-Clon3-Indif-minusDox-D0-Foto3.tif,1592,6.743,68.719,66.435,0.805
174,20X-Clon3-Indif-minusDox-D0-Foto3.tif,432,6.743,58.046,106.514,1.289
175,20X-Clon3-Indif-minusDox-D0-Foto3.tif,722,6.743,57.148,52.223,1.583
176,20X-Clon3-Indif-minusDox-D0-Foto3.tif,487,6.743,44.678,58.622,1.528
177,20X-Clon3-Indif-minusDox-D0-Foto3.tif,619,6.743,41.700,60.955,1.456
178,20X-Clon3-Indif-minusDox-D0-Foto3.tif,1654,6.743,58.502,67.096,1.209
179,20X-Clon3-Indif-minusDox-D0-Foto3.tif,699,6.743,73.265,72.558,0.874
180,20X-Clon3-Indif-minusDox-D0-Foto3.tif,558,6.743,63.923,88.018,1.677
181,20X-Clon3-Indif-minusDox-D0-Foto3.tif,428,6.743,91.563,71.972,0.783
182,20X-Clon3-Indif-minusDox-D0-Foto3.tif,520,6.743,75.975,73.731,0.888
183,20X-Clon3-Indif-minusDox-D0-Foto3.tif,648,6.743,73.326,80.838,1.698
184,20X-Clon3-Indif-minusDox-D0-Foto3.tif,631,6.743,36.309,37.197,1.477
185,20X-Clon3-Indif-minusDox-D0-Foto3.tif,599,6.743,77.725,67.364,1.037
186,20X-Clon3-Indif-minusDox-D0-Foto3.tif,581,6.743,48.881,56.928,1.095
187,20X-Clon3-Indif-minusDox-D0-Foto3.tif,740,6.743,63.092,79.612,0.818
188,20X-Clon3-Indif-minusDox-D0-Foto3.tif,322,6.743,69.230,59.724,1.624
189,20X-Clon3-Indif-minusDox-D0-Foto3.tif,429,6.743,76.317,97.646,1.235
190,20X-Clon3-Indif-minusDox-D0-Foto3.tif,529,6.743,58.465,75.420,0.979
191,20X-Clon3-Indif-minusDox-D0-Foto3.tif,772,6.743,55.982,70.955,1.000
192,20X-Clon3-Indif-minusDox-D0-Foto3.tif,1017,6.743,93.683,67.369,0.842
193,20X-Clon3-Indif-minusDox-D0-Foto3.tif,790,6.743,63.418,82.806,1.578
194,20X-Clon3-Indif-minusDox-D0-Foto3.tif,467,6.743,69.512,91.675,1.218
195,20X-Clon3-Indif-minusDox-D0-Foto3.tif,578,6.743,60.389,58.711,1.062
196,20X-Clon3-Indif-minusDox-D0-Foto3.tif,464,6.743,63.310,60.963,0.705
197,20X-Clon3-Indif-minusDox-D0-Foto3.tif,498,6.743,49.633,81.169,1.612
198,20X-Clon3-Indif-minusDox-D0-Foto3.tif,620,6.743,62.665,115.553,1.450
199,20X-Clon3-Indif-minusDox-D0-Foto3.tif,623,6.743,68.889,83.925,1.283
200,20X-Clon3-Indif-minusDox-D0-Foto3.tif,347,6.743,62.156,159.222,1.288
201,20X-Clon3-Indif-minusDox-D0-Foto3.tif,484,6.743,49.816,81.273,0.771
202,20X-Clon3-Indif-minusDox-D0-Foto3.tif,724,6.743,70.341,83.946,0.448
203,20X-Clon3-Indif-minusDox-D0-Foto3.tif,570,6.743,75.821,102.332,1.119
204,20X-Clon3-Indif-minusDox-D0-Foto3.tif,950,6.743,63.642,89.702,0.789
205,20X-Clon3-Indif-minusDox-D0-Foto3.tif,499,6.743,81.180,125.966,1.443
206,20X-Clon3-Indif-minusDox-D0-Foto3.tif,194,6.743,74.845,8.675,1.077
207,20X-Clon3-Indif-minusDox-D0-Foto3.tif,392,6.743,54.056,101.457,0.719
208,20X-Clon3-Indif-minusDox-D0-Foto3.tif,689,6.743,52.649,55.396,1.360
209,20X-Clon3-Indif-minusDox-D0-Foto3.tif,564,6.743,81.555,86.762,1.417
210,20X-Clon3-Indif-minusDox-D0-Foto3.tif,486,6.743,96.586,101.628,0.829
211,20X-Clon3-Indif-minusDox-D0-Foto3.tif,1033,6.743,72.313,66.051,0.773
212,20X-Clon3-Indif-minusDox-D0-Foto3.tif,163,6.743,164.061,10.380,2.147
213,20X-Clon3-Indif-minusDox-D0-Foto3.tif,666,6.743,56.904,108.752,1.246
214,20X-Clon3-Indif-minusDox-D0-Foto3.tif,499,6.743,71.944,79.703,0.788
215,20X-Clon3-Indif-minusDox-D0-Foto3.tif,755,6.743,49.046,106.538,1.725
216,20X-Clon3-Indif-minusDox-D0-Foto3.tif,703,6.743,67.873,60.351,0.378
217,20X-Clon3-Indif-minusDox-D0-Foto3.tif,782,6.743,52.499,71.689,0.868
218,20X-Clon3-Indif-minusDox-D0-Foto3.tif,635,6.743,65.463,108.965,0.962
219,20X-Clon3-Indif-minusDox-D0-Foto3.tif,384,6.743,55.070,94.266,1.328
220,20X-Clon3-Indif-minusDox-D0-Foto3.tif,375,6.743,67.296,50.709,0.760
221,20X-Clon3-Indif-minusDox-D0-Foto3.tif,530,6.743,83.411,76.655,0.734
222,20X-Clon3-Indif-minusDox-D0-Foto3.tif,713,6.743,38.532,58.366,1.536
223,20X-Clon3-Indif-minusDox-D0-Foto3.tif,938,6.743,59.485,90.783,1.408
224,20X-Clon3-Indif-minusDox-D0-Foto3.tif,283,6.743,67.915,23.318,1.332
225,20X-Clon3-Indif-minusDox-D0-Foto3.tif,484,6.743,60.010,63.114,1.223
226,20X-Clon3-Indif-minusDox-D0-Foto3.tif,394,6.743,84.335,59.612,1.272
227,20X-Clon3-Indif-minusDox-D0-Foto3.tif,678,6.743,57.139,75.768,0.882
228,20X-Clon3-Indif-minusDox-D0-Foto3.tif,818,6.743,107.123,78.912,0.957
229,20X-Clon3-Indif-minusDox-D0-Foto3.tif,591,6.743,39.076,115.739,0.670
230,20X-Clon3-Indif-minusDox-D0-Foto3.tif,470,6.743,46.181,75.560,1.789
231,20X-Clon3-Indif-minusDox-D0-Foto3.tif,746,6.743,49.926,58.062,0.957
232,20X-Clon3-Indif-minusDox-D0-Foto3.tif,662,6.743,76.011,195.488,1.023
233,20X-Clon3-Indif-minusDox-D0-Foto3.tif,767,6.743,62.035,66.300,1.366
234,20X-Clon3-Indif-minusDox-D0-Foto3.tif,507,6.743,48.150,80.931,1.568
235,20X-Clon3-Indif-minusDox-D0-Foto3.tif,394,6.743,63.046,38.997,0.916
236,20X-Clon3-Indif-minusDox-D0-Foto3.tif,721,6.743,53.067,48.336,0.975
237,20X-Clon3-Indif-minusDox-D0-Foto3.tif,858,6.743,54.232,73.491,0.707
238,20X-Clon3-Indif-minusDox-D0-Foto3.tif,614,6.743,50.788,68.075,1.007
239,20X-Clon3-Indif-minusDox-D0-Foto3.tif,911,6.743,53.735,91.707,0.805
240,20X-Clon3-Indif-minusDox-D0-Foto3.tif,373,6.743,55.185,47.555,1.150
241,20X-Clon3-Indif-minusDox-D0-Foto3.tif,81,6.743,46.370,21.605,2.136
242,20X-Clon3-Indif-minusDox-D0-Foto3.tif,1125,6.743,47.606,38.173,0.713
243,20X-Clon3-Indif-minusDox-D0-Foto3.tif,169,6.743,98.716,30.485,0.775
244,20X-Clon3-Indif-minusDox-D0-Foto3.tif,449,6.743,51.886,93.929,1.178
245,20X-Clon3-Indif-minusDox-D0-Foto3.tif,689,6.743,62.794,100.457,0.736
246,20X-Clon3-Indif-minusDox-D0-Foto3.tif,470,6.743,57.947,56.568,0.917
247,20X-Clon3-Indif-minusDox-D0-Foto3.tif,567,6.743,59.453,63.453,0.949
248,20X-Clon3-Indif-minusDox-D0-Foto3.tif,674,6.743,68.088,69.396,1.353
249,20X-Clon3-Indif-minusDox-D0-Foto3.tif,649,6.743,43.356,61.928,0.499
250,20X-Clon3-Indif-minusDox-D0-Foto3.tif,709,6.743,80.745,61.975,1.286
251,20X-Clon3-Indif-minusDox-D0-Foto3.tif,418,6.743,126.897,69.660,0.557
252,20X-Clon3-Indif-minusDox-D0-Foto3.tif,576,6.743,89.181,65.120,0.491
253,20X-Clon3-Indif-minusDox-D0-Foto3.tif,605,6.743,57.868,68.833,0.721
254,20X-Clon3-Indif-minusDox-D0-Foto3.tif,960,6.743,71.296,75.623,1.141
255,20X-Clon3-Indif-minusDox-D0-Foto3.tif,195,6.743,114.021,81.231,0.708
256,20X-Clon3-Indif-minusDox-D0-Foto3.tif,667,6.743,58.942,50.271,0.895
257,20X-Clon3-Indif-minusDox-D0-Foto3.tif,467,6.743,44.385,53.655,0.362
258,20X-Clon3-Indif-minusDox-D0-Foto3.tif,1229,6.743,68.127,97.941,1.437
259,20X-Clon3-Indif-minusDox-D0-Foto3.tif,812,6.743,64.660,75.113,1.087
260,20X-Clon3-Indif-minusDox-D0-Foto3.tif,494,6.743,49.524,61.601,0.403
261,20X-Clon3-Indif-minusDox-D0-Foto3.tif,445,6.743,73.542,42.020,1.276
262,20X-Clon3-Indif-minusDox-D0-Foto3.tif,758,6.743,59.194,96.491,1.526
263,20X-Clon3-Indif-minusDox-D0-Foto3.tif,689,6.743,64.110,58.768,1.367
264,20X-Clon3-Indif-minusDox-D0-Foto3.tif,712,6.743,64.090,124.639,1.278
265,20X-Clon3-Indif-minusDox-D0-Foto3.tif,78,6.743,55.795,20.667,2.231
266,20X-Clon3-Indif-minusDox-D0-Foto3.tif,632,6.743,65.285,74.941,0.750
267,20X-Clon3-Indif-minusDox-D0-Foto3.tif,437,6.743,78.826,28.865,0.503
268,20X-Clon3-Indif-minusDox-D0-Foto3.tif,3161,6.743,20.535,10.063,1.088
269,20X-Clon3-Indif-minusDox-D0-Foto3.tif,631,6.743,58.463,53.027,1.279
270,20X-Clon3-Indif-minusDox-D0-Foto3.tif,275,6.743,81.051,17.178,1.171
271,20X-Clon3-Indif-minusDox-D0-Foto3.tif,749,6.743,36.316,38.581,1.358
272,20X-Clon3-Indif-minusDox-D0-Foto3.tif,406,6.743,86.057,70.663,1.409
273,20X-Clon3-Indif-minusDox-D0-Foto3.tif,114,6.743,111.772,27.649,2.588
274,20X-Clon3-Indif-minusDox-D0-Foto3.tif,467,6.743,43.349,78.139,1.561
275,20X-Clon3-Indif-minusDox-D0-Foto3.tif,247,6.743,63.462,16.939,0.814
276,20X-Clon3-Indif-minusDox-D0-Foto3.tif,335,6.743,66.313,59.576,0.788
277,20X-Clon3-Indif-minusDox-D0-Foto3.tif,347,6.743,80.156,47.308,1.254
278,20X-Clon3-Indif-minusDox-D0-Foto3.tif,788,6.743,63.528,72.676,1.298
279,20X-Clon3-Indif-minusDox-D0-Foto3.tif,608,6.743,47.456,77.238,1.421
280,20X-Clon3-Indif-minusDox-D0-Foto3.tif,503,6.743,56.584,56.757,0.672
281,20X-Clon3-Indif-minusDox-D0-Foto3.tif,461,6.743,61.354,71.963,0.924
282,20X-Clon3-Indif-minusDox-D0-Foto3.tif,669,6.743,57.945,74.303,0.967
283,20X-Clon3-Indif-minusDox-D0-Foto3.tif,831,6.743,65.735,69.730,1.164
284,20X-Clon3-Indif-minusDox-D0-Foto3.tif,416,6.743,60.293,64.825,1.228
285,20X-Clon3-Indif-minusDox-D0-Foto3.tif,450,6.743,48.791,97.644,1.002
286,20X-Clon3-Indif-minusDox-D0-Foto3.tif,296,6.743,107.186,56.743,1.459
287,20X-Clon3-Indif-minusDox-D0-Foto3.tif,562,6.743,60.164,61.767,0.409
288,20X-Clon3-Indif-minusDox-D0-Foto3.tif,133,6.743,31.308,4.489,0.669
289,20X-Clon3-Indif-minusDox-D0-Foto3.tif,630,6.743,59.624,79.010,0.503
290,20X-Clon3-Indif-minusDox-D0-Foto3.tif,254,6.743,45.000,48.161,0.453
291,20X-Clon3-Indif-minusDox-D0-Foto3.tif,309,6.743,61.757,54.663,0.447
292,20X-Clon3-Indif-minusDox-D0-Foto3.tif,331,6.743,79.967,44.909,0.737
293,20X-Clon3-Indif-minusDox-D0-Foto3.tif,293,6.743,77.727,13.659,1.334
294,20X-Clon3-Indif-minusDox-D0-Foto3.tif,426,6.743,55.962,53.678,0.840
295,20X-Clon3-Indif-minusDox-D0-Foto3.tif,502,6.743,48.669,47.233,0.769
296,20X-Clon3-Indif-minusDox-D0-Foto3.tif,423,6.743,50.927,44.118,0.794
297,20X-Clon3-Indif-minusDox-D0-Foto3.tif,140,6.743,63.914,12.157,0.957
298,20X-Clon3-Indif-minusDox-D0-Foto3.tif,168,6.743,75.768,9.167,2.202
299,20X-Clon3-Indif-minusDox-D0-Foto3.tif,1091,6.743,50.066,43.845,0.775
300,20X-Clon3-Indif-minusDox-D0-Foto3.tif,199,6.743,52.201,46.910,0.407
301,20X-Clon3-Indif-minusDox-D0-Foto3.tif,190,6.743,42.911,68.347,0.716
302,20X-Clon3-Indif-minusDox-D0-Foto3.tif,227,6.743,39.485,84.987,0.617
303,20X-Clon3-Indif-minusDox-D0-Foto3.tif,329,6.743,42.216,73.951,0.742
304,20X-Clon3-Indif-minusDox-D0-Foto3.tif,243,6.743,48.362,40.588,1.169
305,20X-Clon3-Indif-minusDox-D0-Foto3.tif,326,6.743,171.727,107.181,0.948
306,20X-Clon3-Indif-minusDox-D0-Foto3.tif,184,6.743,53.848,79.185,0.652
307,20X-Clon3-Indif-minusDox-D0-Foto3.tif,231,6.743,64.082,12.251,0.983
308,20X-Clon3-Indif-minusDox-D0-Foto3.tif,596,6.743,81.196,78.567,0.899
309,20X-Clon3-Indif-minusDox-D0-Foto3.tif,108,6.743,52.222,17.222,2.750
310,20X-Clon3-Indif-minusDox-D0-Foto3.tif,783,6.743,70.000,78.605,1.230
311,20X-Clon3-Indif-minusDox-D0-Foto3.tif,330,6.743,120.003,89.894,0.627
312,20X-Clon3-Indif-minusDox-D0-Foto3.tif,107,6.743,15.925,4.000,1.075
313,20X-Clon3-Indif-minusDox-D0-Foto3.tif,267,6.743,50.026,57.034,0.629
314,20X-Clon3-Indif-minusDox-D0-Foto3.tif,119,6.743,42.059,5.000,0.681
315,20X-Clon3-Indif-minusDox-D0-Foto3.tif,172,6.743,72.250,73.064,0.692
316,20X-Clon3-Indif-minusDox-D0-Foto3.tif,161,6.743,54.503,82.292,1.528
317,20X-Clon3-Indif-minusDox-D0-Foto3.tif,156,6.743,23.904,4.256,0.756
318,20X-Clon3-Indif-minusDox-D0-Foto3.tif,97,6.743,87.588,13.227,1.753
