ROI,ImageID,Area,mCherry_Mean_rolling_background,DAPI_Mean,Nanog_Mean,mCherry_Mean
1,20X-Clon3-Indif-plusDox-D1-Foto4.tif,460,6.125,27.996,70.741,5.109
2,20X-Clon3-Indif-plusDox-D1-Foto4.tif,729,6.125,33.276,85.337,3.420
3,20X-Clon3-Indif-plusDox-D1-Foto4.tif,784,6.125,30.764,8.253,26.820
4,20X-Clon3-Indif-plusDox-D1-Foto4.tif,441,6.125,26.270,9.048,48.422
5,20X-Clon3-Indif-plusDox-D1-Foto4.tif,647,6.125,22.734,16.737,6.995
6,20X-Clon3-Indif-plusDox-D1-Foto4.tif,701,6.125,30.629,17.929,5.718
7,20X-Clon3-Indif-plusDox-D1-Foto4.tif,733,6.125,36.004,10.046,20.799
8,20X-Clon3-Indif-plusDox-D1-Foto4.tif,651,6.125,27.974,41.616,2.527
9,20X-Clon3-Indif-plusDox-D1-Foto4.tif,518,6.125,30.129,17.176,9.446
10,20X-Clon3-Indif-plusDox-D1-Foto4.tif,777,6.125,26.398,50.017,1.956
11,20X-Clon3-Indif-plusDox-D1-Foto4.tif,559,6.125,24.733,6.998,14.472
12,20X-Clon3-Indif-plusDox-D1-Foto4.tif,386,6.125,27.093,7.762,56.829
13,20X-Clon3-Indif-plusDox-D1-Foto4.tif,456,6.125,30.700,8.327,13.991
14,20X-Clon3-Indif-plusDox-D1-Foto4.tif,609,6.125,33.970,81.330,2.614
15,20X-Clon3-Indif-plusDox-D1-Foto4.tif,694,6.125,24.617,9.756,12.164
16,20X-Clon3-Indif-plusDox-D1-Foto4.tif,469,6.125,28.053,7.160,14.043
17,20X-Clon3-Indif-plusDox-D1-Foto4.tif,524,6.125,23.712,72.319,6.219
18,20X-Clon3-Indif-plusDox-D1-Foto4.tif,436,6.125,26.273,8.874,33.257
19,20X-Clon3-Indif-plusDox-D1-Foto4.tif,1176,6.125,38.861,62.629,7.263
20,20X-Clon3-Indif-plusDox-D1-Foto4.tif,588,6.125,21.180,8.711,15.454
21,20X-Clon3-Indif-plusDox-D1-Foto4.tif,540,6.125,20.381,7.191,25.093
22,20X-Clon3-Indif-plusDox-D1-Foto4.tif,842,6.125,25.112,8.854,30.504
23,20X-Clon3-Indif-plusDox-D1-Foto4.tif,594,6.125,25.039,6.880,19.418
24,20X-Clon3-Indif-plusDox-D1-Foto4.tif,508,6.125,20.230,7.634,27.419
25,20X-Clon3-Indif-plusDox-D1-Foto4.tif,849,6.125,31.131,6.810,35.121
26,20X-Clon3-Indif-plusDox-D1-Foto4.tif,300,6.125,42.790,8.067,25.683
27,20X-Clon3-Indif-plusDox-D1-Foto4.tif,549,6.125,23.036,33.565,8.519
28,20X-Clon3-Indif-plusDox-D1-Foto4.tif,659,6.125,23.598,23.965,9.032
29,20X-Clon3-Indif-plusDox-D1-Foto4.tif,757,6.125,36.197,7.269,27.588
30,20X-Clon3-Indif-plusDox-D1-Foto4.tif,597,6.125,21.054,8.348,12.067
31,20X-Clon3-Indif-plusDox-D1-Foto4.tif,502,6.125,21.390,7.351,28.189
32,20X-Clon3-Indif-plusDox-D1-Foto4.tif,628,6.125,33.809,73.588,1.355
33,20X-Clon3-Indif-plusDox-D1-Foto4.tif,464,6.125,26.121,30.228,11.453
34,20X-Clon3-Indif-plusDox-D1-Foto4.tif,598,6.125,18.649,6.808,27.182
35,20X-Clon3-Indif-plusDox-D1-Foto4.tif,773,6.125,26.856,38.048,4.239
36,20X-Clon3-Indif-plusDox-D1-Foto4.tif,621,6.125,22.285,8.435,22.275
37,20X-Clon3-Indif-plusDox-D1-Foto4.tif,409,6.125,27.963,7.176,50.328
38,20X-Clon3-Indif-plusDox-D1-Foto4.tif,511,6.125,26.511,6.795,19.260
39,20X-Clon3-Indif-plusDox-D1-Foto4.tif,490,6.125,22.488,47.045,5.833
40,20X-Clon3-Indif-plusDox-D1-Foto4.tif,374,6.125,33.096,46.594,16.286
41,20X-Clon3-Indif-plusDox-D1-Foto4.tif,475,6.125,27.629,10.316,9.754
42,20X-Clon3-Indif-plusDox-D1-Foto4.tif,695,6.125,21.197,6.109,11.400
43,20X-Clon3-Indif-plusDox-D1-Foto4.tif,647,6.125,31.495,13.317,11.263
44,20X-Clon3-Indif-plusDox-D1-Foto4.tif,599,6.125,26.170,12.554,7.553
45,20X-Clon3-Indif-plusDox-D1-Foto4.tif,550,6.125,28.073,31.135,7.447
46,20X-Clon3-Indif-plusDox-D1-Foto4.tif,629,6.125,23.970,13.483,5.827
47,20X-Clon3-Indif-plusDox-D1-Foto4.tif,528,6.125,22.731,46.502,4.188
48,20X-Clon3-Indif-plusDox-D1-Foto4.tif,195,6.125,57.456,6.262,1.092
49,20X-Clon3-Indif-plusDox-D1-Foto4.tif,876,6.125,16.111,24.408,2.344
50,20X-Clon3-Indif-plusDox-D1-Foto4.tif,468,6.125,21.333,41.515,5.011
51,20X-Clon3-Indif-plusDox-D1-Foto4.tif,685,6.125,20.514,6.476,18.964
52,20X-Clon3-Indif-plusDox-D1-Foto4.tif,446,6.125,24.975,8.839,31.948
53,20X-Clon3-Indif-plusDox-D1-Foto4.tif,478,6.125,26.987,7.048,29.063
54,20X-Clon3-Indif-plusDox-D1-Foto4.tif,629,6.125,40.634,7.509,45.655
55,20X-Clon3-Indif-plusDox-D1-Foto4.tif,541,6.125,27.895,38.545,7.013
56,20X-Clon3-Indif-plusDox-D1-Foto4.tif,583,6.125,21.235,7.741,16.537
57,20X-Clon3-Indif-plusDox-D1-Foto4.tif,626,6.125,22.883,6.343,12.933
58,20X-Clon3-Indif-plusDox-D1-Foto4.tif,345,6.125,71.962,17.899,68.530
59,20X-Clon3-Indif-plusDox-D1-Foto4.tif,707,6.125,24.537,15.645,19.752
60,20X-Clon3-Indif-plusDox-D1-Foto4.tif,421,6.125,25.430,45.090,9.653
61,20X-Clon3-Indif-plusDox-D1-Foto4.tif,506,6.125,25.810,8.318,9.771
62,20X-Clon3-Indif-plusDox-D1-Foto4.tif,479,6.125,27.735,10.958,13.956
63,20X-Clon3-Indif-plusDox-D1-Foto4.tif,456,6.125,31.684,7.476,31.956
64,20X-Clon3-Indif-plusDox-D1-Foto4.tif,458,6.125,21.031,7.511,28.070
65,20X-Clon3-Indif-plusDox-D1-Foto4.tif,901,6.125,18.909,6.549,13.768
66,20X-Clon3-Indif-plusDox-D1-Foto4.tif,101,6.125,26.228,5.287,0.228
67,20X-Clon3-Indif-plusDox-D1-Foto4.tif,392,6.125,35.133,36.804,4.987
68,20X-Clon3-Indif-plusDox-D1-Foto4.tif,536,6.125,22.340,32.914,4.571
69,20X-Clon3-Indif-plusDox-D1-Foto4.tif,502,6.125,32.042,29.458,13.098
70,20X-Clon3-Indif-plusDox-D1-Foto4.tif,411,6.125,28.830,6.674,16.764
71,20X-Clon3-Indif-plusDox-D1-Foto4.tif,550,6.125,32.213,34.258,3.971
72,20X-Clon3-Indif-plusDox-D1-Foto4.tif,687,6.125,20.486,10.255,8.827
73,20X-Clon3-Indif-plusDox-D1-Foto4.tif,449,6.125,24.283,59.550,10.096
74,20X-Clon3-Indif-plusDox-D1-Foto4.tif,311,6.125,35.669,46.556,10.315
75,20X-Clon3-Indif-plusDox-D1-Foto4.tif,200,6.125,39.815,9.625,61.595
76,20X-Clon3-Indif-plusDox-D1-Foto4.tif,214,6.125,9.822,6.850,10.907
77,20X-Clon3-Indif-plusDox-D1-Foto4.tif,97,6.125,23.629,7.113,15.928
78,20X-Clon3-Indif-plusDox-D1-Foto4.tif,165,6.125,24.939,53.127,0.818
