ROI,ImageID,Area,mCherry_Mean_rolling_background,DAPI_Mean,Nanog_Mean,mCherry_Mean
1,20X-Clon3-Indif-plusDox-D2-Foto4.tif,671,7.581,24.095,5.659,31.741
2,20X-Clon3-Indif-plusDox-D2-Foto4.tif,860,7.581,31.833,5.741,8.593
3,20X-Clon3-Indif-plusDox-D2-Foto4.tif,1142,7.581,24.226,5.199,3.180
4,20X-Clon3-Indif-plusDox-D2-Foto4.tif,822,7.581,38.564,78.013,4.509
5,20X-Clon3-Indif-plusDox-D2-Foto4.tif,857,7.581,36.362,56.720,8.328
6,20X-Clon3-Indif-plusDox-D2-Foto4.tif,493,7.581,38.663,144.357,5.961
7,20X-Clon3-Indif-plusDox-D2-Foto4.tif,646,7.581,43.698,8.721,24.839
8,20X-Clon3-Indif-plusDox-D2-Foto4.tif,805,7.581,38.246,100.366,4.389
9,20X-Clon3-Indif-plusDox-D2-Foto4.tif,637,7.581,23.292,7.022,71.286
10,20X-Clon3-Indif-plusDox-D2-Foto4.tif,629,7.581,28.141,4.687,18.273
11,20X-Clon3-Indif-plusDox-D2-Foto4.tif,668,7.581,56.208,17.978,23.636
12,20X-Clon3-Indif-plusDox-D2-Foto4.tif,589,7.581,51.059,25.433,10.834
13,20X-Clon3-Indif-plusDox-D2-Foto4.tif,1104,7.581,29.657,21.552,4.247
14,20X-Clon3-Indif-plusDox-D2-Foto4.tif,453,7.581,34.146,8.446,28.278
15,20X-Clon3-Indif-plusDox-D2-Foto4.tif,1100,7.581,23.265,5.130,5.921
16,20X-Clon3-Indif-plusDox-D2-Foto4.tif,535,7.581,33.779,6.727,62.938
17,20X-Clon3-Indif-plusDox-D2-Foto4.tif,639,7.581,50.787,72.365,5.579
18,20X-Clon3-Indif-plusDox-D2-Foto4.tif,563,7.581,31.920,5.536,33.277
19,20X-Clon3-Indif-plusDox-D2-Foto4.tif,621,7.581,25.570,6.581,17.206
20,20X-Clon3-Indif-plusDox-D2-Foto4.tif,542,7.581,48.456,6.690,29.937
21,20X-Clon3-Indif-plusDox-D2-Foto4.tif,817,7.581,46.235,15.291,22.785
22,20X-Clon3-Indif-plusDox-D2-Foto4.tif,899,7.581,36.171,27.276,8.060
23,20X-Clon3-Indif-plusDox-D2-Foto4.tif,658,7.581,45.132,65.178,7.597
24,20X-Clon3-Indif-plusDox-D2-Foto4.tif,666,7.581,35.751,15.847,13.877
25,20X-Clon3-Indif-plusDox-D2-Foto4.tif,567,7.581,58.995,15.226,28.570
26,20X-Clon3-Indif-plusDox-D2-Foto4.tif,866,7.581,39.448,30.727,8.855
27,20X-Clon3-Indif-plusDox-D2-Foto4.tif,627,7.581,41.356,61.348,6.636
28,20X-Clon3-Indif-plusDox-D2-Foto4.tif,502,7.581,30.030,7.863,7.771
29,20X-Clon3-Indif-plusDox-D2-Foto4.tif,562,7.581,35.253,6.493,38.267
30,20X-Clon3-Indif-plusDox-D2-Foto4.tif,486,7.581,31.023,6.321,98.397
31,20X-Clon3-Indif-plusDox-D2-Foto4.tif,426,7.581,38.723,75.035,9.183
32,20X-Clon3-Indif-plusDox-D2-Foto4.tif,639,7.581,33.119,59.219,5.033
33,20X-Clon3-Indif-plusDox-D2-Foto4.tif,579,7.581,48.981,10.718,15.052
34,20X-Clon3-Indif-plusDox-D2-Foto4.tif,678,7.581,44.619,6.468,72.105
35,20X-Clon3-Indif-plusDox-D2-Foto4.tif,503,7.581,65.865,33.998,17.408
36,20X-Clon3-Indif-plusDox-D2-Foto4.tif,455,7.581,37.910,14.508,11.591
37,20X-Clon3-Indif-plusDox-D2-Foto4.tif,907,7.581,41.256,88.641,5.717
38,20X-Clon3-Indif-plusDox-D2-Foto4.tif,192,7.581,75.193,13.896,15.484
39,20X-Clon3-Indif-plusDox-D2-Foto4.tif,556,7.581,32.410,60.347,6.025
40,20X-Clon3-Indif-plusDox-D2-Foto4.tif,614,7.581,36.477,5.378,15.920
41,20X-Clon3-Indif-plusDox-D2-Foto4.tif,534,7.581,43.904,15.002,10.925
42,20X-Clon3-Indif-plusDox-D2-Foto4.tif,844,7.581,35.896,6.714,10.876
43,20X-Clon3-Indif-plusDox-D2-Foto4.tif,445,7.581,37.142,7.926,34.297
44,20X-Clon3-Indif-plusDox-D2-Foto4.tif,601,7.581,45.160,7.073,15.511
45,20X-Clon3-Indif-plusDox-D2-Foto4.tif,611,7.581,27.118,4.948,28.985
46,20X-Clon3-Indif-plusDox-D2-Foto4.tif,623,7.581,49.807,66.555,4.839
47,20X-Clon3-Indif-plusDox-D2-Foto4.tif,424,7.581,68.198,20.344,33.686
48,20X-Clon3-Indif-plusDox-D2-Foto4.tif,843,7.581,37.572,93.522,2.775
49,20X-Clon3-Indif-plusDox-D2-Foto4.tif,708,7.581,46.551,19.787,5.479
50,20X-Clon3-Indif-plusDox-D2-Foto4.tif,600,7.581,43.748,11.185,12.553
51,20X-Clon3-Indif-plusDox-D2-Foto4.tif,525,7.581,30.467,7.629,59.931
52,20X-Clon3-Indif-plusDox-D2-Foto4.tif,677,7.581,49.081,48.335,2.536
53,20X-Clon3-Indif-plusDox-D2-Foto4.tif,437,7.581,40.130,5.442,12.373
54,20X-Clon3-Indif-plusDox-D2-Foto4.tif,579,7.581,42.940,52.955,1.969
55,20X-Clon3-Indif-plusDox-D2-Foto4.tif,395,7.581,39.043,8.142,17.772
56,20X-Clon3-Indif-plusDox-D2-Foto4.tif,632,7.581,40.552,7.301,43.747
57,20X-Clon3-Indif-plusDox-D2-Foto4.tif,636,7.581,39.503,8.072,16.722
58,20X-Clon3-Indif-plusDox-D2-Foto4.tif,460,7.581,36.065,6.920,30.300
59,20X-Clon3-Indif-plusDox-D2-Foto4.tif,784,7.581,44.319,51.522,4.399
60,20X-Clon3-Indif-plusDox-D2-Foto4.tif,464,7.581,38.056,6.015,56.209
61,20X-Clon3-Indif-plusDox-D2-Foto4.tif,539,7.581,46.701,64.265,2.122
62,20X-Clon3-Indif-plusDox-D2-Foto4.tif,461,7.581,37.850,7.078,46.946
63,20X-Clon3-Indif-plusDox-D2-Foto4.tif,558,7.581,28.375,6.369,24.588
64,20X-Clon3-Indif-plusDox-D2-Foto4.tif,412,7.581,52.699,7.947,35.282
65,20X-Clon3-Indif-plusDox-D2-Foto4.tif,716,7.581,41.028,6.598,10.849
66,20X-Clon3-Indif-plusDox-D2-Foto4.tif,430,7.581,26.758,7.779,32.251
67,20X-Clon3-Indif-plusDox-D2-Foto4.tif,765,7.581,39.154,14.485,6.914
68,20X-Clon3-Indif-plusDox-D2-Foto4.tif,429,7.581,37.790,6.450,28.963
69,20X-Clon3-Indif-plusDox-D2-Foto4.tif,498,7.581,30.600,55.837,2.767
70,20X-Clon3-Indif-plusDox-D2-Foto4.tif,578,7.581,24.614,51.163,2.353
71,20X-Clon3-Indif-plusDox-D2-Foto4.tif,822,7.581,36.895,163.631,1.438
72,20X-Clon3-Indif-plusDox-D2-Foto4.tif,450,7.581,38.624,8.751,29.353
73,20X-Clon3-Indif-plusDox-D2-Foto4.tif,779,7.581,38.216,72.926,2.865
74,20X-Clon3-Indif-plusDox-D2-Foto4.tif,741,7.581,38.235,22.371,8.652
75,20X-Clon3-Indif-plusDox-D2-Foto4.tif,533,7.581,27.606,7.276,11.463
76,20X-Clon3-Indif-plusDox-D2-Foto4.tif,551,7.581,33.967,51.566,1.525
77,20X-Clon3-Indif-plusDox-D2-Foto4.tif,505,7.581,38.081,9.352,67.661
78,20X-Clon3-Indif-plusDox-D2-Foto4.tif,624,7.581,24.269,5.643,16.963
79,20X-Clon3-Indif-plusDox-D2-Foto4.tif,630,7.581,40.271,31.700,7.175
80,20X-Clon3-Indif-plusDox-D2-Foto4.tif,546,7.581,37.855,9.628,14.956
81,20X-Clon3-Indif-plusDox-D2-Foto4.tif,739,7.581,46.137,22.520,4.461
82,20X-Clon3-Indif-plusDox-D2-Foto4.tif,660,7.581,24.826,6.285,11.553
83,20X-Clon3-Indif-plusDox-D2-Foto4.tif,616,7.581,27.370,5.536,17.893
84,20X-Clon3-Indif-plusDox-D2-Foto4.tif,931,7.581,27.346,5.064,7.724
85,20X-Clon3-Indif-plusDox-D2-Foto4.tif,474,7.581,34.422,9.639,32.190
86,20X-Clon3-Indif-plusDox-D2-Foto4.tif,662,7.581,32.272,55.121,3.406
87,20X-Clon3-Indif-plusDox-D2-Foto4.tif,496,7.581,45.337,5.530,20.050
88,20X-Clon3-Indif-plusDox-D2-Foto4.tif,455,7.581,33.705,14.382,10.611
89,20X-Clon3-Indif-plusDox-D2-Foto4.tif,503,7.581,33.598,7.515,67.408
90,20X-Clon3-Indif-plusDox-D2-Foto4.tif,509,7.581,45.519,63.495,4.098
91,20X-Clon3-Indif-plusDox-D2-Foto4.tif,422,7.581,40.211,7.604,33.045
92,20X-Clon3-Indif-plusDox-D2-Foto4.tif,1000,7.581,33.588,5.416,46.112
93,20X-Clon3-Indif-plusDox-D2-Foto4.tif,692,7.581,35.129,5.029,15.816
94,20X-Clon3-Indif-plusDox-D2-Foto4.tif,821,7.581,41.340,53.700,4.559
95,20X-Clon3-Indif-plusDox-D2-Foto4.tif,562,7.581,37.160,6.555,11.657
96,20X-Clon3-Indif-plusDox-D2-Foto4.tif,786,7.581,32.220,36.816,7.642
97,20X-Clon3-Indif-plusDox-D2-Foto4.tif,470,7.581,37.040,7.355,35.702
98,20X-Clon3-Indif-plusDox-D2-Foto4.tif,616,7.581,28.503,19.795,9.628
99,20X-Clon3-Indif-plusDox-D2-Foto4.tif,594,7.581,41.739,54.796,5.712
100,20X-Clon3-Indif-plusDox-D2-Foto4.tif,524,7.581,29.374,5.508,7.174
101,20X-Clon3-Indif-plusDox-D2-Foto4.tif,672,7.581,43.686,155.089,6.911
102,20X-Clon3-Indif-plusDox-D2-Foto4.tif,362,7.581,36.569,35.268,6.152
103,20X-Clon3-Indif-plusDox-D2-Foto4.tif,336,7.581,41.923,6.991,14.345
104,20X-Clon3-Indif-plusDox-D2-Foto4.tif,427,7.581,82.693,15.007,25.522
105,20X-Clon3-Indif-plusDox-D2-Foto4.tif,736,7.581,22.470,5.779,33.954
106,20X-Clon3-Indif-plusDox-D2-Foto4.tif,532,7.581,44.156,73.833,6.803
107,20X-Clon3-Indif-plusDox-D2-Foto4.tif,736,7.581,44.503,15.793,10.226
108,20X-Clon3-Indif-plusDox-D2-Foto4.tif,677,7.581,31.739,6.137,10.547
109,20X-Clon3-Indif-plusDox-D2-Foto4.tif,469,7.581,36.264,37.401,11.785
110,20X-Clon3-Indif-plusDox-D2-Foto4.tif,562,7.581,26.141,56.891,1.867
111,20X-Clon3-Indif-plusDox-D2-Foto4.tif,502,7.581,26.873,7.673,28.584
112,20X-Clon3-Indif-plusDox-D2-Foto4.tif,705,7.581,21.791,6.016,15.130
113,20X-Clon3-Indif-plusDox-D2-Foto4.tif,558,7.581,32.645,6.443,28.871
114,20X-Clon3-Indif-plusDox-D2-Foto4.tif,692,7.581,50.392,7.822,48.565
115,20X-Clon3-Indif-plusDox-D2-Foto4.tif,335,7.581,45.603,10.543,11.779
116,20X-Clon3-Indif-plusDox-D2-Foto4.tif,329,7.581,45.137,6.629,49.705
117,20X-Clon3-Indif-plusDox-D2-Foto4.tif,587,7.581,26.985,29.319,10.751
118,20X-Clon3-Indif-plusDox-D2-Foto4.tif,669,7.581,45.833,64.016,5.033
119,20X-Clon3-Indif-plusDox-D2-Foto4.tif,652,7.581,50.026,14.637,9.767
120,20X-Clon3-Indif-plusDox-D2-Foto4.tif,1052,7.581,23.812,16.953,5.601
121,20X-Clon3-Indif-plusDox-D2-Foto4.tif,470,7.581,30.557,6.853,31.000
122,20X-Clon3-Indif-plusDox-D2-Foto4.tif,557,7.581,52.840,122.104,11.413
123,20X-Clon3-Indif-plusDox-D2-Foto4.tif,702,7.581,45.031,38.843,6.013
124,20X-Clon3-Indif-plusDox-D2-Foto4.tif,523,7.581,38.446,75.023,5.048
125,20X-Clon3-Indif-plusDox-D2-Foto4.tif,753,7.581,38.329,7.688,160.850
126,20X-Clon3-Indif-plusDox-D2-Foto4.tif,359,7.581,39.540,84.752,1.947
127,20X-Clon3-Indif-plusDox-D2-Foto4.tif,554,7.581,46.975,5.561,36.610
128,20X-Clon3-Indif-plusDox-D2-Foto4.tif,447,7.581,30.906,6.468,23.886
129,20X-Clon3-Indif-plusDox-D2-Foto4.tif,514,7.581,30.549,6.294,27.058
130,20X-Clon3-Indif-plusDox-D2-Foto4.tif,751,7.581,34.059,56.674,7.033
131,20X-Clon3-Indif-plusDox-D2-Foto4.tif,612,7.581,41.139,5.428,13.941
132,20X-Clon3-Indif-plusDox-D2-Foto4.tif,565,7.581,28.055,6.749,58.011
133,20X-Clon3-Indif-plusDox-D2-Foto4.tif,388,7.581,43.454,6.657,36.479
134,20X-Clon3-Indif-plusDox-D2-Foto4.tif,585,7.581,42.569,44.535,6.432
135,20X-Clon3-Indif-plusDox-D2-Foto4.tif,567,7.581,30.321,15.273,9.531
136,20X-Clon3-Indif-plusDox-D2-Foto4.tif,445,7.581,33.402,7.960,46.458
137,20X-Clon3-Indif-plusDox-D2-Foto4.tif,666,7.581,28.143,6.578,60.629
138,20X-Clon3-Indif-plusDox-D2-Foto4.tif,510,7.581,55.282,59.280,10.914
139,20X-Clon3-Indif-plusDox-D2-Foto4.tif,698,7.581,35.721,90.676,1.371
140,20X-Clon3-Indif-plusDox-D2-Foto4.tif,669,7.581,47.398,7.871,19.136
141,20X-Clon3-Indif-plusDox-D2-Foto4.tif,595,7.581,52.331,104.025,1.812
142,20X-Clon3-Indif-plusDox-D2-Foto4.tif,535,7.581,33.387,59.181,7.284
143,20X-Clon3-Indif-plusDox-D2-Foto4.tif,917,7.581,24.697,7.909,3.528
144,20X-Clon3-Indif-plusDox-D2-Foto4.tif,487,7.581,27.452,5.791,24.417
145,20X-Clon3-Indif-plusDox-D2-Foto4.tif,516,7.581,24.444,46.035,4.996
146,20X-Clon3-Indif-plusDox-D2-Foto4.tif,498,7.581,33.283,54.303,5.484
147,20X-Clon3-Indif-plusDox-D2-Foto4.tif,591,7.581,46.191,75.924,2.034
148,20X-Clon3-Indif-plusDox-D2-Foto4.tif,467,7.581,38.281,20.379,8.105
149,20X-Clon3-Indif-plusDox-D2-Foto4.tif,560,7.581,32.212,6.536,25.275
150,20X-Clon3-Indif-plusDox-D2-Foto4.tif,697,7.581,41.849,8.640,9.317
151,20X-Clon3-Indif-plusDox-D2-Foto4.tif,379,7.581,45.224,7.913,77.055
152,20X-Clon3-Indif-plusDox-D2-Foto4.tif,550,7.581,29.884,7.780,20.967
153,20X-Clon3-Indif-plusDox-D2-Foto4.tif,795,7.581,52.148,13.838,39.903
154,20X-Clon3-Indif-plusDox-D2-Foto4.tif,558,7.581,26.857,47.333,5.532
155,20X-Clon3-Indif-plusDox-D2-Foto4.tif,574,7.581,25.261,5.509,9.782
156,20X-Clon3-Indif-plusDox-D2-Foto4.tif,683,7.581,29.149,37.612,5.912
157,20X-Clon3-Indif-plusDox-D2-Foto4.tif,658,7.581,45.968,93.932,5.363
158,20X-Clon3-Indif-plusDox-D2-Foto4.tif,750,7.581,28.617,44.904,3.969
159,20X-Clon3-Indif-plusDox-D2-Foto4.tif,814,7.581,45.129,108.088,9.141
160,20X-Clon3-Indif-plusDox-D2-Foto4.tif,632,7.581,38.422,13.666,21.582
161,20X-Clon3-Indif-plusDox-D2-Foto4.tif,589,7.581,55.750,13.555,11.638
162,20X-Clon3-Indif-plusDox-D2-Foto4.tif,258,7.581,150.143,47.682,14.481
163,20X-Clon3-Indif-plusDox-D2-Foto4.tif,852,7.581,44.043,56.005,16.846
164,20X-Clon3-Indif-plusDox-D2-Foto4.tif,515,7.581,60.802,8.148,31.664
165,20X-Clon3-Indif-plusDox-D2-Foto4.tif,518,7.581,30.979,5.544,21.048
166,20X-Clon3-Indif-plusDox-D2-Foto4.tif,769,7.581,41.283,6.744,50.502
167,20X-Clon3-Indif-plusDox-D2-Foto4.tif,580,7.581,39.128,13.902,21.329
168,20X-Clon3-Indif-plusDox-D2-Foto4.tif,391,7.581,32.742,30.578,4.087
169,20X-Clon3-Indif-plusDox-D2-Foto4.tif,145,7.581,114.462,14.055,5.076
170,20X-Clon3-Indif-plusDox-D2-Foto4.tif,329,7.581,42.027,97.350,4.283
171,20X-Clon3-Indif-plusDox-D2-Foto4.tif,779,7.581,44.967,55.336,4.010
172,20X-Clon3-Indif-plusDox-D2-Foto4.tif,563,7.581,57.327,10.499,11.080
173,20X-Clon3-Indif-plusDox-D2-Foto4.tif,1310,7.581,31.332,26.307,5.755
174,20X-Clon3-Indif-plusDox-D2-Foto4.tif,355,7.581,45.662,7.896,36.989
175,20X-Clon3-Indif-plusDox-D2-Foto4.tif,890,7.581,41.262,35.349,7.247
176,20X-Clon3-Indif-plusDox-D2-Foto4.tif,510,7.581,54.467,19.451,12.876
177,20X-Clon3-Indif-plusDox-D2-Foto4.tif,628,7.581,45.432,66.944,6.304
178,20X-Clon3-Indif-plusDox-D2-Foto4.tif,472,7.581,37.970,72.256,1.756
179,20X-Clon3-Indif-plusDox-D2-Foto4.tif,828,7.581,38.894,7.822,49.292
180,20X-Clon3-Indif-plusDox-D2-Foto4.tif,983,7.581,32.048,175.954,2.063
181,20X-Clon3-Indif-plusDox-D2-Foto4.tif,618,7.581,35.050,5.956,56.811
182,20X-Clon3-Indif-plusDox-D2-Foto4.tif,584,7.581,33.983,87.676,2.390
183,20X-Clon3-Indif-plusDox-D2-Foto4.tif,822,7.581,40.060,5.465,21.673
184,20X-Clon3-Indif-plusDox-D2-Foto4.tif,937,7.581,30.134,23.617,10.776
185,20X-Clon3-Indif-plusDox-D2-Foto4.tif,659,7.581,22.269,6.536,18.980
186,20X-Clon3-Indif-plusDox-D2-Foto4.tif,477,7.581,31.275,7.792,28.987
187,20X-Clon3-Indif-plusDox-D2-Foto4.tif,295,7.581,103.915,10.658,35.437
188,20X-Clon3-Indif-plusDox-D2-Foto4.tif,397,7.581,73.060,13.302,70.421
189,20X-Clon3-Indif-plusDox-D2-Foto4.tif,509,7.581,30.623,57.721,2.271
190,20X-Clon3-Indif-plusDox-D2-Foto4.tif,1095,7.581,27.220,7.271,38.350
191,20X-Clon3-Indif-plusDox-D2-Foto4.tif,524,7.581,30.164,10.891,15.649
192,20X-Clon3-Indif-plusDox-D2-Foto4.tif,375,7.581,43.688,9.192,20.304
193,20X-Clon3-Indif-plusDox-D2-Foto4.tif,386,7.581,34.821,6.606,20.409
194,20X-Clon3-Indif-plusDox-D2-Foto4.tif,313,7.581,33.492,8.236,9.917
195,20X-Clon3-Indif-plusDox-D2-Foto4.tif,474,7.581,37.770,11.451,9.057
196,20X-Clon3-Indif-plusDox-D2-Foto4.tif,513,7.581,30.786,33.279,7.201
197,20X-Clon3-Indif-plusDox-D2-Foto4.tif,384,7.581,40.763,10.359,12.404
198,20X-Clon3-Indif-plusDox-D2-Foto4.tif,654,7.581,37.737,5.531,17.092
199,20X-Clon3-Indif-plusDox-D2-Foto4.tif,430,7.581,31.749,26.916,10.772
200,20X-Clon3-Indif-plusDox-D2-Foto4.tif,391,7.581,40.297,13.972,12.742
201,20X-Clon3-Indif-plusDox-D2-Foto4.tif,440,7.581,26.257,7.314,57.416
202,20X-Clon3-Indif-plusDox-D2-Foto4.tif,434,7.581,36.343,6.482,8.643
203,20X-Clon3-Indif-plusDox-D2-Foto4.tif,524,7.581,35.101,5.410,21.389
204,20X-Clon3-Indif-plusDox-D2-Foto4.tif,995,7.581,26.985,6.340,9.793
205,20X-Clon3-Indif-plusDox-D2-Foto4.tif,113,7.581,29.876,7.637,14.159
206,20X-Clon3-Indif-plusDox-D2-Foto4.tif,407,7.581,36.093,31.518,18.128
207,20X-Clon3-Indif-plusDox-D2-Foto4.tif,520,7.581,28.721,57.913,1.808
208,20X-Clon3-Indif-plusDox-D2-Foto4.tif,432,7.581,39.368,6.380,67.690
209,20X-Clon3-Indif-plusDox-D2-Foto4.tif,379,7.581,38.425,39.755,5.860
210,20X-Clon3-Indif-plusDox-D2-Foto4.tif,466,7.581,45.629,16.794,8.942
211,20X-Clon3-Indif-plusDox-D2-Foto4.tif,555,7.581,48.805,31.800,10.000
212,20X-Clon3-Indif-plusDox-D2-Foto4.tif,488,7.581,42.799,23.430,14.676
213,20X-Clon3-Indif-plusDox-D2-Foto4.tif,615,7.581,44.140,56.920,2.280
214,20X-Clon3-Indif-plusDox-D2-Foto4.tif,903,7.581,34.408,22.544,10.826
215,20X-Clon3-Indif-plusDox-D2-Foto4.tif,675,7.581,39.258,14.662,9.320
216,20X-Clon3-Indif-plusDox-D2-Foto4.tif,384,7.581,36.911,8.544,9.591
217,20X-Clon3-Indif-plusDox-D2-Foto4.tif,644,7.581,49.502,9.275,58.826
218,20X-Clon3-Indif-plusDox-D2-Foto4.tif,341,7.581,88.109,8.537,25.991
219,20X-Clon3-Indif-plusDox-D2-Foto4.tif,627,7.581,28.523,34.107,6.463
220,20X-Clon3-Indif-plusDox-D2-Foto4.tif,431,7.581,33.116,10.262,11.429
221,20X-Clon3-Indif-plusDox-D2-Foto4.tif,436,7.581,36.739,7.716,176.018
222,20X-Clon3-Indif-plusDox-D2-Foto4.tif,446,7.581,31.498,16.883,10.469
223,20X-Clon3-Indif-plusDox-D2-Foto4.tif,409,7.581,45.870,26.587,23.988
224,20X-Clon3-Indif-plusDox-D2-Foto4.tif,694,7.581,32.614,18.153,9.206
225,20X-Clon3-Indif-plusDox-D2-Foto4.tif,505,7.581,36.360,57.097,5.616
226,20X-Clon3-Indif-plusDox-D2-Foto4.tif,510,7.581,33.131,13.096,16.480
227,20X-Clon3-Indif-plusDox-D2-Foto4.tif,456,7.581,33.862,7.675,67.921
228,20X-Clon3-Indif-plusDox-D2-Foto4.tif,606,7.581,23.366,5.299,3.828
229,20X-Clon3-Indif-plusDox-D2-Foto4.tif,508,7.581,30.638,15.136,9.136
230,20X-Clon3-Indif-plusDox-D2-Foto4.tif,486,7.581,60.981,10.829,30.626
231,20X-Clon3-Indif-plusDox-D2-Foto4.tif,605,7.581,27.898,7.165,97.980
232,20X-Clon3-Indif-plusDox-D2-Foto4.tif,437,7.581,32.249,73.984,2.140
233,20X-Clon3-Indif-plusDox-D2-Foto4.tif,445,7.581,23.829,64.063,4.171
234,20X-Clon3-Indif-plusDox-D2-Foto4.tif,513,7.581,58.135,107.988,2.240
235,20X-Clon3-Indif-plusDox-D2-Foto4.tif,317,7.581,46.565,56.114,7.584
236,20X-Clon3-Indif-plusDox-D2-Foto4.tif,479,7.581,33.056,7.614,70.035
237,20X-Clon3-Indif-plusDox-D2-Foto4.tif,1068,7.581,21.869,6.389,3.283
238,20X-Clon3-Indif-plusDox-D2-Foto4.tif,635,7.581,64.157,55.490,4.194
239,20X-Clon3-Indif-plusDox-D2-Foto4.tif,605,7.581,28.688,42.775,6.364
240,20X-Clon3-Indif-plusDox-D2-Foto4.tif,406,7.581,44.419,10.749,28.399
241,20X-Clon3-Indif-plusDox-D2-Foto4.tif,494,7.581,59.397,7.407,53.429
242,20X-Clon3-Indif-plusDox-D2-Foto4.tif,437,7.581,33.629,26.572,7.826
243,20X-Clon3-Indif-plusDox-D2-Foto4.tif,467,7.581,35.405,37.820,13.702
244,20X-Clon3-Indif-plusDox-D2-Foto4.tif,657,7.581,39.938,9.989,18.659
245,20X-Clon3-Indif-plusDox-D2-Foto4.tif,772,7.581,31.211,73.734,2.359
246,20X-Clon3-Indif-plusDox-D2-Foto4.tif,360,7.581,35.472,109.408,7.228
247,20X-Clon3-Indif-plusDox-D2-Foto4.tif,337,7.581,30.843,87.579,3.451
248,20X-Clon3-Indif-plusDox-D2-Foto4.tif,421,7.581,35.197,26.563,8.278
249,20X-Clon3-Indif-plusDox-D2-Foto4.tif,948,7.581,34.714,41.127,5.756
250,20X-Clon3-Indif-plusDox-D2-Foto4.tif,532,7.581,37.852,16.233,11.380
251,20X-Clon3-Indif-plusDox-D2-Foto4.tif,427,7.581,35.698,27.817,13.304
252,20X-Clon3-Indif-plusDox-D2-Foto4.tif,959,7.581,21.132,5.006,3.062
253,20X-Clon3-Indif-plusDox-D2-Foto4.tif,743,7.581,26.047,17.888,8.432
254,20X-Clon3-Indif-plusDox-D2-Foto4.tif,169,7.581,62.089,11.065,17.550
255,20X-Clon3-Indif-plusDox-D2-Foto4.tif,501,7.581,29.886,49.990,4.166
256,20X-Clon3-Indif-plusDox-D2-Foto4.tif,229,7.581,28.148,17.266,12.245
257,20X-Clon3-Indif-plusDox-D2-Foto4.tif,469,7.581,35.480,5.650,34.942
258,20X-Clon3-Indif-plusDox-D2-Foto4.tif,316,7.581,42.123,12.949,12.734
259,20X-Clon3-Indif-plusDox-D2-Foto4.tif,474,7.581,42.565,6.207,15.129
260,20X-Clon3-Indif-plusDox-D2-Foto4.tif,972,7.581,33.594,86.824,5.798
261,20X-Clon3-Indif-plusDox-D2-Foto4.tif,629,7.581,46.618,93.679,2.016
262,20X-Clon3-Indif-plusDox-D2-Foto4.tif,708,7.581,22.213,6.154,31.484
263,20X-Clon3-Indif-plusDox-D2-Foto4.tif,754,7.581,34.211,14.078,7.529
264,20X-Clon3-Indif-plusDox-D2-Foto4.tif,661,7.581,40.929,115.669,6.404
265,20X-Clon3-Indif-plusDox-D2-Foto4.tif,793,7.581,40.689,7.937,51.121
266,20X-Clon3-Indif-plusDox-D2-Foto4.tif,543,7.581,57.635,6.517,51.372
267,20X-Clon3-Indif-plusDox-D2-Foto4.tif,473,7.581,27.235,7.550,28.712
268,20X-Clon3-Indif-plusDox-D2-Foto4.tif,511,7.581,59.096,84.814,5.438
269,20X-Clon3-Indif-plusDox-D2-Foto4.tif,603,7.581,27.788,28.927,10.393
270,20X-Clon3-Indif-plusDox-D2-Foto4.tif,421,7.581,43.273,103.710,8.539
271,20X-Clon3-Indif-plusDox-D2-Foto4.tif,741,7.581,24.513,5.345,7.115
272,20X-Clon3-Indif-plusDox-D2-Foto4.tif,374,7.581,42.409,8.824,85.914
273,20X-Clon3-Indif-plusDox-D2-Foto4.tif,410,7.581,41.415,29.707,11.300
274,20X-Clon3-Indif-plusDox-D2-Foto4.tif,363,7.581,45.937,9.769,26.983
275,20X-Clon3-Indif-plusDox-D2-Foto4.tif,484,7.581,21.597,8.072,24.070
276,20X-Clon3-Indif-plusDox-D2-Foto4.tif,74,7.581,36.284,10.216,7.122
277,20X-Clon3-Indif-plusDox-D2-Foto4.tif,352,7.581,28.639,6.977,26.372
278,20X-Clon3-Indif-plusDox-D2-Foto4.tif,604,7.581,22.737,5.825,34.114
279,20X-Clon3-Indif-plusDox-D2-Foto4.tif,1320,7.581,39.431,46.404,6.749
280,20X-Clon3-Indif-plusDox-D2-Foto4.tif,399,7.581,38.293,88.962,5.594
281,20X-Clon3-Indif-plusDox-D2-Foto4.tif,370,7.581,37.500,8.278,42.143
282,20X-Clon3-Indif-plusDox-D2-Foto4.tif,167,7.581,71.778,8.275,25.916
283,20X-Clon3-Indif-plusDox-D2-Foto4.tif,462,7.581,36.853,15.448,12.647
284,20X-Clon3-Indif-plusDox-D2-Foto4.tif,639,7.581,39.238,37.449,4.059
285,20X-Clon3-Indif-plusDox-D2-Foto4.tif,181,7.581,34.099,11.928,12.619
286,20X-Clon3-Indif-plusDox-D2-Foto4.tif,345,7.581,33.330,7.742,40.020
287,20X-Clon3-Indif-plusDox-D2-Foto4.tif,470,7.581,32.038,8.860,46.591
288,20X-Clon3-Indif-plusDox-D2-Foto4.tif,548,7.581,67.080,23.438,44.839
289,20X-Clon3-Indif-plusDox-D2-Foto4.tif,517,7.581,52.244,8.054,79.025
290,20X-Clon3-Indif-plusDox-D2-Foto4.tif,401,7.581,38.820,10.252,69.020
291,20X-Clon3-Indif-plusDox-D2-Foto4.tif,601,7.581,44.341,11.925,13.802
292,20X-Clon3-Indif-plusDox-D2-Foto4.tif,734,7.581,49.651,69.034,5.247
293,20X-Clon3-Indif-plusDox-D2-Foto4.tif,613,7.581,56.090,17.643,15.039
294,20X-Clon3-Indif-plusDox-D2-Foto4.tif,390,7.581,40.841,24.890,15.003
295,20X-Clon3-Indif-plusDox-D2-Foto4.tif,738,7.581,41.325,8.041,67.201
296,20X-Clon3-Indif-plusDox-D2-Foto4.tif,314,7.581,63.640,8.965,60.866
297,20X-Clon3-Indif-plusDox-D2-Foto4.tif,315,7.581,50.835,10.463,15.711
298,20X-Clon3-Indif-plusDox-D2-Foto4.tif,823,7.581,39.672,6.443,12.423
299,20X-Clon3-Indif-plusDox-D2-Foto4.tif,392,7.581,41.273,6.554,66.990
300,20X-Clon3-Indif-plusDox-D2-Foto4.tif,242,7.581,67.281,9.384,10.550
301,20X-Clon3-Indif-plusDox-D2-Foto4.tif,78,7.581,27.141,13.859,22.474
302,20X-Clon3-Indif-plusDox-D2-Foto4.tif,914,7.581,32.322,6.986,40.427
303,20X-Clon3-Indif-plusDox-D2-Foto4.tif,242,7.581,70.893,14.702,24.921
304,20X-Clon3-Indif-plusDox-D2-Foto4.tif,414,7.581,44.147,8.920,24.022
305,20X-Clon3-Indif-plusDox-D2-Foto4.tif,600,7.581,57.698,23.257,22.845
306,20X-Clon3-Indif-plusDox-D2-Foto4.tif,543,7.581,27.076,39.033,3.737
307,20X-Clon3-Indif-plusDox-D2-Foto4.tif,321,7.581,60.424,11.237,34.118
308,20X-Clon3-Indif-plusDox-D2-Foto4.tif,582,7.581,49.352,9.318,44.002
309,20X-Clon3-Indif-plusDox-D2-Foto4.tif,624,7.581,27.561,6.686,63.920
310,20X-Clon3-Indif-plusDox-D2-Foto4.tif,505,7.581,52.048,11.079,22.859
311,20X-Clon3-Indif-plusDox-D2-Foto4.tif,901,7.581,37.628,19.335,6.743
312,20X-Clon3-Indif-plusDox-D2-Foto4.tif,431,7.581,24.794,6.645,22.278
313,20X-Clon3-Indif-plusDox-D2-Foto4.tif,1305,7.581,23.135,5.467,10.539
314,20X-Clon3-Indif-plusDox-D2-Foto4.tif,621,7.581,33.816,116.393,8.952
315,20X-Clon3-Indif-plusDox-D2-Foto4.tif,626,7.581,44.002,6.374,64.289
316,20X-Clon3-Indif-plusDox-D2-Foto4.tif,588,7.581,35.247,7.342,11.626
317,20X-Clon3-Indif-plusDox-D2-Foto4.tif,384,7.581,42.878,7.203,69.956
318,20X-Clon3-Indif-plusDox-D2-Foto4.tif,525,7.581,45.200,50.920,10.670
319,20X-Clon3-Indif-plusDox-D2-Foto4.tif,449,7.581,49.018,30.757,12.969
320,20X-Clon3-Indif-plusDox-D2-Foto4.tif,131,7.581,70.344,11.015,31.351
321,20X-Clon3-Indif-plusDox-D2-Foto4.tif,398,7.581,41.151,8.038,45.193
322,20X-Clon3-Indif-plusDox-D2-Foto4.tif,129,7.581,62.124,10.736,13.070
323,20X-Clon3-Indif-plusDox-D2-Foto4.tif,300,7.581,22.320,6.293,68.967
324,20X-Clon3-Indif-plusDox-D2-Foto4.tif,484,7.581,39.537,40.886,4.581
325,20X-Clon3-Indif-plusDox-D2-Foto4.tif,973,7.581,32.680,36.869,3.429
326,20X-Clon3-Indif-plusDox-D2-Foto4.tif,606,7.581,28.469,7.492,54.616
327,20X-Clon3-Indif-plusDox-D2-Foto4.tif,377,7.581,39.090,11.077,25.013
328,20X-Clon3-Indif-plusDox-D2-Foto4.tif,265,7.581,51.083,25.811,7.913
329,20X-Clon3-Indif-plusDox-D2-Foto4.tif,305,7.581,41.820,8.364,61.111
330,20X-Clon3-Indif-plusDox-D2-Foto4.tif,611,7.581,48.095,19.255,31.642
331,20X-Clon3-Indif-plusDox-D2-Foto4.tif,430,7.581,39.500,80.247,13.751
332,20X-Clon3-Indif-plusDox-D2-Foto4.tif,441,7.581,45.322,6.270,40.061
333,20X-Clon3-Indif-plusDox-D2-Foto4.tif,642,7.581,40.461,7.615,61.037
334,20X-Clon3-Indif-plusDox-D2-Foto4.tif,392,7.581,58.418,108.870,35.306
335,20X-Clon3-Indif-plusDox-D2-Foto4.tif,350,7.581,41.249,7.720,55.329
336,20X-Clon3-Indif-plusDox-D2-Foto4.tif,71,7.581,38.239,6.958,76.366
337,20X-Clon3-Indif-plusDox-D2-Foto4.tif,361,7.581,45.330,7.828,57.393
338,20X-Clon3-Indif-plusDox-D2-Foto4.tif,93,7.581,30.452,63.828,4.720
339,20X-Clon3-Indif-plusDox-D2-Foto4.tif,618,7.581,59.290,39.466,42.837
340,20X-Clon3-Indif-plusDox-D2-Foto4.tif,521,7.581,42.821,6.900,26.284
341,20X-Clon3-Indif-plusDox-D2-Foto4.tif,453,7.581,65.024,25.093,14.947
342,20X-Clon3-Indif-plusDox-D2-Foto4.tif,425,7.581,35.560,70.922,4.574
343,20X-Clon3-Indif-plusDox-D2-Foto4.tif,305,7.581,34.951,7.118,38.387
344,20X-Clon3-Indif-plusDox-D2-Foto4.tif,595,7.581,41.753,13.371,7.252
345,20X-Clon3-Indif-plusDox-D2-Foto4.tif,354,7.581,35.845,7.989,45.342
346,20X-Clon3-Indif-plusDox-D2-Foto4.tif,462,7.581,40.900,8.320,86.608
347,20X-Clon3-Indif-plusDox-D2-Foto4.tif,363,7.581,43.501,9.088,45.694
348,20X-Clon3-Indif-plusDox-D2-Foto4.tif,234,7.581,91.585,22.158,14.397
349,20X-Clon3-Indif-plusDox-D2-Foto4.tif,650,7.581,52.380,99.546,29.209
350,20X-Clon3-Indif-plusDox-D2-Foto4.tif,382,7.581,61.751,58.042,68.120
351,20X-Clon3-Indif-plusDox-D2-Foto4.tif,150,7.581,30.347,6.293,27.327
352,20X-Clon3-Indif-plusDox-D2-Foto4.tif,401,7.581,58.683,27.686,14.032
353,20X-Clon3-Indif-plusDox-D2-Foto4.tif,520,7.581,37.615,8.569,62.202
354,20X-Clon3-Indif-plusDox-D2-Foto4.tif,525,7.581,29.042,6.124,5.842
355,20X-Clon3-Indif-plusDox-D2-Foto4.tif,460,7.581,28.139,6.365,70.133
356,20X-Clon3-Indif-plusDox-D2-Foto4.tif,824,7.581,32.467,95.047,2.544
357,20X-Clon3-Indif-plusDox-D2-Foto4.tif,144,7.581,40.514,6.444,30.708
358,20X-Clon3-Indif-plusDox-D2-Foto4.tif,362,7.581,43.202,28.331,12.959
359,20X-Clon3-Indif-plusDox-D2-Foto4.tif,257,7.581,36.942,6.288,13.323
360,20X-Clon3-Indif-plusDox-D2-Foto4.tif,474,7.581,55.983,18.230,53.319
361,20X-Clon3-Indif-plusDox-D2-Foto4.tif,75,7.581,50.347,8.360,81.400
362,20X-Clon3-Indif-plusDox-D2-Foto4.tif,124,7.581,31.540,9.976,13.589
363,20X-Clon3-Indif-plusDox-D2-Foto4.tif,89,7.581,44.225,11.404,19.831
364,20X-Clon3-Indif-plusDox-D2-Foto4.tif,54,7.581,50.889,14.370,3.537
365,20X-Clon3-Indif-plusDox-D2-Foto4.tif,297,7.581,75.805,11.360,25.242
366,20X-Clon3-Indif-plusDox-D2-Foto4.tif,63,7.581,38.317,10.984,59.365
367,20X-Clon3-Indif-plusDox-D2-Foto4.tif,136,7.581,36.971,12.382,8.176
