ROI,ImageID,Area,mCherry_Mean_rolling_background,DAPI_Mean,Nanog_Mean,mCherry_Mean
1,20X-Clon3-Indif-plusDox-D2-Foto2.tif,764,7.639,38.507,55.552,1.102
2,20X-Clon3-Indif-plusDox-D2-Foto2.tif,741,7.639,29.586,6.637,15.857
3,20X-Clon3-Indif-plusDox-D2-Foto2.tif,889,7.639,36.807,5.720,52.591
4,20X-Clon3-Indif-plusDox-D2-Foto2.tif,576,7.639,29.260,40.066,6.972
5,20X-Clon3-Indif-plusDox-D2-Foto2.tif,659,7.639,52.039,15.621,17.836
6,20X-Clon3-Indif-plusDox-D2-Foto2.tif,848,7.639,29.473,47.090,2.014
7,20X-Clon3-Indif-plusDox-D2-Foto2.tif,783,7.639,24.109,6.181,14.195
8,20X-Clon3-Indif-plusDox-D2-Foto2.tif,836,7.639,36.018,28.516,9.538
9,20X-Clon3-Indif-plusDox-D2-Foto2.tif,587,7.639,39.871,21.716,5.876
10,20X-Clon3-Indif-plusDox-D2-Foto2.tif,801,7.639,32.312,51.471,1.448
11,20X-Clon3-Indif-plusDox-D2-Foto2.tif,764,7.639,47.033,7.277,37.789
12,20X-Clon3-Indif-plusDox-D2-Foto2.tif,579,7.639,41.793,15.560,12.698
13,20X-Clon3-Indif-plusDox-D2-Foto2.tif,980,7.639,21.874,12.831,2.534
14,20X-Clon3-Indif-plusDox-D2-Foto2.tif,734,7.639,26.497,49.040,2.499
15,20X-Clon3-Indif-plusDox-D2-Foto2.tif,895,7.639,31.661,53.676,5.377
16,20X-Clon3-Indif-plusDox-D2-Foto2.tif,733,7.639,32.244,14.538,3.805
17,20X-Clon3-Indif-plusDox-D2-Foto2.tif,381,7.639,53.205,7.213,32.228
18,20X-Clon3-Indif-plusDox-D2-Foto2.tif,455,7.639,42.495,38.462,4.824
19,20X-Clon3-Indif-plusDox-D2-Foto2.tif,760,7.639,43.616,6.701,54.425
20,20X-Clon3-Indif-plusDox-D2-Foto2.tif,675,7.639,26.453,5.560,30.196
21,20X-Clon3-Indif-plusDox-D2-Foto2.tif,651,7.639,50.995,6.210,34.776
22,20X-Clon3-Indif-plusDox-D2-Foto2.tif,823,7.639,23.605,14.697,3.439
23,20X-Clon3-Indif-plusDox-D2-Foto2.tif,984,7.639,31.450,5.533,13.771
24,20X-Clon3-Indif-plusDox-D2-Foto2.tif,550,7.639,30.304,5.931,25.829
25,20X-Clon3-Indif-plusDox-D2-Foto2.tif,726,7.639,35.329,69.871,4.404
26,20X-Clon3-Indif-plusDox-D2-Foto2.tif,1294,7.639,58.584,5.409,35.083
27,20X-Clon3-Indif-plusDox-D2-Foto2.tif,679,7.639,31.222,11.673,7.271
28,20X-Clon3-Indif-plusDox-D2-Foto2.tif,651,7.639,49.613,7.550,18.499
29,20X-Clon3-Indif-plusDox-D2-Foto2.tif,1112,7.639,65.838,5.546,36.766
30,20X-Clon3-Indif-plusDox-D2-Foto2.tif,173,7.639,84.555,36.902,8.306
31,20X-Clon3-Indif-plusDox-D2-Foto2.tif,620,7.639,43.677,20.481,6.084
32,20X-Clon3-Indif-plusDox-D2-Foto2.tif,546,7.639,39.848,13.016,7.745
33,20X-Clon3-Indif-plusDox-D2-Foto2.tif,454,7.639,41.769,10.421,8.487
34,20X-Clon3-Indif-plusDox-D2-Foto2.tif,654,7.639,20.818,4.800,22.205
35,20X-Clon3-Indif-plusDox-D2-Foto2.tif,450,7.639,33.224,6.631,26.476
36,20X-Clon3-Indif-plusDox-D2-Foto2.tif,752,7.639,49.781,5.456,11.059
37,20X-Clon3-Indif-plusDox-D2-Foto2.tif,835,7.639,38.904,56.772,8.072
38,20X-Clon3-Indif-plusDox-D2-Foto2.tif,676,7.639,25.932,5.494,44.675
39,20X-Clon3-Indif-plusDox-D2-Foto2.tif,703,7.639,33.691,49.579,8.735
40,20X-Clon3-Indif-plusDox-D2-Foto2.tif,735,7.639,36.048,5.599,21.299
41,20X-Clon3-Indif-plusDox-D2-Foto2.tif,391,7.639,46.448,6.435,12.059
42,20X-Clon3-Indif-plusDox-D2-Foto2.tif,101,7.639,117.040,15.703,7.485
43,20X-Clon3-Indif-plusDox-D2-Foto2.tif,550,7.639,27.015,5.442,18.089
44,20X-Clon3-Indif-plusDox-D2-Foto2.tif,598,7.639,35.289,5.920,47.997
45,20X-Clon3-Indif-plusDox-D2-Foto2.tif,529,7.639,30.905,68.212,5.295
46,20X-Clon3-Indif-plusDox-D2-Foto2.tif,580,7.639,37.471,34.631,6.317
47,20X-Clon3-Indif-plusDox-D2-Foto2.tif,429,7.639,64.569,75.949,5.664
48,20X-Clon3-Indif-plusDox-D2-Foto2.tif,429,7.639,38.699,6.485,25.571
49,20X-Clon3-Indif-plusDox-D2-Foto2.tif,844,7.639,26.122,5.374,15.017
50,20X-Clon3-Indif-plusDox-D2-Foto2.tif,175,7.639,75.583,90.611,10.703
51,20X-Clon3-Indif-plusDox-D2-Foto2.tif,622,7.639,41.039,8.145,32.990
52,20X-Clon3-Indif-plusDox-D2-Foto2.tif,523,7.639,36.017,9.254,9.868
53,20X-Clon3-Indif-plusDox-D2-Foto2.tif,451,7.639,41.705,5.643,24.364
54,20X-Clon3-Indif-plusDox-D2-Foto2.tif,584,7.639,33.199,6.217,49.860
55,20X-Clon3-Indif-plusDox-D2-Foto2.tif,618,7.639,23.770,4.935,10.540
56,20X-Clon3-Indif-plusDox-D2-Foto2.tif,487,7.639,37.351,9.329,8.951
57,20X-Clon3-Indif-plusDox-D2-Foto2.tif,558,7.639,40.237,37.093,6.948
58,20X-Clon3-Indif-plusDox-D2-Foto2.tif,815,7.639,46.701,68.341,6.158
59,20X-Clon3-Indif-plusDox-D2-Foto2.tif,640,7.639,42.352,46.008,7.244
60,20X-Clon3-Indif-plusDox-D2-Foto2.tif,660,7.639,51.497,6.447,24.630
61,20X-Clon3-Indif-plusDox-D2-Foto2.tif,485,7.639,45.021,57.047,4.870
62,20X-Clon3-Indif-plusDox-D2-Foto2.tif,355,7.639,41.865,6.296,42.175
63,20X-Clon3-Indif-plusDox-D2-Foto2.tif,461,7.639,42.002,27.150,5.839
64,20X-Clon3-Indif-plusDox-D2-Foto2.tif,539,7.639,42.473,95.601,4.115
65,20X-Clon3-Indif-plusDox-D2-Foto2.tif,363,7.639,69.386,69.515,5.848
66,20X-Clon3-Indif-plusDox-D2-Foto2.tif,388,7.639,88.866,27.276,9.276
67,20X-Clon3-Indif-plusDox-D2-Foto2.tif,363,7.639,55.689,35.331,5.124
68,20X-Clon3-Indif-plusDox-D2-Foto2.tif,539,7.639,35.839,20.434,9.150
69,20X-Clon3-Indif-plusDox-D2-Foto2.tif,743,7.639,24.354,39.814,6.957
70,20X-Clon3-Indif-plusDox-D2-Foto2.tif,896,7.639,38.748,7.461,26.334
71,20X-Clon3-Indif-plusDox-D2-Foto2.tif,585,7.639,24.186,53.014,4.053
72,20X-Clon3-Indif-plusDox-D2-Foto2.tif,510,7.639,45.949,12.604,11.016
73,20X-Clon3-Indif-plusDox-D2-Foto2.tif,505,7.639,57.349,8.950,18.034
74,20X-Clon3-Indif-plusDox-D2-Foto2.tif,529,7.639,26.371,67.605,5.750
75,20X-Clon3-Indif-plusDox-D2-Foto2.tif,511,7.639,27.705,5.055,14.892
76,20X-Clon3-Indif-plusDox-D2-Foto2.tif,445,7.639,44.065,16.960,13.984
77,20X-Clon3-Indif-plusDox-D2-Foto2.tif,429,7.639,43.422,12.879,13.886
78,20X-Clon3-Indif-plusDox-D2-Foto2.tif,526,7.639,45.323,81.698,8.895
79,20X-Clon3-Indif-plusDox-D2-Foto2.tif,517,7.639,38.901,29.981,9.518
80,20X-Clon3-Indif-plusDox-D2-Foto2.tif,513,7.639,27.318,84.135,2.752
81,20X-Clon3-Indif-plusDox-D2-Foto2.tif,351,7.639,45.305,5.903,29.601
82,20X-Clon3-Indif-plusDox-D2-Foto2.tif,414,7.639,41.780,5.546,31.478
83,20X-Clon3-Indif-plusDox-D2-Foto2.tif,595,7.639,36.440,5.871,7.355
84,20X-Clon3-Indif-plusDox-D2-Foto2.tif,443,7.639,34.176,82.765,4.034
85,20X-Clon3-Indif-plusDox-D2-Foto2.tif,732,7.639,51.728,76.358,2.173
86,20X-Clon3-Indif-plusDox-D2-Foto2.tif,797,7.639,29.030,6.846,3.823
87,20X-Clon3-Indif-plusDox-D2-Foto2.tif,742,7.639,44.309,58.253,7.763
88,20X-Clon3-Indif-plusDox-D2-Foto2.tif,505,7.639,39.091,39.935,9.905
89,20X-Clon3-Indif-plusDox-D2-Foto2.tif,613,7.639,34.021,12.237,8.352
90,20X-Clon3-Indif-plusDox-D2-Foto2.tif,532,7.639,34.305,7.100,42.729
91,20X-Clon3-Indif-plusDox-D2-Foto2.tif,535,7.639,27.936,5.437,23.103
92,20X-Clon3-Indif-plusDox-D2-Foto2.tif,603,7.639,39.902,32.139,5.144
93,20X-Clon3-Indif-plusDox-D2-Foto2.tif,695,7.639,19.978,5.486,22.432
94,20X-Clon3-Indif-plusDox-D2-Foto2.tif,569,7.639,34.619,17.515,12.520
95,20X-Clon3-Indif-plusDox-D2-Foto2.tif,443,7.639,45.670,7.056,58.050
96,20X-Clon3-Indif-plusDox-D2-Foto2.tif,539,7.639,28.199,5.514,21.599
97,20X-Clon3-Indif-plusDox-D2-Foto2.tif,625,7.639,40.272,58.762,4.802
98,20X-Clon3-Indif-plusDox-D2-Foto2.tif,760,7.639,43.425,20.513,8.087
99,20X-Clon3-Indif-plusDox-D2-Foto2.tif,590,7.639,30.908,5.164,53.164
100,20X-Clon3-Indif-plusDox-D2-Foto2.tif,446,7.639,34.063,10.740,33.103
101,20X-Clon3-Indif-plusDox-D2-Foto2.tif,327,7.639,61.263,82.706,5.593
102,20X-Clon3-Indif-plusDox-D2-Foto2.tif,750,7.639,19.879,5.699,39.301
103,20X-Clon3-Indif-plusDox-D2-Foto2.tif,556,7.639,24.022,5.687,31.302
104,20X-Clon3-Indif-plusDox-D2-Foto2.tif,580,7.639,50.622,17.681,6.174
105,20X-Clon3-Indif-plusDox-D2-Foto2.tif,727,7.639,24.978,5.561,26.135
106,20X-Clon3-Indif-plusDox-D2-Foto2.tif,645,7.639,26.273,5.363,21.919
107,20X-Clon3-Indif-plusDox-D2-Foto2.tif,508,7.639,72.585,6.589,49.126
108,20X-Clon3-Indif-plusDox-D2-Foto2.tif,487,7.639,36.168,5.138,16.491
109,20X-Clon3-Indif-plusDox-D2-Foto2.tif,537,7.639,34.073,6.263,58.469
110,20X-Clon3-Indif-plusDox-D2-Foto2.tif,376,7.639,42.253,52.984,8.585
111,20X-Clon3-Indif-plusDox-D2-Foto2.tif,643,7.639,30.280,6.031,14.544
112,20X-Clon3-Indif-plusDox-D2-Foto2.tif,393,7.639,42.840,11.427,20.941
113,20X-Clon3-Indif-plusDox-D2-Foto2.tif,356,7.639,36.177,10.202,35.610
114,20X-Clon3-Indif-plusDox-D2-Foto2.tif,429,7.639,60.606,77.212,7.837
115,20X-Clon3-Indif-plusDox-D2-Foto2.tif,621,7.639,35.309,8.757,14.219
116,20X-Clon3-Indif-plusDox-D2-Foto2.tif,671,7.639,44.106,80.325,3.019
117,20X-Clon3-Indif-plusDox-D2-Foto2.tif,571,7.639,51.077,60.995,1.867
118,20X-Clon3-Indif-plusDox-D2-Foto2.tif,415,7.639,48.496,28.757,12.417
119,20X-Clon3-Indif-plusDox-D2-Foto2.tif,366,7.639,44.836,8.410,28.768
120,20X-Clon3-Indif-plusDox-D2-Foto2.tif,309,7.639,51.576,6.515,33.922
121,20X-Clon3-Indif-plusDox-D2-Foto2.tif,803,7.639,47.638,5.714,11.105
122,20X-Clon3-Indif-plusDox-D2-Foto2.tif,398,7.639,43.344,33.849,8.256
123,20X-Clon3-Indif-plusDox-D2-Foto2.tif,533,7.639,26.687,6.698,19.548
124,20X-Clon3-Indif-plusDox-D2-Foto2.tif,495,7.639,38.244,65.982,5.719
125,20X-Clon3-Indif-plusDox-D2-Foto2.tif,532,7.639,32.098,6.562,65.056
126,20X-Clon3-Indif-plusDox-D2-Foto2.tif,596,7.639,25.634,15.277,14.205
127,20X-Clon3-Indif-plusDox-D2-Foto2.tif,771,7.639,24.485,55.934,4.240
128,20X-Clon3-Indif-plusDox-D2-Foto2.tif,478,7.639,56.600,66.312,5.301
129,20X-Clon3-Indif-plusDox-D2-Foto2.tif,475,7.639,54.251,27.213,15.806
130,20X-Clon3-Indif-plusDox-D2-Foto2.tif,481,7.639,37.459,21.187,10.046
131,20X-Clon3-Indif-plusDox-D2-Foto2.tif,303,7.639,120.901,9.314,42.043
132,20X-Clon3-Indif-plusDox-D2-Foto2.tif,348,7.639,41.394,63.431,9.773
133,20X-Clon3-Indif-plusDox-D2-Foto2.tif,970,7.639,35.505,89.411,2.623
134,20X-Clon3-Indif-plusDox-D2-Foto2.tif,530,7.639,34.264,63.413,2.928
135,20X-Clon3-Indif-plusDox-D2-Foto2.tif,394,7.639,39.076,6.794,52.256
136,20X-Clon3-Indif-plusDox-D2-Foto2.tif,572,7.639,21.369,13.163,3.687
137,20X-Clon3-Indif-plusDox-D2-Foto2.tif,557,7.639,32.761,7.447,27.916
138,20X-Clon3-Indif-plusDox-D2-Foto2.tif,167,7.639,89.365,42.749,11.707
139,20X-Clon3-Indif-plusDox-D2-Foto2.tif,469,7.639,31.774,6.087,40.243
140,20X-Clon3-Indif-plusDox-D2-Foto2.tif,366,7.639,37.806,74.413,5.691
141,20X-Clon3-Indif-plusDox-D2-Foto2.tif,509,7.639,31.591,50.784,6.179
142,20X-Clon3-Indif-plusDox-D2-Foto2.tif,345,7.639,54.020,8.035,15.536
143,20X-Clon3-Indif-plusDox-D2-Foto2.tif,480,7.639,46.898,43.946,8.196
144,20X-Clon3-Indif-plusDox-D2-Foto2.tif,642,7.639,47.662,46.030,11.329
145,20X-Clon3-Indif-plusDox-D2-Foto2.tif,538,7.639,42.796,32.364,5.747
146,20X-Clon3-Indif-plusDox-D2-Foto2.tif,385,7.639,35.052,7.166,59.919
147,20X-Clon3-Indif-plusDox-D2-Foto2.tif,836,7.639,39.411,78.084,2.773
148,20X-Clon3-Indif-plusDox-D2-Foto2.tif,518,7.639,49.456,18.284,15.494
149,20X-Clon3-Indif-plusDox-D2-Foto2.tif,521,7.639,31.779,46.810,6.148
150,20X-Clon3-Indif-plusDox-D2-Foto2.tif,587,7.639,31.215,5.218,6.428
151,20X-Clon3-Indif-plusDox-D2-Foto2.tif,433,7.639,40.277,57.677,4.450
152,20X-Clon3-Indif-plusDox-D2-Foto2.tif,457,7.639,54.007,50.344,10.882
153,20X-Clon3-Indif-plusDox-D2-Foto2.tif,438,7.639,40.132,9.568,15.904
154,20X-Clon3-Indif-plusDox-D2-Foto2.tif,451,7.639,31.632,7.350,33.947
155,20X-Clon3-Indif-plusDox-D2-Foto2.tif,477,7.639,35.912,6.744,51.386
156,20X-Clon3-Indif-plusDox-D2-Foto2.tif,504,7.639,50.534,88.764,5.060
157,20X-Clon3-Indif-plusDox-D2-Foto2.tif,502,7.639,44.155,105.460,2.884
158,20X-Clon3-Indif-plusDox-D2-Foto2.tif,488,7.639,46.697,81.959,3.662
159,20X-Clon3-Indif-plusDox-D2-Foto2.tif,699,7.639,45.349,73.725,2.598
160,20X-Clon3-Indif-plusDox-D2-Foto2.tif,633,7.639,29.264,5.036,53.812
161,20X-Clon3-Indif-plusDox-D2-Foto2.tif,375,7.639,37.973,7.208,32.808
162,20X-Clon3-Indif-plusDox-D2-Foto2.tif,774,7.639,38.807,49.557,3.022
163,20X-Clon3-Indif-plusDox-D2-Foto2.tif,567,7.639,34.035,6.429,64.383
164,20X-Clon3-Indif-plusDox-D2-Foto2.tif,444,7.639,50.459,24.356,15.928
165,20X-Clon3-Indif-plusDox-D2-Foto2.tif,499,7.639,36.445,8.429,13.347
166,20X-Clon3-Indif-plusDox-D2-Foto2.tif,474,7.639,34.624,5.483,53.038
167,20X-Clon3-Indif-plusDox-D2-Foto2.tif,656,7.639,17.494,12.378,4.076
168,20X-Clon3-Indif-plusDox-D2-Foto2.tif,473,7.639,32.239,85.256,3.812
169,20X-Clon3-Indif-plusDox-D2-Foto2.tif,490,7.639,35.404,50.498,3.710
170,20X-Clon3-Indif-plusDox-D2-Foto2.tif,185,7.639,79.881,81.416,13.103
171,20X-Clon3-Indif-plusDox-D2-Foto2.tif,395,7.639,31.448,26.119,28.663
172,20X-Clon3-Indif-plusDox-D2-Foto2.tif,547,7.639,34.477,6.333,10.294
173,20X-Clon3-Indif-plusDox-D2-Foto2.tif,673,7.639,28.120,5.441,16.128
174,20X-Clon3-Indif-plusDox-D2-Foto2.tif,465,7.639,40.445,10.488,8.849
175,20X-Clon3-Indif-plusDox-D2-Foto2.tif,379,7.639,37.092,8.694,48.828
176,20X-Clon3-Indif-plusDox-D2-Foto2.tif,546,7.639,31.106,5.489,17.678
177,20X-Clon3-Indif-plusDox-D2-Foto2.tif,395,7.639,44.838,31.668,7.385
178,20X-Clon3-Indif-plusDox-D2-Foto2.tif,732,7.639,38.944,108.556,1.672
179,20X-Clon3-Indif-plusDox-D2-Foto2.tif,527,7.639,33.890,5.239,22.723
180,20X-Clon3-Indif-plusDox-D2-Foto2.tif,647,7.639,27.138,6.275,31.572
181,20X-Clon3-Indif-plusDox-D2-Foto2.tif,412,7.639,45.539,8.876,42.566
182,20X-Clon3-Indif-plusDox-D2-Foto2.tif,388,7.639,30.915,6.309,54.706
183,20X-Clon3-Indif-plusDox-D2-Foto2.tif,420,7.639,51.929,7.029,54.581
184,20X-Clon3-Indif-plusDox-D2-Foto2.tif,472,7.639,30.716,6.979,35.905
185,20X-Clon3-Indif-plusDox-D2-Foto2.tif,630,7.639,38.490,22.302,11.627
186,20X-Clon3-Indif-plusDox-D2-Foto2.tif,351,7.639,28.823,27.225,8.031
187,20X-Clon3-Indif-plusDox-D2-Foto2.tif,386,7.639,31.275,29.500,24.047
188,20X-Clon3-Indif-plusDox-D2-Foto2.tif,596,7.639,25.871,6.710,27.032
189,20X-Clon3-Indif-plusDox-D2-Foto2.tif,502,7.639,48.552,58.488,7.183
190,20X-Clon3-Indif-plusDox-D2-Foto2.tif,461,7.639,39.599,10.184,9.345
191,20X-Clon3-Indif-plusDox-D2-Foto2.tif,676,7.639,45.760,117.312,2.928
192,20X-Clon3-Indif-plusDox-D2-Foto2.tif,664,7.639,39.057,6.372,28.846
193,20X-Clon3-Indif-plusDox-D2-Foto2.tif,356,7.639,45.301,13.843,25.351
194,20X-Clon3-Indif-plusDox-D2-Foto2.tif,335,7.639,69.713,29.236,29.884
195,20X-Clon3-Indif-plusDox-D2-Foto2.tif,520,7.639,39.154,5.938,50.067
196,20X-Clon3-Indif-plusDox-D2-Foto2.tif,475,7.639,33.714,6.518,38.044
197,20X-Clon3-Indif-plusDox-D2-Foto2.tif,737,7.639,43.365,5.867,10.666
198,20X-Clon3-Indif-plusDox-D2-Foto2.tif,433,7.639,40.598,6.247,41.612
199,20X-Clon3-Indif-plusDox-D2-Foto2.tif,819,7.639,35.665,40.104,6.408
200,20X-Clon3-Indif-plusDox-D2-Foto2.tif,548,7.639,39.774,51.462,4.633
201,20X-Clon3-Indif-plusDox-D2-Foto2.tif,229,7.639,70.258,7.987,55.550
202,20X-Clon3-Indif-plusDox-D2-Foto2.tif,417,7.639,37.787,7.098,28.712
203,20X-Clon3-Indif-plusDox-D2-Foto2.tif,404,7.639,63.134,40.141,15.512
204,20X-Clon3-Indif-plusDox-D2-Foto2.tif,150,7.639,68.687,9.567,14.433
205,20X-Clon3-Indif-plusDox-D2-Foto2.tif,332,7.639,39.955,8.208,53.277
206,20X-Clon3-Indif-plusDox-D2-Foto2.tif,600,7.639,37.180,6.677,12.628
207,20X-Clon3-Indif-plusDox-D2-Foto2.tif,488,7.639,33.008,5.918,22.617
208,20X-Clon3-Indif-plusDox-D2-Foto2.tif,527,7.639,33.161,55.152,3.770
209,20X-Clon3-Indif-plusDox-D2-Foto2.tif,813,7.639,32.503,6.053,27.622
210,20X-Clon3-Indif-plusDox-D2-Foto2.tif,715,7.639,36.625,48.734,5.046
211,20X-Clon3-Indif-plusDox-D2-Foto2.tif,711,7.639,41.156,6.547,8.602
212,20X-Clon3-Indif-plusDox-D2-Foto2.tif,514,7.639,41.130,82.907,4.140
213,20X-Clon3-Indif-plusDox-D2-Foto2.tif,632,7.639,30.554,7.373,35.044
214,20X-Clon3-Indif-plusDox-D2-Foto2.tif,498,7.639,38.110,5.530,63.313
215,20X-Clon3-Indif-plusDox-D2-Foto2.tif,237,7.639,73.384,11.194,47.599
216,20X-Clon3-Indif-plusDox-D2-Foto2.tif,518,7.639,27.448,5.303,33.266
217,20X-Clon3-Indif-plusDox-D2-Foto2.tif,529,7.639,68.968,150.493,7.246
218,20X-Clon3-Indif-plusDox-D2-Foto2.tif,591,7.639,40.259,25.787,30.860
219,20X-Clon3-Indif-plusDox-D2-Foto2.tif,671,7.639,34.425,5.238,43.197
220,20X-Clon3-Indif-plusDox-D2-Foto2.tif,660,7.639,33.047,5.629,6.142
221,20X-Clon3-Indif-plusDox-D2-Foto2.tif,288,7.639,52.899,5.656,30.906
222,20X-Clon3-Indif-plusDox-D2-Foto2.tif,618,7.639,24.875,5.956,75.304
223,20X-Clon3-Indif-plusDox-D2-Foto2.tif,652,7.639,46.465,6.620,50.411
224,20X-Clon3-Indif-plusDox-D2-Foto2.tif,491,7.639,35.318,65.226,8.802
225,20X-Clon3-Indif-plusDox-D2-Foto2.tif,393,7.639,45.015,10.471,45.781
226,20X-Clon3-Indif-plusDox-D2-Foto2.tif,544,7.639,30.651,6.737,10.075
227,20X-Clon3-Indif-plusDox-D2-Foto2.tif,628,7.639,40.860,31.022,8.861
228,20X-Clon3-Indif-plusDox-D2-Foto2.tif,869,7.639,34.677,159.031,2.450
229,20X-Clon3-Indif-plusDox-D2-Foto2.tif,504,7.639,44.423,72.357,4.232
230,20X-Clon3-Indif-plusDox-D2-Foto2.tif,416,7.639,50.264,15.329,9.279
231,20X-Clon3-Indif-plusDox-D2-Foto2.tif,308,7.639,54.130,8.899,5.935
232,20X-Clon3-Indif-plusDox-D2-Foto2.tif,238,7.639,52.672,19.063,21.521
233,20X-Clon3-Indif-plusDox-D2-Foto2.tif,568,7.639,34.312,68.570,1.623
234,20X-Clon3-Indif-plusDox-D2-Foto2.tif,495,7.639,50.289,161.289,2.943
235,20X-Clon3-Indif-plusDox-D2-Foto2.tif,690,7.639,24.319,5.396,25.754
236,20X-Clon3-Indif-plusDox-D2-Foto2.tif,231,7.639,43.939,102.870,4.087
237,20X-Clon3-Indif-plusDox-D2-Foto2.tif,960,7.639,25.200,12.739,5.583
238,20X-Clon3-Indif-plusDox-D2-Foto2.tif,454,7.639,34.985,6.718,36.626
239,20X-Clon3-Indif-plusDox-D2-Foto2.tif,391,7.639,37.570,6.217,29.228
240,20X-Clon3-Indif-plusDox-D2-Foto2.tif,645,7.639,34.236,5.558,36.819
241,20X-Clon3-Indif-plusDox-D2-Foto2.tif,384,7.639,54.943,12.974,92.003
242,20X-Clon3-Indif-plusDox-D2-Foto2.tif,378,7.639,44.860,6.984,8.489
243,20X-Clon3-Indif-plusDox-D2-Foto2.tif,378,7.639,29.974,28.344,7.185
244,20X-Clon3-Indif-plusDox-D2-Foto2.tif,672,7.639,31.879,7.179,17.391
245,20X-Clon3-Indif-plusDox-D2-Foto2.tif,422,7.639,42.763,6.616,12.047
246,20X-Clon3-Indif-plusDox-D2-Foto2.tif,374,7.639,48.278,8.842,4.901
247,20X-Clon3-Indif-plusDox-D2-Foto2.tif,815,7.639,28.442,7.317,17.410
248,20X-Clon3-Indif-plusDox-D2-Foto2.tif,433,7.639,32.898,48.975,4.647
249,20X-Clon3-Indif-plusDox-D2-Foto2.tif,864,7.639,44.025,44.311,3.939
250,20X-Clon3-Indif-plusDox-D2-Foto2.tif,438,7.639,42.427,8.500,14.059
251,20X-Clon3-Indif-plusDox-D2-Foto2.tif,625,7.639,48.259,62.014,4.218
252,20X-Clon3-Indif-plusDox-D2-Foto2.tif,650,7.639,53.946,6.037,36.195
253,20X-Clon3-Indif-plusDox-D2-Foto2.tif,359,7.639,50.167,9.382,64.660
254,20X-Clon3-Indif-plusDox-D2-Foto2.tif,529,7.639,27.408,48.499,3.870
255,20X-Clon3-Indif-plusDox-D2-Foto2.tif,952,7.639,31.086,24.008,4.082
256,20X-Clon3-Indif-plusDox-D2-Foto2.tif,313,7.639,51.450,6.827,32.764
257,20X-Clon3-Indif-plusDox-D2-Foto2.tif,453,7.639,35.898,7.925,19.790
258,20X-Clon3-Indif-plusDox-D2-Foto2.tif,350,7.639,42.009,9.497,26.291
259,20X-Clon3-Indif-plusDox-D2-Foto2.tif,493,7.639,30.734,5.710,58.030
260,20X-Clon3-Indif-plusDox-D2-Foto2.tif,474,7.639,35.055,6.530,47.420
261,20X-Clon3-Indif-plusDox-D2-Foto2.tif,444,7.639,53.928,19.074,16.482
262,20X-Clon3-Indif-plusDox-D2-Foto2.tif,635,7.639,46.299,76.060,5.890
263,20X-Clon3-Indif-plusDox-D2-Foto2.tif,414,7.639,32.720,7.440,48.256
264,20X-Clon3-Indif-plusDox-D2-Foto2.tif,458,7.639,71.559,8.120,51.478
265,20X-Clon3-Indif-plusDox-D2-Foto2.tif,662,7.639,23.708,5.035,23.094
266,20X-Clon3-Indif-plusDox-D2-Foto2.tif,578,7.639,28.081,5.811,55.522
267,20X-Clon3-Indif-plusDox-D2-Foto2.tif,617,7.639,55.733,13.083,23.172
268,20X-Clon3-Indif-plusDox-D2-Foto2.tif,119,7.639,75.739,11.395,27.168
269,20X-Clon3-Indif-plusDox-D2-Foto2.tif,581,7.639,45.740,8.003,15.176
270,20X-Clon3-Indif-plusDox-D2-Foto2.tif,521,7.639,35.618,6.351,38.106
271,20X-Clon3-Indif-plusDox-D2-Foto2.tif,488,7.639,37.094,80.805,1.574
272,20X-Clon3-Indif-plusDox-D2-Foto2.tif,610,7.639,25.251,6.639,38.262
273,20X-Clon3-Indif-plusDox-D2-Foto2.tif,431,7.639,54.564,7.452,29.879
274,20X-Clon3-Indif-plusDox-D2-Foto2.tif,238,7.639,62.655,34.059,23.130
275,20X-Clon3-Indif-plusDox-D2-Foto2.tif,728,7.639,29.474,5.255,12.387
276,20X-Clon3-Indif-plusDox-D2-Foto2.tif,613,7.639,24.734,6.171,119.060
277,20X-Clon3-Indif-plusDox-D2-Foto2.tif,548,7.639,30.721,6.495,34.325
278,20X-Clon3-Indif-plusDox-D2-Foto2.tif,253,7.639,38.960,25.984,11.988
279,20X-Clon3-Indif-plusDox-D2-Foto2.tif,453,7.639,39.852,9.684,55.609
280,20X-Clon3-Indif-plusDox-D2-Foto2.tif,433,7.639,38.079,7.665,15.975
281,20X-Clon3-Indif-plusDox-D2-Foto2.tif,1015,7.639,30.655,106.074,3.769
282,20X-Clon3-Indif-plusDox-D2-Foto2.tif,94,7.639,92.160,8.138,3.904
283,20X-Clon3-Indif-plusDox-D2-Foto2.tif,447,7.639,41.333,8.228,66.425
284,20X-Clon3-Indif-plusDox-D2-Foto2.tif,566,7.639,53.735,8.417,48.316
285,20X-Clon3-Indif-plusDox-D2-Foto2.tif,293,7.639,58.655,11.737,18.942
286,20X-Clon3-Indif-plusDox-D2-Foto2.tif,1008,7.639,17.574,5.112,11.534
287,20X-Clon3-Indif-plusDox-D2-Foto2.tif,351,7.639,35.111,83.407,1.319
288,20X-Clon3-Indif-plusDox-D2-Foto2.tif,421,7.639,44.527,12.195,16.005
289,20X-Clon3-Indif-plusDox-D2-Foto2.tif,628,7.639,25.081,13.361,21.632
290,20X-Clon3-Indif-plusDox-D2-Foto2.tif,453,7.639,43.258,66.333,5.631
291,20X-Clon3-Indif-plusDox-D2-Foto2.tif,434,7.639,26.062,43.187,7.138
292,20X-Clon3-Indif-plusDox-D2-Foto2.tif,669,7.639,36.810,8.084,17.984
293,20X-Clon3-Indif-plusDox-D2-Foto2.tif,538,7.639,30.701,53.348,4.203
294,20X-Clon3-Indif-plusDox-D2-Foto2.tif,569,7.639,29.981,6.197,25.979
295,20X-Clon3-Indif-plusDox-D2-Foto2.tif,495,7.639,37.341,6.798,61.321
296,20X-Clon3-Indif-plusDox-D2-Foto2.tif,536,7.639,42.547,66.575,8.349
297,20X-Clon3-Indif-plusDox-D2-Foto2.tif,695,7.639,30.079,25.476,3.012
298,20X-Clon3-Indif-plusDox-D2-Foto2.tif,365,7.639,43.129,6.723,44.808
299,20X-Clon3-Indif-plusDox-D2-Foto2.tif,791,7.639,19.867,61.693,3.357
300,20X-Clon3-Indif-plusDox-D2-Foto2.tif,419,7.639,50.005,7.186,52.243
301,20X-Clon3-Indif-plusDox-D2-Foto2.tif,635,7.639,50.863,69.980,2.835
302,20X-Clon3-Indif-plusDox-D2-Foto2.tif,556,7.639,26.430,5.183,9.257
303,20X-Clon3-Indif-plusDox-D2-Foto2.tif,505,7.639,34.564,7.978,39.806
304,20X-Clon3-Indif-plusDox-D2-Foto2.tif,331,7.639,43.940,23.248,12.888
305,20X-Clon3-Indif-plusDox-D2-Foto2.tif,318,7.639,51.085,26.849,28.236
306,20X-Clon3-Indif-plusDox-D2-Foto2.tif,718,7.639,24.831,5.799,52.617
307,20X-Clon3-Indif-plusDox-D2-Foto2.tif,650,7.639,21.992,6.105,60.815
308,20X-Clon3-Indif-plusDox-D2-Foto2.tif,329,7.639,45.413,14.480,31.085
309,20X-Clon3-Indif-plusDox-D2-Foto2.tif,350,7.639,50.266,7.277,93.994
310,20X-Clon3-Indif-plusDox-D2-Foto2.tif,459,7.639,23.819,6.627,24.092
311,20X-Clon3-Indif-plusDox-D2-Foto2.tif,191,7.639,67.749,11.780,8.817
312,20X-Clon3-Indif-plusDox-D2-Foto2.tif,467,7.639,48.197,74.302,12.719
313,20X-Clon3-Indif-plusDox-D2-Foto2.tif,722,7.639,40.855,8.849,20.208
314,20X-Clon3-Indif-plusDox-D2-Foto2.tif,539,7.639,29.879,5.262,42.994
315,20X-Clon3-Indif-plusDox-D2-Foto2.tif,453,7.639,40.366,7.645,31.018
316,20X-Clon3-Indif-plusDox-D2-Foto2.tif,392,7.639,46.046,6.515,12.355
317,20X-Clon3-Indif-plusDox-D2-Foto2.tif,327,7.639,51.135,26.694,13.413
318,20X-Clon3-Indif-plusDox-D2-Foto2.tif,423,7.639,41.988,10.953,38.078
319,20X-Clon3-Indif-plusDox-D2-Foto2.tif,893,7.639,37.931,39.943,3.866
320,20X-Clon3-Indif-plusDox-D2-Foto2.tif,701,7.639,31.565,7.173,33.499
321,20X-Clon3-Indif-plusDox-D2-Foto2.tif,370,7.639,43.662,64.495,8.232
322,20X-Clon3-Indif-plusDox-D2-Foto2.tif,737,7.639,42.727,62.305,4.151
323,20X-Clon3-Indif-plusDox-D2-Foto2.tif,457,7.639,32.689,6.545,84.538
324,20X-Clon3-Indif-plusDox-D2-Foto2.tif,536,7.639,35.931,6.157,45.931
325,20X-Clon3-Indif-plusDox-D2-Foto2.tif,411,7.639,66.389,68.652,23.783
326,20X-Clon3-Indif-plusDox-D2-Foto2.tif,214,7.639,80.103,57.402,20.089
327,20X-Clon3-Indif-plusDox-D2-Foto2.tif,130,7.639,21.400,12.154,15.938
328,20X-Clon3-Indif-plusDox-D2-Foto2.tif,215,7.639,27.926,6.665,10.488
329,20X-Clon3-Indif-plusDox-D2-Foto2.tif,769,7.639,40.356,55.419,3.035
330,20X-Clon3-Indif-plusDox-D2-Foto2.tif,718,7.639,43.964,40.567,7.933
331,20X-Clon3-Indif-plusDox-D2-Foto2.tif,813,7.639,60.956,7.619,43.073
332,20X-Clon3-Indif-plusDox-D2-Foto2.tif,154,7.639,49.604,11.688,10.955
333,20X-Clon3-Indif-plusDox-D2-Foto2.tif,379,7.639,46.828,11.414,61.348
334,20X-Clon3-Indif-plusDox-D2-Foto2.tif,499,7.639,33.427,7.138,35.509
335,20X-Clon3-Indif-plusDox-D2-Foto2.tif,295,7.639,23.010,6.427,22.797
336,20X-Clon3-Indif-plusDox-D2-Foto2.tif,453,7.639,27.415,5.918,38.885
337,20X-Clon3-Indif-plusDox-D2-Foto2.tif,192,7.639,44.344,8.562,71.531
338,20X-Clon3-Indif-plusDox-D2-Foto2.tif,351,7.639,32.128,7.228,10.265
339,20X-Clon3-Indif-plusDox-D2-Foto2.tif,597,7.639,31.149,5.221,22.812
340,20X-Clon3-Indif-plusDox-D2-Foto2.tif,242,7.639,99.773,144.244,2.041
341,20X-Clon3-Indif-plusDox-D2-Foto2.tif,480,7.639,46.396,7.162,48.719
342,20X-Clon3-Indif-plusDox-D2-Foto2.tif,560,7.639,51.914,35.496,32.441
343,20X-Clon3-Indif-plusDox-D2-Foto2.tif,498,7.639,40.289,64.711,4.012
344,20X-Clon3-Indif-plusDox-D2-Foto2.tif,403,7.639,38.333,8.050,20.573
345,20X-Clon3-Indif-plusDox-D2-Foto2.tif,365,7.639,61.562,90.181,13.392
346,20X-Clon3-Indif-plusDox-D2-Foto2.tif,248,7.639,58.871,7.782,97.323
347,20X-Clon3-Indif-plusDox-D2-Foto2.tif,257,7.639,48.023,6.420,40.805
348,20X-Clon3-Indif-plusDox-D2-Foto2.tif,267,7.639,40.378,134.929,5.397
349,20X-Clon3-Indif-plusDox-D2-Foto2.tif,506,7.639,40.241,6.729,58.907
350,20X-Clon3-Indif-plusDox-D2-Foto2.tif,194,7.639,23.175,5.448,15.448
351,20X-Clon3-Indif-plusDox-D2-Foto2.tif,193,7.639,93.679,11.632,109.668
352,20X-Clon3-Indif-plusDox-D2-Foto2.tif,506,7.639,29.753,71.929,4.144
353,20X-Clon3-Indif-plusDox-D2-Foto2.tif,101,7.639,57.238,11.040,5.485
354,20X-Clon3-Indif-plusDox-D2-Foto2.tif,163,7.639,43.356,7.718,67.736
355,20X-Clon3-Indif-plusDox-D2-Foto2.tif,524,7.639,48.861,7.008,48.326
356,20X-Clon3-Indif-plusDox-D2-Foto2.tif,283,7.639,26.558,6.145,14.286
357,20X-Clon3-Indif-plusDox-D2-Foto2.tif,361,7.639,39.396,9.690,75.061
358,20X-Clon3-Indif-plusDox-D2-Foto2.tif,613,7.639,36.241,6.437,25.382
359,20X-Clon3-Indif-plusDox-D2-Foto2.tif,142,7.639,62.606,11.662,20.049
360,20X-Clon3-Indif-plusDox-D2-Foto2.tif,116,7.639,34.198,13.224,6.612
361,20X-Clon3-Indif-plusDox-D2-Foto2.tif,373,7.639,26.780,9.810,30.062
362,20X-Clon3-Indif-plusDox-D2-Foto2.tif,50,7.639,56.160,9.380,25.120
363,20X-Clon3-Indif-plusDox-D2-Foto2.tif,392,7.639,36.931,60.875,3.594
364,20X-Clon3-Indif-plusDox-D2-Foto2.tif,936,7.639,23.841,14.723,5.775
365,20X-Clon3-Indif-plusDox-D2-Foto2.tif,337,7.639,53.709,8.626,138.294
366,20X-Clon3-Indif-plusDox-D2-Foto2.tif,106,7.639,86.189,8.802,37.340
367,20X-Clon3-Indif-plusDox-D2-Foto2.tif,120,7.639,39.225,8.250,86.450
368,20X-Clon3-Indif-plusDox-D2-Foto2.tif,332,7.639,32.816,6.331,11.636
369,20X-Clon3-Indif-plusDox-D2-Foto2.tif,123,7.639,36.829,11.341,18.927
370,20X-Clon3-Indif-plusDox-D2-Foto2.tif,238,7.639,25.798,40.261,1.252
371,20X-Clon3-Indif-plusDox-D2-Foto2.tif,113,7.639,30.991,40.044,1.637
372,20X-Clon3-Indif-plusDox-D2-Foto2.tif,36,7.639,42.361,5.833,9.778
373,20X-Clon3-Indif-plusDox-D2-Foto2.tif,119,7.639,56.815,33.882,12.294
374,20X-Clon3-Indif-plusDox-D2-Foto2.tif,89,7.639,54.382,34.618,11.955
375,20X-Clon3-Indif-plusDox-D2-Foto2.tif,43,7.639,25.907,7.512,18.791
376,20X-Clon3-Indif-plusDox-D2-Foto2.tif,96,7.639,63.104,15.302,16.917
