ROI,ImageID,Area,mCherry_Mean_rolling_background,DAPI_Mean,Nanog_Mean,mCherry_Mean
1,20X-Clon3-Indif-plusDox-D1-Foto1.tif,916,8.453,32.174,10.265,7.174
2,20X-Clon3-Indif-plusDox-D1-Foto1.tif,380,8.453,64.268,9.000,26.797
3,20X-Clon3-Indif-plusDox-D1-Foto1.tif,847,8.453,26.666,59.237,5.157
4,20X-Clon3-Indif-plusDox-D1-Foto1.tif,186,8.453,67.720,63.204,1.253
5,20X-Clon3-Indif-plusDox-D1-Foto1.tif,860,8.453,22.456,33.370,2.037
6,20X-Clon3-Indif-plusDox-D1-Foto1.tif,511,8.453,38.658,8.632,36.867
7,20X-Clon3-Indif-plusDox-D1-Foto1.tif,490,8.453,28.482,6.443,10.339
8,20X-Clon3-Indif-plusDox-D1-Foto1.tif,962,8.453,26.967,52.955,2.042
9,20X-Clon3-Indif-plusDox-D1-Foto1.tif,647,8.453,22.722,37.907,4.270
10,20X-Clon3-Indif-plusDox-D1-Foto1.tif,1066,8.453,26.113,7.547,14.043
11,20X-Clon3-Indif-plusDox-D1-Foto1.tif,611,8.453,22.339,34.136,3.556
12,20X-Clon3-Indif-plusDox-D1-Foto1.tif,819,8.453,23.012,83.750,2.193
13,20X-Clon3-Indif-plusDox-D1-Foto1.tif,848,8.453,31.721,10.639,6.920
14,20X-Clon3-Indif-plusDox-D1-Foto1.tif,538,8.453,35.638,9.149,9.764
15,20X-Clon3-Indif-plusDox-D1-Foto1.tif,560,8.453,41.493,8.266,50.182
16,20X-Clon3-Indif-plusDox-D1-Foto1.tif,473,8.453,49.899,8.740,28.875
17,20X-Clon3-Indif-plusDox-D1-Foto1.tif,706,8.453,23.469,39.455,1.499
18,20X-Clon3-Indif-plusDox-D1-Foto1.tif,720,8.453,40.026,6.492,25.289
19,20X-Clon3-Indif-plusDox-D1-Foto1.tif,447,8.453,24.526,16.374,11.157
20,20X-Clon3-Indif-plusDox-D1-Foto1.tif,350,8.453,37.137,8.894,22.926
21,20X-Clon3-Indif-plusDox-D1-Foto1.tif,183,8.453,73.541,15.257,53.825
22,20X-Clon3-Indif-plusDox-D1-Foto1.tif,709,8.453,34.370,85.159,5.449
23,20X-Clon3-Indif-plusDox-D1-Foto1.tif,436,8.453,29.181,7.548,32.273
24,20X-Clon3-Indif-plusDox-D1-Foto1.tif,775,8.453,17.034,6.382,16.017
25,20X-Clon3-Indif-plusDox-D1-Foto1.tif,591,8.453,20.985,6.565,14.915
26,20X-Clon3-Indif-plusDox-D1-Foto1.tif,495,8.453,32.572,8.683,30.933
27,20X-Clon3-Indif-plusDox-D1-Foto1.tif,418,8.453,54.950,15.993,74.632
28,20X-Clon3-Indif-plusDox-D1-Foto1.tif,889,8.453,25.974,40.236,8.026
29,20X-Clon3-Indif-plusDox-D1-Foto1.tif,768,8.453,36.578,10.535,8.056
30,20X-Clon3-Indif-plusDox-D1-Foto1.tif,386,8.453,25.997,7.953,37.477
31,20X-Clon3-Indif-plusDox-D1-Foto1.tif,404,8.453,29.639,44.653,2.530
32,20X-Clon3-Indif-plusDox-D1-Foto1.tif,600,8.453,25.253,6.470,38.448
33,20X-Clon3-Indif-plusDox-D1-Foto1.tif,433,8.453,33.815,27.182,14.065
34,20X-Clon3-Indif-plusDox-D1-Foto1.tif,456,8.453,29.978,6.320,12.908
35,20X-Clon3-Indif-plusDox-D1-Foto1.tif,490,8.453,44.982,7.324,18.053
36,20X-Clon3-Indif-plusDox-D1-Foto1.tif,148,8.453,69.453,10.486,60.764
37,20X-Clon3-Indif-plusDox-D1-Foto1.tif,557,8.453,20.917,6.417,34.402
38,20X-Clon3-Indif-plusDox-D1-Foto1.tif,430,8.453,55.228,14.330,24.374
39,20X-Clon3-Indif-plusDox-D1-Foto1.tif,440,8.453,25.870,7.730,38.211
40,20X-Clon3-Indif-plusDox-D1-Foto1.tif,575,8.453,24.508,7.330,15.157
41,20X-Clon3-Indif-plusDox-D1-Foto1.tif,630,8.453,20.906,7.076,17.487
42,20X-Clon3-Indif-plusDox-D1-Foto1.tif,640,8.453,24.655,6.733,21.109
43,20X-Clon3-Indif-plusDox-D1-Foto1.tif,463,8.453,26.914,15.806,13.890
44,20X-Clon3-Indif-plusDox-D1-Foto1.tif,314,8.453,82.631,12.086,39.347
45,20X-Clon3-Indif-plusDox-D1-Foto1.tif,137,8.453,93.474,9.584,1.708
46,20X-Clon3-Indif-plusDox-D1-Foto1.tif,1024,8.453,23.489,50.666,4.968
47,20X-Clon3-Indif-plusDox-D1-Foto1.tif,768,8.453,30.026,7.500,20.397
48,20X-Clon3-Indif-plusDox-D1-Foto1.tif,388,8.453,34.222,15.928,13.222
49,20X-Clon3-Indif-plusDox-D1-Foto1.tif,809,8.453,23.522,19.470,7.169
50,20X-Clon3-Indif-plusDox-D1-Foto1.tif,511,8.453,21.323,6.933,41.221
51,20X-Clon3-Indif-plusDox-D1-Foto1.tif,509,8.453,27.139,27.422,13.829
52,20X-Clon3-Indif-plusDox-D1-Foto1.tif,677,8.453,17.832,47.145,3.375
53,20X-Clon3-Indif-plusDox-D1-Foto1.tif,422,8.453,30.453,42.355,2.348
54,20X-Clon3-Indif-plusDox-D1-Foto1.tif,733,8.453,19.120,6.063,35.198
55,20X-Clon3-Indif-plusDox-D1-Foto1.tif,803,8.453,30.762,72.496,3.315
56,20X-Clon3-Indif-plusDox-D1-Foto1.tif,818,8.453,25.174,6.954,8.274
57,20X-Clon3-Indif-plusDox-D1-Foto1.tif,562,8.453,24.315,9.041,32.548
58,20X-Clon3-Indif-plusDox-D1-Foto1.tif,637,8.453,18.493,27.163,7.857
59,20X-Clon3-Indif-plusDox-D1-Foto1.tif,683,8.453,18.859,6.145,15.315
60,20X-Clon3-Indif-plusDox-D1-Foto1.tif,140,8.453,45.257,9.907,23.164
61,20X-Clon3-Indif-plusDox-D1-Foto1.tif,560,8.453,22.204,7.436,10.557
62,20X-Clon3-Indif-plusDox-D1-Foto1.tif,760,8.453,23.158,58.941,2.268
63,20X-Clon3-Indif-plusDox-D1-Foto1.tif,703,8.453,26.016,81.617,2.441
64,20X-Clon3-Indif-plusDox-D1-Foto1.tif,236,8.453,15.559,7.847,20.703
65,20X-Clon3-Indif-plusDox-D1-Foto1.tif,585,8.453,22.824,6.973,39.120
66,20X-Clon3-Indif-plusDox-D1-Foto1.tif,971,8.453,34.321,28.753,10.337
67,20X-Clon3-Indif-plusDox-D1-Foto1.tif,431,8.453,29.121,7.432,38.278
68,20X-Clon3-Indif-plusDox-D1-Foto1.tif,564,8.453,22.035,6.566,20.658
69,20X-Clon3-Indif-plusDox-D1-Foto1.tif,481,8.453,22.815,7.474,16.376
70,20X-Clon3-Indif-plusDox-D1-Foto1.tif,558,8.453,25.539,6.704,28.758
71,20X-Clon3-Indif-plusDox-D1-Foto1.tif,648,8.453,38.796,63.528,5.068
72,20X-Clon3-Indif-plusDox-D1-Foto1.tif,641,8.453,38.778,59.314,7.413
73,20X-Clon3-Indif-plusDox-D1-Foto1.tif,562,8.453,19.689,50.676,6.253
74,20X-Clon3-Indif-plusDox-D1-Foto1.tif,298,8.453,80.534,10.987,41.500
75,20X-Clon3-Indif-plusDox-D1-Foto1.tif,488,8.453,25.207,74.760,1.695
76,20X-Clon3-Indif-plusDox-D1-Foto1.tif,928,8.453,29.004,7.290,24.439
77,20X-Clon3-Indif-plusDox-D1-Foto1.tif,911,8.453,16.430,24.004,4.048
78,20X-Clon3-Indif-plusDox-D1-Foto1.tif,529,8.453,28.766,8.261,20.594
79,20X-Clon3-Indif-plusDox-D1-Foto1.tif,872,8.453,4.649,20.550,4.451
80,20X-Clon3-Indif-plusDox-D1-Foto1.tif,617,8.453,24.520,8.130,9.580
81,20X-Clon3-Indif-plusDox-D1-Foto1.tif,572,8.453,28.729,6.883,19.115
82,20X-Clon3-Indif-plusDox-D1-Foto1.tif,571,8.453,24.378,6.888,43.632
83,20X-Clon3-Indif-plusDox-D1-Foto1.tif,125,8.453,65.096,10.960,6.288
84,20X-Clon3-Indif-plusDox-D1-Foto1.tif,984,8.453,25.240,6.386,15.474
85,20X-Clon3-Indif-plusDox-D1-Foto1.tif,664,8.453,20.417,47.060,4.970
86,20X-Clon3-Indif-plusDox-D1-Foto1.tif,877,8.453,20.511,32.047,4.087
87,20X-Clon3-Indif-plusDox-D1-Foto1.tif,430,8.453,22.893,42.242,1.242
88,20X-Clon3-Indif-plusDox-D1-Foto1.tif,506,8.453,33.423,7.409,52.947
89,20X-Clon3-Indif-plusDox-D1-Foto1.tif,507,8.453,33.205,24.436,19.379
90,20X-Clon3-Indif-plusDox-D1-Foto1.tif,736,8.453,19.158,7.209,33.253
91,20X-Clon3-Indif-plusDox-D1-Foto1.tif,402,8.453,33.179,7.634,17.562
92,20X-Clon3-Indif-plusDox-D1-Foto1.tif,58,8.453,16.586,7.690,12.224
93,20X-Clon3-Indif-plusDox-D1-Foto1.tif,396,8.453,28.078,62.056,2.674
94,20X-Clon3-Indif-plusDox-D1-Foto1.tif,413,8.453,25.458,7.758,19.663
95,20X-Clon3-Indif-plusDox-D1-Foto1.tif,135,8.453,41.667,11.141,3.141
96,20X-Clon3-Indif-plusDox-D1-Foto1.tif,767,8.453,23.506,72.817,2.817
97,20X-Clon3-Indif-plusDox-D1-Foto1.tif,202,8.453,19.812,6.005,29.579
98,20X-Clon3-Indif-plusDox-D1-Foto1.tif,611,8.453,30.971,22.570,20.851
99,20X-Clon3-Indif-plusDox-D1-Foto1.tif,273,8.453,34.806,40.744,7.897
100,20X-Clon3-Indif-plusDox-D1-Foto1.tif,167,8.453,26.305,5.862,10.174
101,20X-Clon3-Indif-plusDox-D1-Foto1.tif,330,8.453,32.106,10.176,22.064
102,20X-Clon3-Indif-plusDox-D1-Foto1.tif,355,8.453,32.811,20.544,8.687
103,20X-Clon3-Indif-plusDox-D1-Foto1.tif,383,8.453,14.426,9.514,18.935
104,20X-Clon3-Indif-plusDox-D1-Foto1.tif,357,8.453,24.655,11.633,11.650
105,20X-Clon3-Indif-plusDox-D1-Foto1.tif,338,8.453,30.192,9.808,20.509
106,20X-Clon3-Indif-plusDox-D1-Foto1.tif,51,8.453,38.510,13.745,2.627
107,20X-Clon3-Indif-plusDox-D1-Foto1.tif,137,8.453,18.810,7.628,40.715
108,20X-Clon3-Indif-plusDox-D1-Foto1.tif,74,8.453,14.365,4.986,0.919
