ROI,ImageID,Area,mCherry_Mean_rolling_background,DAPI_Mean,Nanog_Mean,mCherry_Mean
1,20X-Clon3-Indif-plusDox-D3-Foto4.tif,741,7.610,35.003,94.619,1.978
2,20X-Clon3-Indif-plusDox-D3-Foto4.tif,521,7.610,70.576,7.096,169.860
3,20X-Clon3-Indif-plusDox-D3-Foto4.tif,920,7.610,40.623,67.105,4.221
4,20X-Clon3-Indif-plusDox-D3-Foto4.tif,538,7.610,44.520,113.599,2.059
5,20X-Clon3-Indif-plusDox-D3-Foto4.tif,154,7.610,116.130,50.364,2.130
6,20X-Clon3-Indif-plusDox-D3-Foto4.tif,569,7.610,47.691,82.116,3.139
7,20X-Clon3-Indif-plusDox-D3-Foto4.tif,1056,7.610,38.695,5.916,20.086
8,20X-Clon3-Indif-plusDox-D3-Foto4.tif,754,7.610,26.337,6.034,12.394
9,20X-Clon3-Indif-plusDox-D3-Foto4.tif,708,7.610,29.120,6.823,39.814
10,20X-Clon3-Indif-plusDox-D3-Foto4.tif,675,7.610,44.833,85.074,2.665
11,20X-Clon3-Indif-plusDox-D3-Foto4.tif,538,7.610,33.541,47.307,3.762
12,20X-Clon3-Indif-plusDox-D3-Foto4.tif,681,7.610,31.670,6.147,38.557
13,20X-Clon3-Indif-plusDox-D3-Foto4.tif,499,7.610,37.150,6.669,46.852
14,20X-Clon3-Indif-plusDox-D3-Foto4.tif,637,7.610,30.091,28.677,2.119
15,20X-Clon3-Indif-plusDox-D3-Foto4.tif,613,7.610,53.600,6.440,16.408
16,20X-Clon3-Indif-plusDox-D3-Foto4.tif,909,7.610,21.371,5.485,4.886
17,20X-Clon3-Indif-plusDox-D3-Foto4.tif,561,7.610,34.763,6.597,20.244
18,20X-Clon3-Indif-plusDox-D3-Foto4.tif,482,7.610,35.805,5.465,5.876
19,20X-Clon3-Indif-plusDox-D3-Foto4.tif,572,7.610,34.692,6.147,11.184
20,20X-Clon3-Indif-plusDox-D3-Foto4.tif,600,7.610,31.807,5.873,16.840
21,20X-Clon3-Indif-plusDox-D3-Foto4.tif,559,7.610,34.728,6.299,17.043
22,20X-Clon3-Indif-plusDox-D3-Foto4.tif,869,7.610,34.938,35.266,3.208
23,20X-Clon3-Indif-plusDox-D3-Foto4.tif,514,7.610,41.041,7.982,21.113
24,20X-Clon3-Indif-plusDox-D3-Foto4.tif,579,7.610,44.116,88.717,2.078
25,20X-Clon3-Indif-plusDox-D3-Foto4.tif,740,7.610,33.936,94.757,1.873
26,20X-Clon3-Indif-plusDox-D3-Foto4.tif,791,7.610,46.370,49.903,4.674
27,20X-Clon3-Indif-plusDox-D3-Foto4.tif,521,7.610,36.326,5.860,21.956
28,20X-Clon3-Indif-plusDox-D3-Foto4.tif,562,7.610,37.153,6.101,42.662
29,20X-Clon3-Indif-plusDox-D3-Foto4.tif,577,7.610,30.305,31.931,3.317
30,20X-Clon3-Indif-plusDox-D3-Foto4.tif,508,7.610,34.236,7.138,16.220
31,20X-Clon3-Indif-plusDox-D3-Foto4.tif,481,7.610,40.842,7.798,23.168
32,20X-Clon3-Indif-plusDox-D3-Foto4.tif,632,7.610,30.278,6.630,40.335
33,20X-Clon3-Indif-plusDox-D3-Foto4.tif,722,7.610,52.964,6.860,21.924
34,20X-Clon3-Indif-plusDox-D3-Foto4.tif,427,7.610,44.124,6.665,20.162
35,20X-Clon3-Indif-plusDox-D3-Foto4.tif,819,7.610,25.171,5.718,18.284
36,20X-Clon3-Indif-plusDox-D3-Foto4.tif,864,7.610,40.153,8.583,9.455
37,20X-Clon3-Indif-plusDox-D3-Foto4.tif,463,7.610,48.797,7.616,64.099
38,20X-Clon3-Indif-plusDox-D3-Foto4.tif,546,7.610,36.016,5.993,19.683
39,20X-Clon3-Indif-plusDox-D3-Foto4.tif,592,7.610,38.671,10.794,14.360
40,20X-Clon3-Indif-plusDox-D3-Foto4.tif,508,7.610,36.276,5.894,9.693
41,20X-Clon3-Indif-plusDox-D3-Foto4.tif,905,7.610,21.314,5.728,21.389
42,20X-Clon3-Indif-plusDox-D3-Foto4.tif,613,7.610,37.633,5.969,35.778
43,20X-Clon3-Indif-plusDox-D3-Foto4.tif,467,7.610,40.131,6.957,60.981
44,20X-Clon3-Indif-plusDox-D3-Foto4.tif,473,7.610,48.436,33.541,1.786
45,20X-Clon3-Indif-plusDox-D3-Foto4.tif,419,7.610,47.547,6.926,36.642
46,20X-Clon3-Indif-plusDox-D3-Foto4.tif,369,7.610,47.347,6.425,11.211
47,20X-Clon3-Indif-plusDox-D3-Foto4.tif,414,7.610,49.565,6.490,13.232
48,20X-Clon3-Indif-plusDox-D3-Foto4.tif,574,7.610,32.030,6.585,9.636
49,20X-Clon3-Indif-plusDox-D3-Foto4.tif,658,7.610,30.228,88.161,4.321
50,20X-Clon3-Indif-plusDox-D3-Foto4.tif,609,7.610,39.026,6.149,16.263
51,20X-Clon3-Indif-plusDox-D3-Foto4.tif,451,7.610,37.366,112.217,2.803
52,20X-Clon3-Indif-plusDox-D3-Foto4.tif,571,7.610,30.571,60.599,3.611
53,20X-Clon3-Indif-plusDox-D3-Foto4.tif,632,7.610,38.853,8.411,12.278
54,20X-Clon3-Indif-plusDox-D3-Foto4.tif,616,7.610,31.907,5.894,24.323
55,20X-Clon3-Indif-plusDox-D3-Foto4.tif,483,7.610,38.573,6.663,9.201
56,20X-Clon3-Indif-plusDox-D3-Foto4.tif,820,7.610,42.841,55.435,3.482
57,20X-Clon3-Indif-plusDox-D3-Foto4.tif,722,7.610,40.125,5.783,14.378
58,20X-Clon3-Indif-plusDox-D3-Foto4.tif,487,7.610,37.844,7.261,61.181
59,20X-Clon3-Indif-plusDox-D3-Foto4.tif,119,7.610,94.630,11.681,16.605
60,20X-Clon3-Indif-plusDox-D3-Foto4.tif,1185,7.610,78.943,8.352,16.222
61,20X-Clon3-Indif-plusDox-D3-Foto4.tif,400,7.610,42.188,5.678,12.537
62,20X-Clon3-Indif-plusDox-D3-Foto4.tif,673,7.610,41.822,90.062,4.900
63,20X-Clon3-Indif-plusDox-D3-Foto4.tif,490,7.610,43.576,89.531,2.200
64,20X-Clon3-Indif-plusDox-D3-Foto4.tif,554,7.610,32.733,7.399,15.578
65,20X-Clon3-Indif-plusDox-D3-Foto4.tif,673,7.610,28.171,5.709,15.823
66,20X-Clon3-Indif-plusDox-D3-Foto4.tif,431,7.610,54.172,158.712,1.592
67,20X-Clon3-Indif-plusDox-D3-Foto4.tif,552,7.610,33.696,9.978,14.922
68,20X-Clon3-Indif-plusDox-D3-Foto4.tif,410,7.610,40.785,8.061,16.244
69,20X-Clon3-Indif-plusDox-D3-Foto4.tif,606,7.610,29.244,5.822,14.446
70,20X-Clon3-Indif-plusDox-D3-Foto4.tif,541,7.610,36.606,7.682,19.460
71,20X-Clon3-Indif-plusDox-D3-Foto4.tif,386,7.610,49.091,7.207,33.793
72,20X-Clon3-Indif-plusDox-D3-Foto4.tif,850,7.610,42.325,73.587,2.233
73,20X-Clon3-Indif-plusDox-D3-Foto4.tif,820,7.610,41.290,5.790,12.122
74,20X-Clon3-Indif-plusDox-D3-Foto4.tif,355,7.610,53.073,5.566,4.485
75,20X-Clon3-Indif-plusDox-D3-Foto4.tif,488,7.610,60.189,19.605,6.719
76,20X-Clon3-Indif-plusDox-D3-Foto4.tif,535,7.610,34.770,6.342,21.252
77,20X-Clon3-Indif-plusDox-D3-Foto4.tif,672,7.610,37.827,31.171,2.205
78,20X-Clon3-Indif-plusDox-D3-Foto4.tif,540,7.610,34.937,6.465,19.139
79,20X-Clon3-Indif-plusDox-D3-Foto4.tif,699,7.610,36.569,6.375,8.637
80,20X-Clon3-Indif-plusDox-D3-Foto4.tif,377,7.610,48.597,6.103,22.846
81,20X-Clon3-Indif-plusDox-D3-Foto4.tif,180,7.610,108.600,20.822,8.972
82,20X-Clon3-Indif-plusDox-D3-Foto4.tif,983,7.610,42.460,6.229,27.759
83,20X-Clon3-Indif-plusDox-D3-Foto4.tif,502,7.610,77.436,7.855,36.267
84,20X-Clon3-Indif-plusDox-D3-Foto4.tif,132,7.610,109.955,50.568,4.167
85,20X-Clon3-Indif-plusDox-D3-Foto4.tif,842,7.610,26.702,6.044,60.755
86,20X-Clon3-Indif-plusDox-D3-Foto4.tif,604,7.610,29.806,7.621,18.611
87,20X-Clon3-Indif-plusDox-D3-Foto4.tif,508,7.610,39.256,23.819,1.547
88,20X-Clon3-Indif-plusDox-D3-Foto4.tif,331,7.610,56.124,7.477,41.112
89,20X-Clon3-Indif-plusDox-D3-Foto4.tif,390,7.610,45.274,13.051,10.341
90,20X-Clon3-Indif-plusDox-D3-Foto4.tif,441,7.610,43.243,6.719,48.000
91,20X-Clon3-Indif-plusDox-D3-Foto4.tif,371,7.610,46.445,7.660,13.418
92,20X-Clon3-Indif-plusDox-D3-Foto4.tif,448,7.610,47.743,106.438,3.962
93,20X-Clon3-Indif-plusDox-D3-Foto4.tif,347,7.610,53.948,6.251,15.395
94,20X-Clon3-Indif-plusDox-D3-Foto4.tif,582,7.610,45.201,10.708,4.569
95,20X-Clon3-Indif-plusDox-D3-Foto4.tif,576,7.610,33.458,6.227,35.259
96,20X-Clon3-Indif-plusDox-D3-Foto4.tif,474,7.610,38.065,6.401,12.570
97,20X-Clon3-Indif-plusDox-D3-Foto4.tif,554,7.610,42.296,51.141,5.921
98,20X-Clon3-Indif-plusDox-D3-Foto4.tif,494,7.610,34.935,6.538,11.040
99,20X-Clon3-Indif-plusDox-D3-Foto4.tif,397,7.610,43.030,9.217,25.889
100,20X-Clon3-Indif-plusDox-D3-Foto4.tif,409,7.610,47.939,7.601,21.633
101,20X-Clon3-Indif-plusDox-D3-Foto4.tif,791,7.610,44.963,6.367,7.646
102,20X-Clon3-Indif-plusDox-D3-Foto4.tif,715,7.610,30.112,5.495,36.386
103,20X-Clon3-Indif-plusDox-D3-Foto4.tif,435,7.610,44.333,6.811,15.136
104,20X-Clon3-Indif-plusDox-D3-Foto4.tif,744,7.610,24.570,5.698,12.712
105,20X-Clon3-Indif-plusDox-D3-Foto4.tif,345,7.610,49.078,6.322,12.229
106,20X-Clon3-Indif-plusDox-D3-Foto4.tif,1196,7.610,30.102,6.603,19.084
107,20X-Clon3-Indif-plusDox-D3-Foto4.tif,404,7.610,41.903,6.052,10.713
108,20X-Clon3-Indif-plusDox-D3-Foto4.tif,493,7.610,37.264,6.389,24.041
109,20X-Clon3-Indif-plusDox-D3-Foto4.tif,292,7.610,66.199,6.058,6.120
110,20X-Clon3-Indif-plusDox-D3-Foto4.tif,436,7.610,50.053,44.856,5.888
111,20X-Clon3-Indif-plusDox-D3-Foto4.tif,377,7.610,52.000,6.666,18.318
112,20X-Clon3-Indif-plusDox-D3-Foto4.tif,468,7.610,37.380,11.784,17.521
113,20X-Clon3-Indif-plusDox-D3-Foto4.tif,477,7.610,41.216,7.166,30.994
114,20X-Clon3-Indif-plusDox-D3-Foto4.tif,390,7.610,47.513,6.369,12.018
115,20X-Clon3-Indif-plusDox-D3-Foto4.tif,459,7.610,41.405,5.651,14.963
116,20X-Clon3-Indif-plusDox-D3-Foto4.tif,792,7.610,24.828,5.614,3.364
117,20X-Clon3-Indif-plusDox-D3-Foto4.tif,193,7.610,101.523,9.627,15.358
118,20X-Clon3-Indif-plusDox-D3-Foto4.tif,371,7.610,55.574,6.563,11.919
119,20X-Clon3-Indif-plusDox-D3-Foto4.tif,445,7.610,41.724,6.679,24.220
120,20X-Clon3-Indif-plusDox-D3-Foto4.tif,673,7.610,34.327,6.103,45.606
121,20X-Clon3-Indif-plusDox-D3-Foto4.tif,701,7.610,46.019,5.932,13.091
122,20X-Clon3-Indif-plusDox-D3-Foto4.tif,199,7.610,141.427,15.583,14.849
123,20X-Clon3-Indif-plusDox-D3-Foto4.tif,752,7.610,24.714,5.959,17.247
124,20X-Clon3-Indif-plusDox-D3-Foto4.tif,591,7.610,37.120,61.049,3.379
125,20X-Clon3-Indif-plusDox-D3-Foto4.tif,385,7.610,41.883,8.156,64.743
126,20X-Clon3-Indif-plusDox-D3-Foto4.tif,509,7.610,37.959,6.743,20.701
127,20X-Clon3-Indif-plusDox-D3-Foto4.tif,165,7.610,78.564,9.436,15.818
128,20X-Clon3-Indif-plusDox-D3-Foto4.tif,408,7.610,46.417,8.564,7.115
129,20X-Clon3-Indif-plusDox-D3-Foto4.tif,586,7.610,30.855,6.034,14.872
130,20X-Clon3-Indif-plusDox-D3-Foto4.tif,182,7.610,77.967,9.725,4.115
131,20X-Clon3-Indif-plusDox-D3-Foto4.tif,640,7.610,31.884,5.845,23.453
132,20X-Clon3-Indif-plusDox-D3-Foto4.tif,911,7.610,31.798,6.259,15.878
133,20X-Clon3-Indif-plusDox-D3-Foto4.tif,416,7.610,47.608,6.933,54.536
134,20X-Clon3-Indif-plusDox-D3-Foto4.tif,866,7.610,45.704,5.697,19.005
135,20X-Clon3-Indif-plusDox-D3-Foto4.tif,148,7.610,49.858,7.061,7.905
136,20X-Clon3-Indif-plusDox-D3-Foto4.tif,460,7.610,43.167,6.291,15.285
137,20X-Clon3-Indif-plusDox-D3-Foto4.tif,794,7.610,35.928,119.031,2.714
138,20X-Clon3-Indif-plusDox-D3-Foto4.tif,1009,7.610,41.500,85.194,5.240
139,20X-Clon3-Indif-plusDox-D3-Foto4.tif,436,7.610,37.874,6.899,26.695
140,20X-Clon3-Indif-plusDox-D3-Foto4.tif,401,7.610,41.810,6.406,17.726
141,20X-Clon3-Indif-plusDox-D3-Foto4.tif,772,7.610,25.190,5.861,21.097
142,20X-Clon3-Indif-plusDox-D3-Foto4.tif,564,7.610,34.805,93.346,2.356
143,20X-Clon3-Indif-plusDox-D3-Foto4.tif,379,7.610,48.567,7.003,23.710
144,20X-Clon3-Indif-plusDox-D3-Foto4.tif,369,7.610,61.336,8.192,63.729
145,20X-Clon3-Indif-plusDox-D3-Foto4.tif,577,7.610,34.655,5.801,18.499
146,20X-Clon3-Indif-plusDox-D3-Foto4.tif,1105,7.610,44.490,7.452,19.649
147,20X-Clon3-Indif-plusDox-D3-Foto4.tif,570,7.610,61.456,6.896,47.079
148,20X-Clon3-Indif-plusDox-D3-Foto4.tif,565,7.610,34.416,5.681,7.096
149,20X-Clon3-Indif-plusDox-D3-Foto4.tif,568,7.610,51.028,115.371,2.847
150,20X-Clon3-Indif-plusDox-D3-Foto4.tif,471,7.610,36.221,5.803,8.548
151,20X-Clon3-Indif-plusDox-D3-Foto4.tif,807,7.610,24.145,5.221,2.696
152,20X-Clon3-Indif-plusDox-D3-Foto4.tif,694,7.610,46.071,52.945,5.291
153,20X-Clon3-Indif-plusDox-D3-Foto4.tif,881,7.610,43.144,6.011,24.347
154,20X-Clon3-Indif-plusDox-D3-Foto4.tif,378,7.610,42.344,117.209,2.796
155,20X-Clon3-Indif-plusDox-D3-Foto4.tif,406,7.610,44.766,6.594,11.581
156,20X-Clon3-Indif-plusDox-D3-Foto4.tif,649,7.610,32.137,6.305,39.185
157,20X-Clon3-Indif-plusDox-D3-Foto4.tif,427,7.610,44.859,6.447,14.026
158,20X-Clon3-Indif-plusDox-D3-Foto4.tif,333,7.610,55.492,7.183,40.009
159,20X-Clon3-Indif-plusDox-D3-Foto4.tif,458,7.610,42.094,6.164,28.849
160,20X-Clon3-Indif-plusDox-D3-Foto4.tif,330,7.610,55.730,8.006,41.809
161,20X-Clon3-Indif-plusDox-D3-Foto4.tif,611,7.610,31.679,6.429,15.743
162,20X-Clon3-Indif-plusDox-D3-Foto4.tif,559,7.610,36.524,5.964,13.007
163,20X-Clon3-Indif-plusDox-D3-Foto4.tif,603,7.610,33.106,5.633,13.494
164,20X-Clon3-Indif-plusDox-D3-Foto4.tif,344,7.610,45.767,9.436,6.721
165,20X-Clon3-Indif-plusDox-D3-Foto4.tif,543,7.610,34.217,7.039,37.740
166,20X-Clon3-Indif-plusDox-D3-Foto4.tif,556,7.610,46.986,39.887,4.968
167,20X-Clon3-Indif-plusDox-D3-Foto4.tif,678,7.610,46.572,81.353,2.440
168,20X-Clon3-Indif-plusDox-D3-Foto4.tif,321,7.610,58.847,8.676,49.137
169,20X-Clon3-Indif-plusDox-D3-Foto4.tif,425,7.610,37.965,6.064,20.548
170,20X-Clon3-Indif-plusDox-D3-Foto4.tif,378,7.610,46.656,5.997,12.463
171,20X-Clon3-Indif-plusDox-D3-Foto4.tif,539,7.610,38.141,5.699,10.160
172,20X-Clon3-Indif-plusDox-D3-Foto4.tif,573,7.610,47.293,7.360,3.782
173,20X-Clon3-Indif-plusDox-D3-Foto4.tif,765,7.610,42.918,5.725,11.944
174,20X-Clon3-Indif-plusDox-D3-Foto4.tif,558,7.610,35.023,5.862,23.943
175,20X-Clon3-Indif-plusDox-D3-Foto4.tif,337,7.610,48.950,8.947,12.291
176,20X-Clon3-Indif-plusDox-D3-Foto4.tif,591,7.610,33.415,5.755,23.714
177,20X-Clon3-Indif-plusDox-D3-Foto4.tif,570,7.610,36.837,57.256,5.444
178,20X-Clon3-Indif-plusDox-D3-Foto4.tif,419,7.610,47.740,6.363,31.487
179,20X-Clon3-Indif-plusDox-D3-Foto4.tif,443,7.610,38.939,7.953,31.637
180,20X-Clon3-Indif-plusDox-D3-Foto4.tif,659,7.610,62.815,12.196,23.225
181,20X-Clon3-Indif-plusDox-D3-Foto4.tif,350,7.610,52.040,6.351,14.286
182,20X-Clon3-Indif-plusDox-D3-Foto4.tif,956,7.610,37.678,28.541,3.063
183,20X-Clon3-Indif-plusDox-D3-Foto4.tif,691,7.610,28.266,5.922,9.527
184,20X-Clon3-Indif-plusDox-D3-Foto4.tif,350,7.610,52.931,6.746,39.520
185,20X-Clon3-Indif-plusDox-D3-Foto4.tif,495,7.610,49.703,6.234,16.731
186,20X-Clon3-Indif-plusDox-D3-Foto4.tif,686,7.610,29.057,6.071,17.529
187,20X-Clon3-Indif-plusDox-D3-Foto4.tif,356,7.610,71.713,10.556,9.562
188,20X-Clon3-Indif-plusDox-D3-Foto4.tif,329,7.610,47.116,8.419,6.985
189,20X-Clon3-Indif-plusDox-D3-Foto4.tif,423,7.610,39.870,7.248,26.331
190,20X-Clon3-Indif-plusDox-D3-Foto4.tif,600,7.610,57.313,6.703,19.275
191,20X-Clon3-Indif-plusDox-D3-Foto4.tif,766,7.610,44.409,5.907,16.858
192,20X-Clon3-Indif-plusDox-D3-Foto4.tif,587,7.610,31.884,6.404,28.131
193,20X-Clon3-Indif-plusDox-D3-Foto4.tif,584,7.610,32.860,7.271,17.361
194,20X-Clon3-Indif-plusDox-D3-Foto4.tif,723,7.610,29.136,6.293,42.584
195,20X-Clon3-Indif-plusDox-D3-Foto4.tif,580,7.610,33.434,5.691,17.741
196,20X-Clon3-Indif-plusDox-D3-Foto4.tif,275,7.610,134.313,7.753,20.753
197,20X-Clon3-Indif-plusDox-D3-Foto4.tif,561,7.610,46.882,7.237,10.813
198,20X-Clon3-Indif-plusDox-D3-Foto4.tif,389,7.610,42.514,7.452,12.895
199,20X-Clon3-Indif-plusDox-D3-Foto4.tif,858,7.610,31.745,112.725,1.959
200,20X-Clon3-Indif-plusDox-D3-Foto4.tif,463,7.610,37.674,9.330,17.490
201,20X-Clon3-Indif-plusDox-D3-Foto4.tif,454,7.610,36.390,6.159,16.714
202,20X-Clon3-Indif-plusDox-D3-Foto4.tif,717,7.610,28.343,6.497,93.123
203,20X-Clon3-Indif-plusDox-D3-Foto4.tif,752,7.610,47.436,6.802,36.386
204,20X-Clon3-Indif-plusDox-D3-Foto4.tif,724,7.610,34.406,21.706,2.130
205,20X-Clon3-Indif-plusDox-D3-Foto4.tif,901,7.610,37.678,6.733,29.879
206,20X-Clon3-Indif-plusDox-D3-Foto4.tif,634,7.610,29.215,5.929,3.230
207,20X-Clon3-Indif-plusDox-D3-Foto4.tif,679,7.610,31.954,6.834,18.423
208,20X-Clon3-Indif-plusDox-D3-Foto4.tif,531,7.610,43.188,74.298,2.213
209,20X-Clon3-Indif-plusDox-D3-Foto4.tif,453,7.610,38.810,9.912,32.296
210,20X-Clon3-Indif-plusDox-D3-Foto4.tif,688,7.610,28.465,6.860,14.276
211,20X-Clon3-Indif-plusDox-D3-Foto4.tif,428,7.610,46.535,6.556,36.804
212,20X-Clon3-Indif-plusDox-D3-Foto4.tif,379,7.610,42.747,6.715,12.567
213,20X-Clon3-Indif-plusDox-D3-Foto4.tif,468,7.610,39.669,5.769,21.489
214,20X-Clon3-Indif-plusDox-D3-Foto4.tif,394,7.610,47.617,9.137,6.434
215,20X-Clon3-Indif-plusDox-D3-Foto4.tif,369,7.610,46.561,9.791,14.480
216,20X-Clon3-Indif-plusDox-D3-Foto4.tif,782,7.610,23.381,5.638,14.051
217,20X-Clon3-Indif-plusDox-D3-Foto4.tif,585,7.610,65.506,7.036,30.826
218,20X-Clon3-Indif-plusDox-D3-Foto4.tif,484,7.610,46.942,10.285,14.068
219,20X-Clon3-Indif-plusDox-D3-Foto4.tif,447,7.610,35.720,6.098,11.550
220,20X-Clon3-Indif-plusDox-D3-Foto4.tif,613,7.610,28.777,6.116,15.427
221,20X-Clon3-Indif-plusDox-D3-Foto4.tif,376,7.610,48.069,6.668,43.593
222,20X-Clon3-Indif-plusDox-D3-Foto4.tif,746,7.610,54.544,7.371,21.186
223,20X-Clon3-Indif-plusDox-D3-Foto4.tif,694,7.610,29.622,7.941,21.179
224,20X-Clon3-Indif-plusDox-D3-Foto4.tif,669,7.610,29.329,6.827,79.356
225,20X-Clon3-Indif-plusDox-D3-Foto4.tif,703,7.610,29.869,5.750,16.058
226,20X-Clon3-Indif-plusDox-D3-Foto4.tif,814,7.610,41.350,6.077,13.280
227,20X-Clon3-Indif-plusDox-D3-Foto4.tif,1409,7.610,28.752,5.534,14.358
228,20X-Clon3-Indif-plusDox-D3-Foto4.tif,521,7.610,34.449,6.200,14.006
229,20X-Clon3-Indif-plusDox-D3-Foto4.tif,551,7.610,31.586,6.425,5.592
230,20X-Clon3-Indif-plusDox-D3-Foto4.tif,400,7.610,38.337,6.872,78.375
231,20X-Clon3-Indif-plusDox-D3-Foto4.tif,114,7.610,63.219,11.807,12.588
232,20X-Clon3-Indif-plusDox-D3-Foto4.tif,263,7.610,122.658,11.593,8.068
233,20X-Clon3-Indif-plusDox-D3-Foto4.tif,333,7.610,55.820,6.547,14.979
234,20X-Clon3-Indif-plusDox-D3-Foto4.tif,483,7.610,40.282,6.801,40.772
235,20X-Clon3-Indif-plusDox-D3-Foto4.tif,849,7.610,25.901,5.989,46.430
236,20X-Clon3-Indif-plusDox-D3-Foto4.tif,564,7.610,33.590,5.580,20.454
237,20X-Clon3-Indif-plusDox-D3-Foto4.tif,745,7.610,27.285,5.690,18.926
238,20X-Clon3-Indif-plusDox-D3-Foto4.tif,406,7.610,45.032,6.754,34.904
239,20X-Clon3-Indif-plusDox-D3-Foto4.tif,574,7.610,34.361,6.225,18.857
240,20X-Clon3-Indif-plusDox-D3-Foto4.tif,612,7.610,56.435,9.905,6.881
241,20X-Clon3-Indif-plusDox-D3-Foto4.tif,427,7.610,64.171,6.443,23.930
242,20X-Clon3-Indif-plusDox-D3-Foto4.tif,160,7.610,82.356,13.031,6.112
243,20X-Clon3-Indif-plusDox-D3-Foto4.tif,544,7.610,36.303,5.971,30.539
244,20X-Clon3-Indif-plusDox-D3-Foto4.tif,878,7.610,44.722,31.481,2.182
245,20X-Clon3-Indif-plusDox-D3-Foto4.tif,728,7.610,64.125,7.729,12.527
246,20X-Clon3-Indif-plusDox-D3-Foto4.tif,520,7.610,36.292,5.463,6.304
247,20X-Clon3-Indif-plusDox-D3-Foto4.tif,797,7.610,25.757,5.616,12.317
248,20X-Clon3-Indif-plusDox-D3-Foto4.tif,511,7.610,32.890,7.331,8.808
249,20X-Clon3-Indif-plusDox-D3-Foto4.tif,206,7.610,68.947,8.456,11.189
250,20X-Clon3-Indif-plusDox-D3-Foto4.tif,112,7.610,78.643,8.580,7.830
251,20X-Clon3-Indif-plusDox-D3-Foto4.tif,118,7.610,75.508,9.737,11.263
252,20X-Clon3-Indif-plusDox-D3-Foto4.tif,121,7.610,81.091,9.992,23.025
253,20X-Clon3-Indif-plusDox-D3-Foto4.tif,516,7.610,38.831,5.657,6.481
254,20X-Clon3-Indif-plusDox-D3-Foto4.tif,454,7.610,46.855,6.467,10.654
255,20X-Clon3-Indif-plusDox-D3-Foto4.tif,820,7.610,46.112,7.205,13.291
256,20X-Clon3-Indif-plusDox-D3-Foto4.tif,848,7.610,45.600,48.796,2.337
257,20X-Clon3-Indif-plusDox-D3-Foto4.tif,665,7.610,27.450,6.021,15.970
258,20X-Clon3-Indif-plusDox-D3-Foto4.tif,378,7.610,37.034,7.024,16.701
259,20X-Clon3-Indif-plusDox-D3-Foto4.tif,812,7.610,48.002,5.893,23.996
260,20X-Clon3-Indif-plusDox-D3-Foto4.tif,181,7.610,61.470,10.519,24.619
261,20X-Clon3-Indif-plusDox-D3-Foto4.tif,821,7.610,38.805,55.574,4.162
262,20X-Clon3-Indif-plusDox-D3-Foto4.tif,448,7.610,39.708,6.199,12.404
263,20X-Clon3-Indif-plusDox-D3-Foto4.tif,110,7.610,113.618,9.882,5.082
264,20X-Clon3-Indif-plusDox-D3-Foto4.tif,345,7.610,50.800,7.220,28.649
265,20X-Clon3-Indif-plusDox-D3-Foto4.tif,580,7.610,49.790,7.107,13.655
266,20X-Clon3-Indif-plusDox-D3-Foto4.tif,448,7.610,41.817,7.038,28.891
267,20X-Clon3-Indif-plusDox-D3-Foto4.tif,238,7.610,65.130,10.824,5.546
268,20X-Clon3-Indif-plusDox-D3-Foto4.tif,675,7.610,27.074,15.185,3.068
269,20X-Clon3-Indif-plusDox-D3-Foto4.tif,429,7.610,36.182,6.531,11.329
270,20X-Clon3-Indif-plusDox-D3-Foto4.tif,160,7.610,47.031,8.650,8.369
271,20X-Clon3-Indif-plusDox-D3-Foto4.tif,449,7.610,40.356,6.047,12.203
272,20X-Clon3-Indif-plusDox-D3-Foto4.tif,689,7.610,32.045,6.157,60.501
273,20X-Clon3-Indif-plusDox-D3-Foto4.tif,368,7.610,51.802,8.546,23.261
274,20X-Clon3-Indif-plusDox-D3-Foto4.tif,706,7.610,54.867,5.545,4.018
275,20X-Clon3-Indif-plusDox-D3-Foto4.tif,119,7.610,76.403,10.319,6.353
276,20X-Clon3-Indif-plusDox-D3-Foto4.tif,261,7.610,29.521,6.326,37.567
277,20X-Clon3-Indif-plusDox-D3-Foto4.tif,153,7.610,75.686,10.242,15.386
278,20X-Clon3-Indif-plusDox-D3-Foto4.tif,559,7.610,64.726,8.962,41.392
279,20X-Clon3-Indif-plusDox-D3-Foto4.tif,787,7.610,49.052,76.879,3.983
280,20X-Clon3-Indif-plusDox-D3-Foto4.tif,198,7.610,115.066,10.101,40.485
281,20X-Clon3-Indif-plusDox-D3-Foto4.tif,455,7.610,67.367,11.624,6.767
282,20X-Clon3-Indif-plusDox-D3-Foto4.tif,414,7.610,39.925,10.222,17.068
283,20X-Clon3-Indif-plusDox-D3-Foto4.tif,295,7.610,80.363,10.973,19.685
284,20X-Clon3-Indif-plusDox-D3-Foto4.tif,488,7.610,52.416,6.617,11.414
285,20X-Clon3-Indif-plusDox-D3-Foto4.tif,152,7.610,63.730,12.664,5.230
286,20X-Clon3-Indif-plusDox-D3-Foto4.tif,447,7.610,38.318,6.515,15.306
287,20X-Clon3-Indif-plusDox-D3-Foto4.tif,707,7.610,56.277,10.992,41.494
288,20X-Clon3-Indif-plusDox-D3-Foto4.tif,280,7.610,47.882,161.686,1.118
289,20X-Clon3-Indif-plusDox-D3-Foto4.tif,431,7.610,22.195,5.476,10.654
290,20X-Clon3-Indif-plusDox-D3-Foto4.tif,235,7.610,44.796,9.596,33.587
291,20X-Clon3-Indif-plusDox-D3-Foto4.tif,290,7.610,47.438,6.348,16.683
292,20X-Clon3-Indif-plusDox-D3-Foto4.tif,451,7.610,33.395,5.463,8.767
293,20X-Clon3-Indif-plusDox-D3-Foto4.tif,239,7.610,69.435,8.874,8.130
294,20X-Clon3-Indif-plusDox-D3-Foto4.tif,534,7.610,38.054,5.622,8.459
295,20X-Clon3-Indif-plusDox-D3-Foto4.tif,539,7.610,56.169,7.443,12.673
296,20X-Clon3-Indif-plusDox-D3-Foto4.tif,593,7.610,33.592,6.192,36.422
297,20X-Clon3-Indif-plusDox-D3-Foto4.tif,780,7.610,51.414,7.488,24.088
298,20X-Clon3-Indif-plusDox-D3-Foto4.tif,335,7.610,44.767,6.863,33.833
299,20X-Clon3-Indif-plusDox-D3-Foto4.tif,396,7.610,47.316,133.225,1.790
300,20X-Clon3-Indif-plusDox-D3-Foto4.tif,372,7.610,38.406,6.495,35.917
301,20X-Clon3-Indif-plusDox-D3-Foto4.tif,262,7.610,55.660,11.595,5.420
302,20X-Clon3-Indif-plusDox-D3-Foto4.tif,695,7.610,21.993,5.246,8.719
303,20X-Clon3-Indif-plusDox-D3-Foto4.tif,156,7.610,58.269,11.032,10.071
304,20X-Clon3-Indif-plusDox-D3-Foto4.tif,539,7.610,44.813,6.471,44.180
305,20X-Clon3-Indif-plusDox-D3-Foto4.tif,742,7.610,32.460,6.895,81.977
306,20X-Clon3-Indif-plusDox-D3-Foto4.tif,112,7.610,74.045,9.089,20.179
307,20X-Clon3-Indif-plusDox-D3-Foto4.tif,645,7.610,27.952,6.411,82.857
308,20X-Clon3-Indif-plusDox-D3-Foto4.tif,145,7.610,72.621,8.221,14.703
309,20X-Clon3-Indif-plusDox-D3-Foto4.tif,662,7.610,83.006,6.763,7.465
310,20X-Clon3-Indif-plusDox-D3-Foto4.tif,292,7.610,57.952,12.045,61.308
311,20X-Clon3-Indif-plusDox-D3-Foto4.tif,300,7.610,35.460,6.977,57.843
312,20X-Clon3-Indif-plusDox-D3-Foto4.tif,1102,7.610,39.587,5.930,17.025
313,20X-Clon3-Indif-plusDox-D3-Foto4.tif,422,7.610,77.372,32.009,2.301
314,20X-Clon3-Indif-plusDox-D3-Foto4.tif,435,7.610,54.715,8.366,15.798
315,20X-Clon3-Indif-plusDox-D3-Foto4.tif,1076,7.610,38.454,6.024,25.112
316,20X-Clon3-Indif-plusDox-D3-Foto4.tif,291,7.610,57.385,11.368,53.007
317,20X-Clon3-Indif-plusDox-D3-Foto4.tif,539,7.610,43.180,6.987,51.490
318,20X-Clon3-Indif-plusDox-D3-Foto4.tif,96,7.610,46.500,10.562,19.708
319,20X-Clon3-Indif-plusDox-D3-Foto4.tif,200,7.610,141.325,20.330,8.845
320,20X-Clon3-Indif-plusDox-D3-Foto4.tif,774,7.610,42.833,9.097,56.346
321,20X-Clon3-Indif-plusDox-D3-Foto4.tif,75,7.610,21.347,7.107,2.920
322,20X-Clon3-Indif-plusDox-D3-Foto4.tif,400,7.610,78.593,10.280,3.897
323,20X-Clon3-Indif-plusDox-D3-Foto4.tif,128,7.610,85.617,10.977,15.578
324,20X-Clon3-Indif-plusDox-D3-Foto4.tif,1240,7.610,31.882,6.652,23.793
325,20X-Clon3-Indif-plusDox-D3-Foto4.tif,136,7.610,46.154,9.941,17.949
326,20X-Clon3-Indif-plusDox-D3-Foto4.tif,201,7.610,59.905,13.443,7.920
327,20X-Clon3-Indif-plusDox-D3-Foto4.tif,319,7.610,38.339,9.110,33.991
328,20X-Clon3-Indif-plusDox-D3-Foto4.tif,86,7.610,51.453,8.547,7.244
329,20X-Clon3-Indif-plusDox-D3-Foto4.tif,337,7.610,65.849,10.985,31.754
330,20X-Clon3-Indif-plusDox-D3-Foto4.tif,202,7.610,47.084,6.752,27.985
331,20X-Clon3-Indif-plusDox-D3-Foto4.tif,118,7.610,22.822,22.610,3.822
332,20X-Clon3-Indif-plusDox-D3-Foto4.tif,310,7.610,69.203,6.923,27.039
333,20X-Clon3-Indif-plusDox-D3-Foto4.tif,147,7.610,56.925,13.156,2.490
334,20X-Clon3-Indif-plusDox-D3-Foto4.tif,80,7.610,39.375,13.863,18.688
335,20X-Clon3-Indif-plusDox-D3-Foto4.tif,177,7.610,32.220,9.486,16.751
336,20X-Clon3-Indif-plusDox-D3-Foto4.tif,489,7.610,32.464,6.258,7.354
337,20X-Clon3-Indif-plusDox-D3-Foto4.tif,105,7.610,38.848,6.857,25.295
338,20X-Clon3-Indif-plusDox-D3-Foto4.tif,180,7.610,52.339,14.956,10.989
339,20X-Clon3-Indif-plusDox-D3-Foto4.tif,53,7.610,64.151,7.623,6.585
340,20X-Clon3-Indif-plusDox-D3-Foto4.tif,96,7.610,59.885,12.448,27.542
341,20X-Clon3-Indif-plusDox-D3-Foto4.tif,30,7.610,45.633,4.933,9.933
342,20X-Clon3-Indif-plusDox-D3-Foto4.tif,38,7.610,40.289,6.737,18.237
343,20X-Clon3-Indif-plusDox-D3-Foto4.tif,38,7.610,26.026,7.158,10.342
