ROI,ImageID,Area,mCherry_Mean_rolling_background,DAPI_Mean,Nanog_Mean,mCherry_Mean
1,20X-Clon3-Indif-minusDox-D0-Foto4.tif,785,6.795,61.168,54.930,0.961
2,20X-Clon3-Indif-minusDox-D0-Foto4.tif,709,6.795,65.004,61.931,1.298
3,20X-Clon3-Indif-minusDox-D0-Foto4.tif,637,6.795,81.587,79.218,1.648
4,20X-Clon3-Indif-minusDox-D0-Foto4.tif,524,6.795,54.624,46.578,1.431
5,20X-Clon3-Indif-minusDox-D0-Foto4.tif,840,6.795,61.044,58.752,0.721
6,20X-Clon3-Indif-minusDox-D0-Foto4.tif,702,6.795,68.328,42.207,1.306
7,20X-Clon3-Indif-minusDox-D0-Foto4.tif,707,6.795,65.605,67.351,0.465
8,20X-Clon3-Indif-minusDox-D0-Foto4.tif,1163,6.795,55.601,39.076,1.549
9,20X-Clon3-Indif-minusDox-D0-Foto4.tif,662,6.795,55.610,60.260,1.186
10,20X-Clon3-Indif-minusDox-D0-Foto4.tif,625,6.795,58.824,61.245,1.480
11,20X-Clon3-Indif-minusDox-D0-Foto4.tif,684,6.795,69.096,60.266,1.523
12,20X-Clon3-Indif-minusDox-D0-Foto4.tif,820,6.795,57.655,59.956,1.228
13,20X-Clon3-Indif-minusDox-D0-Foto4.tif,740,6.795,52.647,51.723,0.772
14,20X-Clon3-Indif-minusDox-D0-Foto4.tif,554,6.795,68.839,61.769,0.457
15,20X-Clon3-Indif-minusDox-D0-Foto4.tif,931,6.795,56.175,70.119,1.319
16,20X-Clon3-Indif-minusDox-D0-Foto4.tif,754,6.795,62.322,50.485,0.938
17,20X-Clon3-Indif-minusDox-D0-Foto4.tif,992,6.795,51.214,61.021,1.197
18,20X-Clon3-Indif-minusDox-D0-Foto4.tif,645,6.795,82.326,57.220,1.352
19,20X-Clon3-Indif-minusDox-D0-Foto4.tif,671,6.795,79.851,60.037,0.762
20,20X-Clon3-Indif-minusDox-D0-Foto4.tif,654,6.795,54.991,67.596,0.882
21,20X-Clon3-Indif-minusDox-D0-Foto4.tif,687,6.795,44.846,41.199,1.071
22,20X-Clon3-Indif-minusDox-D0-Foto4.tif,731,6.795,51.580,49.661,0.810
23,20X-Clon3-Indif-minusDox-D0-Foto4.tif,833,6.795,54.014,63.337,0.725
24,20X-Clon3-Indif-minusDox-D0-Foto4.tif,619,6.795,49.840,32.864,1.583
25,20X-Clon3-Indif-minusDox-D0-Foto4.tif,728,6.795,63.570,74.312,0.973
26,20X-Clon3-Indif-minusDox-D0-Foto4.tif,511,6.795,80.429,63.843,1.425
27,20X-Clon3-Indif-minusDox-D0-Foto4.tif,687,6.795,51.543,64.183,1.515
28,20X-Clon3-Indif-minusDox-D0-Foto4.tif,618,6.795,51.526,55.105,0.568
29,20X-Clon3-Indif-minusDox-D0-Foto4.tif,383,6.795,58.807,47.144,1.287
30,20X-Clon3-Indif-minusDox-D0-Foto4.tif,730,6.795,71.432,76.088,0.441
31,20X-Clon3-Indif-minusDox-D0-Foto4.tif,605,6.795,72.246,61.126,1.463
32,20X-Clon3-Indif-minusDox-D0-Foto4.tif,1703,6.795,60.774,115.618,1.476
33,20X-Clon3-Indif-minusDox-D0-Foto4.tif,590,6.795,55.503,50.164,1.420
34,20X-Clon3-Indif-minusDox-D0-Foto4.tif,503,6.795,43.068,64.779,1.425
35,20X-Clon3-Indif-minusDox-D0-Foto4.tif,695,6.795,61.422,67.708,1.292
36,20X-Clon3-Indif-minusDox-D0-Foto4.tif,438,6.795,60.043,65.847,0.884
37,20X-Clon3-Indif-minusDox-D0-Foto4.tif,437,6.795,95.561,39.476,0.799
38,20X-Clon3-Indif-minusDox-D0-Foto4.tif,577,6.795,61.957,44.991,0.939
39,20X-Clon3-Indif-minusDox-D0-Foto4.tif,360,6.795,71.811,32.686,1.633
40,20X-Clon3-Indif-minusDox-D0-Foto4.tif,756,6.795,62.271,48.877,0.856
41,20X-Clon3-Indif-minusDox-D0-Foto4.tif,746,6.795,77.417,63.320,0.948
42,20X-Clon3-Indif-minusDox-D0-Foto4.tif,505,6.795,63.333,62.572,1.394
43,20X-Clon3-Indif-minusDox-D0-Foto4.tif,160,6.795,132.137,22.000,0.881
44,20X-Clon3-Indif-minusDox-D0-Foto4.tif,851,6.795,54.599,63.420,0.729
45,20X-Clon3-Indif-minusDox-D0-Foto4.tif,684,6.795,61.120,73.554,1.351
46,20X-Clon3-Indif-minusDox-D0-Foto4.tif,513,6.795,42.415,50.039,1.801
47,20X-Clon3-Indif-minusDox-D0-Foto4.tif,605,6.795,44.716,72.542,1.592
48,20X-Clon3-Indif-minusDox-D0-Foto4.tif,669,6.795,83.143,69.970,0.505
49,20X-Clon3-Indif-minusDox-D0-Foto4.tif,597,6.795,76.807,59.935,0.911
50,20X-Clon3-Indif-minusDox-D0-Foto4.tif,419,6.795,59.200,40.470,0.337
51,20X-Clon3-Indif-minusDox-D0-Foto4.tif,969,6.795,45.722,47.858,0.917
52,20X-Clon3-Indif-minusDox-D0-Foto4.tif,558,6.795,77.609,53.054,1.821
53,20X-Clon3-Indif-minusDox-D0-Foto4.tif,535,6.795,61.383,52.402,1.140
54,20X-Clon3-Indif-minusDox-D0-Foto4.tif,970,6.795,55.390,75.753,1.337
55,20X-Clon3-Indif-minusDox-D0-Foto4.tif,699,6.795,70.029,78.634,0.860
56,20X-Clon3-Indif-minusDox-D0-Foto4.tif,593,6.795,75.051,48.086,0.926
57,20X-Clon3-Indif-minusDox-D0-Foto4.tif,448,6.795,60.904,63.681,0.924
58,20X-Clon3-Indif-minusDox-D0-Foto4.tif,527,6.795,82.806,34.201,0.882
59,20X-Clon3-Indif-minusDox-D0-Foto4.tif,509,6.795,67.534,41.680,1.289
60,20X-Clon3-Indif-minusDox-D0-Foto4.tif,1584,6.795,63.787,86.460,1.052
61,20X-Clon3-Indif-minusDox-D0-Foto4.tif,643,6.795,81.619,73.523,1.006
62,20X-Clon3-Indif-minusDox-D0-Foto4.tif,646,6.795,74.033,71.793,1.438
63,20X-Clon3-Indif-minusDox-D0-Foto4.tif,602,6.795,56.934,61.264,0.963
64,20X-Clon3-Indif-minusDox-D0-Foto4.tif,494,6.795,62.486,94.791,0.998
65,20X-Clon3-Indif-minusDox-D0-Foto4.tif,504,6.795,63.984,104.218,1.093
66,20X-Clon3-Indif-minusDox-D0-Foto4.tif,534,6.795,49.893,93.792,1.788
67,20X-Clon3-Indif-minusDox-D0-Foto4.tif,750,6.795,64.659,87.733,1.311
68,20X-Clon3-Indif-minusDox-D0-Foto4.tif,406,6.795,65.466,62.741,0.569
69,20X-Clon3-Indif-minusDox-D0-Foto4.tif,776,6.795,67.594,71.231,0.610
70,20X-Clon3-Indif-minusDox-D0-Foto4.tif,358,6.795,56.793,35.187,0.592
71,20X-Clon3-Indif-minusDox-D0-Foto4.tif,528,6.795,43.235,38.000,1.341
72,20X-Clon3-Indif-minusDox-D0-Foto4.tif,154,6.795,106.338,36.552,1.058
73,20X-Clon3-Indif-minusDox-D0-Foto4.tif,374,6.795,71.575,39.289,1.070
74,20X-Clon3-Indif-minusDox-D0-Foto4.tif,559,6.795,45.152,83.116,0.878
75,20X-Clon3-Indif-minusDox-D0-Foto4.tif,625,6.795,70.688,72.515,1.456
76,20X-Clon3-Indif-minusDox-D0-Foto4.tif,541,6.795,50.375,64.717,0.726
77,20X-Clon3-Indif-minusDox-D0-Foto4.tif,392,6.795,77.281,26.702,0.992
78,20X-Clon3-Indif-minusDox-D0-Foto4.tif,802,6.795,67.769,65.908,1.062
79,20X-Clon3-Indif-minusDox-D0-Foto4.tif,683,6.795,37.146,53.952,1.438
80,20X-Clon3-Indif-minusDox-D0-Foto4.tif,567,6.795,52.256,53.370,1.127
81,20X-Clon3-Indif-minusDox-D0-Foto4.tif,101,6.795,111.287,18.257,1.257
82,20X-Clon3-Indif-minusDox-D0-Foto4.tif,622,6.795,39.105,32.424,1.207
83,20X-Clon3-Indif-minusDox-D0-Foto4.tif,745,6.795,69.101,78.251,1.075
84,20X-Clon3-Indif-minusDox-D0-Foto4.tif,644,6.795,84.376,51.109,0.425
85,20X-Clon3-Indif-minusDox-D0-Foto4.tif,373,6.795,83.477,14.121,1.469
86,20X-Clon3-Indif-minusDox-D0-Foto4.tif,757,6.795,55.905,53.493,1.251
87,20X-Clon3-Indif-minusDox-D0-Foto4.tif,767,6.795,59.039,64.094,1.455
88,20X-Clon3-Indif-minusDox-D0-Foto4.tif,670,6.795,87.416,50.173,1.046
89,20X-Clon3-Indif-minusDox-D0-Foto4.tif,483,6.795,50.288,63.070,0.795
90,20X-Clon3-Indif-minusDox-D0-Foto4.tif,531,6.795,54.972,62.776,0.814
91,20X-Clon3-Indif-minusDox-D0-Foto4.tif,656,6.795,42.505,62.963,1.087
92,20X-Clon3-Indif-minusDox-D0-Foto4.tif,851,6.795,53.655,81.895,1.243
93,20X-Clon3-Indif-minusDox-D0-Foto4.tif,585,6.795,51.303,62.603,1.429
94,20X-Clon3-Indif-minusDox-D0-Foto4.tif,526,6.795,81.983,66.087,1.483
95,20X-Clon3-Indif-minusDox-D0-Foto4.tif,282,6.795,128.695,5.887,0.518
96,20X-Clon3-Indif-minusDox-D0-Foto4.tif,490,6.795,54.704,89.278,0.394
97,20X-Clon3-Indif-minusDox-D0-Foto4.tif,697,6.795,43.473,38.598,0.684
98,20X-Clon3-Indif-minusDox-D0-Foto4.tif,382,6.795,67.471,52.068,1.644
99,20X-Clon3-Indif-minusDox-D0-Foto4.tif,419,6.795,67.561,46.749,1.179
100,20X-Clon3-Indif-minusDox-D0-Foto4.tif,785,6.795,68.487,69.741,0.690
101,20X-Clon3-Indif-minusDox-D0-Foto4.tif,795,6.795,55.964,46.314,1.060
102,20X-Clon3-Indif-minusDox-D0-Foto4.tif,512,6.795,71.023,47.484,1.277
103,20X-Clon3-Indif-minusDox-D0-Foto4.tif,419,6.795,47.728,57.690,1.019
104,20X-Clon3-Indif-minusDox-D0-Foto4.tif,1090,6.795,64.394,66.992,0.746
105,20X-Clon3-Indif-minusDox-D0-Foto4.tif,823,6.795,60.090,85.109,1.204
106,20X-Clon3-Indif-minusDox-D0-Foto4.tif,508,6.795,76.744,68.823,0.522
107,20X-Clon3-Indif-minusDox-D0-Foto4.tif,709,6.795,37.313,51.460,1.165
108,20X-Clon3-Indif-minusDox-D0-Foto4.tif,450,6.795,104.189,83.047,0.491
109,20X-Clon3-Indif-minusDox-D0-Foto4.tif,401,6.795,61.536,23.913,1.369
110,20X-Clon3-Indif-minusDox-D0-Foto4.tif,754,6.795,56.419,108.488,0.660
111,20X-Clon3-Indif-minusDox-D0-Foto4.tif,816,6.795,62.941,58.683,0.477
112,20X-Clon3-Indif-minusDox-D0-Foto4.tif,585,6.795,48.366,52.159,0.846
113,20X-Clon3-Indif-minusDox-D0-Foto4.tif,702,6.795,50.459,46.694,1.236
114,20X-Clon3-Indif-minusDox-D0-Foto4.tif,775,6.795,61.026,76.858,1.556
115,20X-Clon3-Indif-minusDox-D0-Foto4.tif,583,6.795,67.019,73.672,1.425
116,20X-Clon3-Indif-minusDox-D0-Foto4.tif,887,6.795,60.144,71.858,1.627
117,20X-Clon3-Indif-minusDox-D0-Foto4.tif,188,6.795,151.697,8.729,2.064
118,20X-Clon3-Indif-minusDox-D0-Foto4.tif,410,6.795,53.507,18.117,0.954
119,20X-Clon3-Indif-minusDox-D0-Foto4.tif,368,6.795,53.508,61.024,1.228
120,20X-Clon3-Indif-minusDox-D0-Foto4.tif,591,6.795,59.408,132.350,0.607
121,20X-Clon3-Indif-minusDox-D0-Foto4.tif,437,6.795,71.570,80.703,0.691
122,20X-Clon3-Indif-minusDox-D0-Foto4.tif,803,6.795,61.265,72.481,0.870
123,20X-Clon3-Indif-minusDox-D0-Foto4.tif,601,6.795,54.183,47.429,1.211
124,20X-Clon3-Indif-minusDox-D0-Foto4.tif,739,6.795,69.315,69.976,1.448
125,20X-Clon3-Indif-minusDox-D0-Foto4.tif,362,6.795,59.497,61.494,1.348
126,20X-Clon3-Indif-minusDox-D0-Foto4.tif,485,6.795,48.635,79.472,0.967
127,20X-Clon3-Indif-minusDox-D0-Foto4.tif,787,6.795,82.328,43.014,1.253
128,20X-Clon3-Indif-minusDox-D0-Foto4.tif,350,6.795,50.160,85.457,0.380
129,20X-Clon3-Indif-minusDox-D0-Foto4.tif,900,6.795,44.669,62.011,1.057
130,20X-Clon3-Indif-minusDox-D0-Foto4.tif,470,6.795,60.443,61.387,0.960
131,20X-Clon3-Indif-minusDox-D0-Foto4.tif,531,6.795,52.976,58.507,0.734
132,20X-Clon3-Indif-minusDox-D0-Foto4.tif,572,6.795,66.587,60.544,1.615
133,20X-Clon3-Indif-minusDox-D0-Foto4.tif,585,6.795,78.564,73.044,0.497
134,20X-Clon3-Indif-minusDox-D0-Foto4.tif,580,6.795,36.331,54.207,1.317
135,20X-Clon3-Indif-minusDox-D0-Foto4.tif,185,6.795,121.822,35.951,0.568
136,20X-Clon3-Indif-minusDox-D0-Foto4.tif,1235,6.795,35.408,35.407,0.926
137,20X-Clon3-Indif-minusDox-D0-Foto4.tif,676,6.795,62.818,30.374,1.445
138,20X-Clon3-Indif-minusDox-D0-Foto4.tif,503,6.795,83.732,86.541,0.732
139,20X-Clon3-Indif-minusDox-D0-Foto4.tif,691,6.795,68.627,80.321,0.664
140,20X-Clon3-Indif-minusDox-D0-Foto4.tif,486,6.795,74.831,43.663,1.195
141,20X-Clon3-Indif-minusDox-D0-Foto4.tif,395,6.795,61.494,87.813,1.263
142,20X-Clon3-Indif-minusDox-D0-Foto4.tif,853,6.795,55.244,86.783,1.172
143,20X-Clon3-Indif-minusDox-D0-Foto4.tif,633,6.795,52.284,42.752,1.572
144,20X-Clon3-Indif-minusDox-D0-Foto4.tif,875,6.795,61.944,65.811,1.233
145,20X-Clon3-Indif-minusDox-D0-Foto4.tif,730,6.795,57.036,76.636,0.951
146,20X-Clon3-Indif-minusDox-D0-Foto4.tif,283,6.795,76.141,50.576,1.000
147,20X-Clon3-Indif-minusDox-D0-Foto4.tif,551,6.795,38.508,72.849,1.795
148,20X-Clon3-Indif-minusDox-D0-Foto4.tif,638,6.795,34.229,75.639,1.732
149,20X-Clon3-Indif-minusDox-D0-Foto4.tif,484,6.795,76.124,76.674,1.424
150,20X-Clon3-Indif-minusDox-D0-Foto4.tif,188,6.795,122.128,26.340,1.213
151,20X-Clon3-Indif-minusDox-D0-Foto4.tif,647,6.795,59.399,67.938,1.213
152,20X-Clon3-Indif-minusDox-D0-Foto4.tif,219,6.795,165.429,39.721,1.877
153,20X-Clon3-Indif-minusDox-D0-Foto4.tif,512,6.795,79.824,114.096,0.963
154,20X-Clon3-Indif-minusDox-D0-Foto4.tif,362,6.795,65.652,9.702,1.577
155,20X-Clon3-Indif-minusDox-D0-Foto4.tif,458,6.795,52.965,59.544,0.873
156,20X-Clon3-Indif-minusDox-D0-Foto4.tif,886,6.795,78.432,65.323,1.108
157,20X-Clon3-Indif-minusDox-D0-Foto4.tif,326,6.795,36.580,43.368,1.000
158,20X-Clon3-Indif-minusDox-D0-Foto4.tif,575,6.795,58.197,71.028,1.019
159,20X-Clon3-Indif-minusDox-D0-Foto4.tif,523,6.795,56.841,62.778,1.329
160,20X-Clon3-Indif-minusDox-D0-Foto4.tif,472,6.795,62.871,74.814,0.818
161,20X-Clon3-Indif-minusDox-D0-Foto4.tif,674,6.795,42.855,73.239,1.788
162,20X-Clon3-Indif-minusDox-D0-Foto4.tif,585,6.795,80.545,78.597,0.810
163,20X-Clon3-Indif-minusDox-D0-Foto4.tif,436,6.795,55.232,56.998,1.009
164,20X-Clon3-Indif-minusDox-D0-Foto4.tif,333,6.795,67.805,144.715,1.114
165,20X-Clon3-Indif-minusDox-D0-Foto4.tif,715,6.795,70.727,69.635,1.057
166,20X-Clon3-Indif-minusDox-D0-Foto4.tif,568,6.795,58.218,97.817,0.979
167,20X-Clon3-Indif-minusDox-D0-Foto4.tif,559,6.795,61.975,96.932,1.190
168,20X-Clon3-Indif-minusDox-D0-Foto4.tif,674,6.795,72.346,62.015,0.674
169,20X-Clon3-Indif-minusDox-D0-Foto4.tif,626,6.795,47.843,53.281,1.827
170,20X-Clon3-Indif-minusDox-D0-Foto4.tif,634,6.795,54.008,59.598,0.762
171,20X-Clon3-Indif-minusDox-D0-Foto4.tif,780,6.795,61.955,58.794,1.500
172,20X-Clon3-Indif-minusDox-D0-Foto4.tif,764,6.795,73.762,93.325,1.005
173,20X-Clon3-Indif-minusDox-D0-Foto4.tif,703,6.795,68.459,95.442,1.262
174,20X-Clon3-Indif-minusDox-D0-Foto4.tif,583,6.795,50.264,70.907,1.436
175,20X-Clon3-Indif-minusDox-D0-Foto4.tif,396,6.795,48.808,108.588,0.351
176,20X-Clon3-Indif-minusDox-D0-Foto4.tif,564,6.795,111.489,59.041,0.706
177,20X-Clon3-Indif-minusDox-D0-Foto4.tif,578,6.795,44.035,44.471,0.389
178,20X-Clon3-Indif-minusDox-D0-Foto4.tif,314,6.795,61.924,56.459,0.828
179,20X-Clon3-Indif-minusDox-D0-Foto4.tif,731,6.795,69.711,54.855,0.561
180,20X-Clon3-Indif-minusDox-D0-Foto4.tif,860,6.795,56.171,65.399,1.105
181,20X-Clon3-Indif-minusDox-D0-Foto4.tif,572,6.795,65.425,67.624,1.334
182,20X-Clon3-Indif-minusDox-D0-Foto4.tif,655,6.795,52.789,22.530,0.725
183,20X-Clon3-Indif-minusDox-D0-Foto4.tif,506,6.795,63.753,42.075,1.091
184,20X-Clon3-Indif-minusDox-D0-Foto4.tif,304,6.795,63.283,78.112,0.964
185,20X-Clon3-Indif-minusDox-D0-Foto4.tif,487,6.795,99.982,25.860,1.836
186,20X-Clon3-Indif-minusDox-D0-Foto4.tif,628,6.795,63.721,92.732,1.360
187,20X-Clon3-Indif-minusDox-D0-Foto4.tif,737,6.795,73.628,86.008,1.137
188,20X-Clon3-Indif-minusDox-D0-Foto4.tif,473,6.795,52.277,55.615,0.666
189,20X-Clon3-Indif-minusDox-D0-Foto4.tif,734,6.795,55.525,50.260,1.264
190,20X-Clon3-Indif-minusDox-D0-Foto4.tif,422,6.795,58.882,102.476,0.927
191,20X-Clon3-Indif-minusDox-D0-Foto4.tif,526,6.795,58.118,80.857,1.076
192,20X-Clon3-Indif-minusDox-D0-Foto4.tif,96,6.795,82.302,12.521,1.552
193,20X-Clon3-Indif-minusDox-D0-Foto4.tif,388,6.795,45.745,63.925,0.804
194,20X-Clon3-Indif-minusDox-D0-Foto4.tif,528,6.795,56.568,84.867,0.739
195,20X-Clon3-Indif-minusDox-D0-Foto4.tif,177,6.795,83.836,40.576,1.147
196,20X-Clon3-Indif-minusDox-D0-Foto4.tif,548,6.795,71.376,73.177,1.265
197,20X-Clon3-Indif-minusDox-D0-Foto4.tif,559,6.795,43.716,21.270,1.413
198,20X-Clon3-Indif-minusDox-D0-Foto4.tif,821,6.795,48.600,59.639,0.778
199,20X-Clon3-Indif-minusDox-D0-Foto4.tif,500,6.795,64.774,43.044,1.342
200,20X-Clon3-Indif-minusDox-D0-Foto4.tif,524,6.795,65.496,64.496,1.788
201,20X-Clon3-Indif-minusDox-D0-Foto4.tif,459,6.795,48.542,70.780,0.847
202,20X-Clon3-Indif-minusDox-D0-Foto4.tif,438,6.795,91.925,19.664,0.881
203,20X-Clon3-Indif-minusDox-D0-Foto4.tif,651,6.795,64.181,79.346,0.892
204,20X-Clon3-Indif-minusDox-D0-Foto4.tif,493,6.795,45.868,89.686,1.637
205,20X-Clon3-Indif-minusDox-D0-Foto4.tif,851,6.795,64.489,33.357,0.994
206,20X-Clon3-Indif-minusDox-D0-Foto4.tif,805,6.795,59.157,61.318,1.516
207,20X-Clon3-Indif-minusDox-D0-Foto4.tif,317,6.795,54.716,43.593,0.987
208,20X-Clon3-Indif-minusDox-D0-Foto4.tif,569,6.795,46.309,50.387,0.866
209,20X-Clon3-Indif-minusDox-D0-Foto4.tif,517,6.795,40.485,41.157,1.072
210,20X-Clon3-Indif-minusDox-D0-Foto4.tif,750,6.795,65.601,71.115,1.352
211,20X-Clon3-Indif-minusDox-D0-Foto4.tif,620,6.795,74.423,94.195,1.798
212,20X-Clon3-Indif-minusDox-D0-Foto4.tif,979,6.795,82.771,69.782,1.685
213,20X-Clon3-Indif-minusDox-D0-Foto4.tif,555,6.795,63.659,47.281,0.998
214,20X-Clon3-Indif-minusDox-D0-Foto4.tif,169,6.795,51.793,8.130,1.444
215,20X-Clon3-Indif-minusDox-D0-Foto4.tif,423,6.795,84.336,50.563,1.147
216,20X-Clon3-Indif-minusDox-D0-Foto4.tif,712,6.795,73.135,72.167,1.434
217,20X-Clon3-Indif-minusDox-D0-Foto4.tif,136,6.795,133.118,44.081,0.463
218,20X-Clon3-Indif-minusDox-D0-Foto4.tif,84,6.795,113.417,15.202,1.774
219,20X-Clon3-Indif-minusDox-D0-Foto4.tif,191,6.795,98.853,21.131,2.262
220,20X-Clon3-Indif-minusDox-D0-Foto4.tif,727,6.795,65.127,62.901,0.872
221,20X-Clon3-Indif-minusDox-D0-Foto4.tif,660,6.795,66.832,79.017,1.232
222,20X-Clon3-Indif-minusDox-D0-Foto4.tif,334,6.795,69.165,63.320,0.368
223,20X-Clon3-Indif-minusDox-D0-Foto4.tif,581,6.795,45.105,55.664,0.835
224,20X-Clon3-Indif-minusDox-D0-Foto4.tif,358,6.795,55.925,47.061,0.330
225,20X-Clon3-Indif-minusDox-D0-Foto4.tif,3190,6.795,20.884,8.656,1.236
226,20X-Clon3-Indif-minusDox-D0-Foto4.tif,235,6.795,72.536,39.655,1.643
227,20X-Clon3-Indif-minusDox-D0-Foto4.tif,518,6.795,51.703,70.431,1.039
228,20X-Clon3-Indif-minusDox-D0-Foto4.tif,546,6.795,53.418,61.875,0.870
229,20X-Clon3-Indif-minusDox-D0-Foto4.tif,513,6.795,61.704,78.047,0.928
230,20X-Clon3-Indif-minusDox-D0-Foto4.tif,491,6.795,79.965,67.395,0.489
231,20X-Clon3-Indif-minusDox-D0-Foto4.tif,375,6.795,88.792,112.037,1.699
232,20X-Clon3-Indif-minusDox-D0-Foto4.tif,462,6.795,51.465,76.411,1.745
233,20X-Clon3-Indif-minusDox-D0-Foto4.tif,609,6.795,66.677,109.947,1.069
234,20X-Clon3-Indif-minusDox-D0-Foto4.tif,392,6.795,103.985,42.145,1.161
235,20X-Clon3-Indif-minusDox-D0-Foto4.tif,490,6.795,73.667,47.020,1.557
236,20X-Clon3-Indif-minusDox-D0-Foto4.tif,367,6.795,57.507,63.302,1.311
237,20X-Clon3-Indif-minusDox-D0-Foto4.tif,215,6.795,79.795,7.814,0.953
238,20X-Clon3-Indif-minusDox-D0-Foto4.tif,717,6.795,45.907,75.722,0.774
239,20X-Clon3-Indif-minusDox-D0-Foto4.tif,405,6.795,84.647,80.844,0.612
240,20X-Clon3-Indif-minusDox-D0-Foto4.tif,661,6.795,64.011,76.198,0.374
241,20X-Clon3-Indif-minusDox-D0-Foto4.tif,363,6.795,50.152,89.298,2.036
242,20X-Clon3-Indif-minusDox-D0-Foto4.tif,376,6.795,47.181,69.593,1.005
243,20X-Clon3-Indif-minusDox-D0-Foto4.tif,372,6.795,38.599,63.815,1.282
244,20X-Clon3-Indif-minusDox-D0-Foto4.tif,1380,6.795,63.347,49.191,1.337
245,20X-Clon3-Indif-minusDox-D0-Foto4.tif,764,6.795,52.215,84.160,1.560
246,20X-Clon3-Indif-minusDox-D0-Foto4.tif,657,6.795,69.487,78.766,0.738
247,20X-Clon3-Indif-minusDox-D0-Foto4.tif,1249,6.795,95.388,89.478,1.224
248,20X-Clon3-Indif-minusDox-D0-Foto4.tif,380,6.795,59.366,42.768,1.418
249,20X-Clon3-Indif-minusDox-D0-Foto4.tif,222,6.795,73.252,16.541,1.838
250,20X-Clon3-Indif-minusDox-D0-Foto4.tif,1146,6.795,69.888,83.420,1.197
251,20X-Clon3-Indif-minusDox-D0-Foto4.tif,264,6.795,94.102,34.102,2.205
252,20X-Clon3-Indif-minusDox-D0-Foto4.tif,449,6.795,36.370,65.058,1.630
253,20X-Clon3-Indif-minusDox-D0-Foto4.tif,267,6.795,64.936,101.715,0.824
254,20X-Clon3-Indif-minusDox-D0-Foto4.tif,209,6.795,70.206,92.962,0.837
255,20X-Clon3-Indif-minusDox-D0-Foto4.tif,453,6.795,50.581,53.254,1.539
256,20X-Clon3-Indif-minusDox-D0-Foto4.tif,394,6.795,59.876,94.749,0.911
257,20X-Clon3-Indif-minusDox-D0-Foto4.tif,472,6.795,43.004,98.828,1.333
258,20X-Clon3-Indif-minusDox-D0-Foto4.tif,700,6.795,110.134,88.563,0.709
259,20X-Clon3-Indif-minusDox-D0-Foto4.tif,251,6.795,93.873,27.673,2.247
260,20X-Clon3-Indif-minusDox-D0-Foto4.tif,354,6.795,47.339,91.980,0.698
261,20X-Clon3-Indif-minusDox-D0-Foto4.tif,560,6.795,69.059,61.546,1.091
262,20X-Clon3-Indif-minusDox-D0-Foto4.tif,351,6.795,60.513,58.991,0.538
263,20X-Clon3-Indif-minusDox-D0-Foto4.tif,276,6.795,59.004,50.091,0.909
264,20X-Clon3-Indif-minusDox-D0-Foto4.tif,683,6.795,60.630,33.486,0.881
265,20X-Clon3-Indif-minusDox-D0-Foto4.tif,555,6.795,66.310,66.133,1.207
266,20X-Clon3-Indif-minusDox-D0-Foto4.tif,376,6.795,74.574,38.484,0.918
267,20X-Clon3-Indif-minusDox-D0-Foto4.tif,689,6.795,60.332,59.599,0.756
268,20X-Clon3-Indif-minusDox-D0-Foto4.tif,87,6.795,109.529,12.770,0.770
269,20X-Clon3-Indif-minusDox-D0-Foto4.tif,740,6.795,63.968,81.669,1.424
270,20X-Clon3-Indif-minusDox-D0-Foto4.tif,343,6.795,84.837,44.781,1.055
271,20X-Clon3-Indif-minusDox-D0-Foto4.tif,427,6.795,46.735,61.845,0.319
272,20X-Clon3-Indif-minusDox-D0-Foto4.tif,595,6.795,69.597,46.136,1.198
273,20X-Clon3-Indif-minusDox-D0-Foto4.tif,613,6.795,46.163,92.478,1.214
274,20X-Clon3-Indif-minusDox-D0-Foto4.tif,740,6.795,61.838,111.526,0.953
275,20X-Clon3-Indif-minusDox-D0-Foto4.tif,619,6.795,48.347,63.519,1.305
276,20X-Clon3-Indif-minusDox-D0-Foto4.tif,424,6.795,52.281,59.276,1.241
277,20X-Clon3-Indif-minusDox-D0-Foto4.tif,142,6.795,149.852,56.676,0.648
278,20X-Clon3-Indif-minusDox-D0-Foto4.tif,142,6.795,102.577,11.789,1.930
279,20X-Clon3-Indif-minusDox-D0-Foto4.tif,440,6.795,57.102,86.705,1.561
280,20X-Clon3-Indif-minusDox-D0-Foto4.tif,414,6.795,60.239,44.944,1.058
281,20X-Clon3-Indif-minusDox-D0-Foto4.tif,634,6.795,56.134,82.465,1.347
282,20X-Clon3-Indif-minusDox-D0-Foto4.tif,509,6.795,68.483,70.509,0.837
283,20X-Clon3-Indif-minusDox-D0-Foto4.tif,526,6.795,74.287,45.781,1.255
284,20X-Clon3-Indif-minusDox-D0-Foto4.tif,612,6.795,40.078,32.536,1.206
285,20X-Clon3-Indif-minusDox-D0-Foto4.tif,169,6.795,78.544,74.456,0.420
286,20X-Clon3-Indif-minusDox-D0-Foto4.tif,546,6.795,49.837,125.458,1.086
287,20X-Clon3-Indif-minusDox-D0-Foto4.tif,760,6.795,62.179,105.850,0.791
288,20X-Clon3-Indif-minusDox-D0-Foto4.tif,75,6.795,50.160,19.787,2.413
289,20X-Clon3-Indif-minusDox-D0-Foto4.tif,557,6.795,53.955,68.928,0.801
290,20X-Clon3-Indif-minusDox-D0-Foto4.tif,489,6.795,74.309,68.742,0.900
291,20X-Clon3-Indif-minusDox-D0-Foto4.tif,293,6.795,190.700,95.157,0.662
292,20X-Clon3-Indif-minusDox-D0-Foto4.tif,1274,6.795,74.671,65.847,1.626
293,20X-Clon3-Indif-minusDox-D0-Foto4.tif,426,6.795,64.700,54.991,1.768
294,20X-Clon3-Indif-minusDox-D0-Foto4.tif,59,6.795,86.017,17.525,1.153
295,20X-Clon3-Indif-minusDox-D0-Foto4.tif,479,6.795,49.190,81.115,1.198
296,20X-Clon3-Indif-minusDox-D0-Foto4.tif,623,6.795,68.424,63.268,0.422
297,20X-Clon3-Indif-minusDox-D0-Foto4.tif,216,6.795,72.991,13.120,2.162
298,20X-Clon3-Indif-minusDox-D0-Foto4.tif,491,6.795,78.037,57.666,1.534
299,20X-Clon3-Indif-minusDox-D0-Foto4.tif,365,6.795,65.781,43.901,1.611
300,20X-Clon3-Indif-minusDox-D0-Foto4.tif,82,6.795,59.366,18.390,1.866
301,20X-Clon3-Indif-minusDox-D0-Foto4.tif,95,6.795,19.874,7.747,1.632
302,20X-Clon3-Indif-minusDox-D0-Foto4.tif,78,6.795,84.833,12.500,0.821
303,20X-Clon3-Indif-minusDox-D0-Foto4.tif,502,6.795,64.769,46.327,0.984
304,20X-Clon3-Indif-minusDox-D0-Foto4.tif,590,6.795,67.495,73.351,1.483
305,20X-Clon3-Indif-minusDox-D0-Foto4.tif,804,6.795,72.399,33.960,0.767
306,20X-Clon3-Indif-minusDox-D0-Foto4.tif,333,6.795,60.051,49.123,0.538
307,20X-Clon3-Indif-minusDox-D0-Foto4.tif,161,6.795,44.441,61.932,0.907
308,20X-Clon3-Indif-minusDox-D0-Foto4.tif,476,6.795,56.880,65.569,1.074
309,20X-Clon3-Indif-minusDox-D0-Foto4.tif,117,6.795,38.470,4.342,1.350
310,20X-Clon3-Indif-minusDox-D0-Foto4.tif,591,6.795,59.888,79.435,0.961
311,20X-Clon3-Indif-minusDox-D0-Foto4.tif,505,6.795,62.798,62.562,1.020
312,20X-Clon3-Indif-minusDox-D0-Foto4.tif,630,6.795,56.733,37.133,1.298
313,20X-Clon3-Indif-minusDox-D0-Foto4.tif,187,6.795,80.578,11.973,2.471
314,20X-Clon3-Indif-minusDox-D0-Foto4.tif,254,6.795,55.102,39.189,0.748
315,20X-Clon3-Indif-minusDox-D0-Foto4.tif,332,6.795,42.277,83.822,1.120
316,20X-Clon3-Indif-minusDox-D0-Foto4.tif,995,6.795,84.386,106.730,0.761
317,20X-Clon3-Indif-minusDox-D0-Foto4.tif,123,6.795,48.886,13.789,2.488
318,20X-Clon3-Indif-minusDox-D0-Foto4.tif,253,6.795,66.735,64.466,0.538
319,20X-Clon3-Indif-minusDox-D0-Foto4.tif,154,6.795,45.409,4.474,1.506
320,20X-Clon3-Indif-minusDox-D0-Foto4.tif,513,6.795,77.717,37.526,1.840
321,20X-Clon3-Indif-minusDox-D0-Foto4.tif,428,6.795,50.157,117.393,1.023
322,20X-Clon3-Indif-minusDox-D0-Foto4.tif,60,6.795,39.083,10.767,1.583
323,20X-Clon3-Indif-minusDox-D0-Foto4.tif,91,6.795,57.879,14.407,2.066
324,20X-Clon3-Indif-minusDox-D0-Foto4.tif,159,6.795,39.887,86.792,0.604
325,20X-Clon3-Indif-minusDox-D0-Foto4.tif,529,6.795,60.626,33.507,1.304
326,20X-Clon3-Indif-minusDox-D0-Foto4.tif,67,6.795,47.433,10.716,1.687
327,20X-Clon3-Indif-minusDox-D0-Foto4.tif,348,6.795,40.302,32.046,1.164
328,20X-Clon3-Indif-minusDox-D0-Foto4.tif,73,6.795,51.205,23.192,0.438
329,20X-Clon3-Indif-minusDox-D0-Foto4.tif,480,6.795,64.298,49.748,1.400
330,20X-Clon3-Indif-minusDox-D0-Foto4.tif,74,6.795,44.716,11.662,0.932
