ROI,ImageID,Area,mCherry_Mean_rolling_background,DAPI_Mean,Nanog_Mean,mCherry_Mean
1,20X-Clon3-Indif-plusDox-D2-Foto1.tif,899,7.508,28.760,5.256,16.996
2,20X-Clon3-Indif-plusDox-D2-Foto1.tif,757,7.508,25.650,6.248,10.999
3,20X-Clon3-Indif-plusDox-D2-Foto1.tif,519,7.508,32.023,24.921,14.680
4,20X-Clon3-Indif-plusDox-D2-Foto1.tif,946,7.508,34.224,72.774,5.770
5,20X-Clon3-Indif-plusDox-D2-Foto1.tif,673,7.508,31.413,19.721,13.260
6,20X-Clon3-Indif-plusDox-D2-Foto1.tif,656,7.508,33.329,18.498,12.466
7,20X-Clon3-Indif-plusDox-D2-Foto1.tif,819,7.508,22.978,25.002,3.339
8,20X-Clon3-Indif-plusDox-D2-Foto1.tif,481,7.508,32.613,14.214,7.881
9,20X-Clon3-Indif-plusDox-D2-Foto1.tif,827,7.508,32.888,5.484,11.403
10,20X-Clon3-Indif-plusDox-D2-Foto1.tif,760,7.508,42.550,5.693,31.188
11,20X-Clon3-Indif-plusDox-D2-Foto1.tif,883,7.508,17.906,5.029,25.373
12,20X-Clon3-Indif-plusDox-D2-Foto1.tif,701,7.508,26.262,22.649,4.710
13,20X-Clon3-Indif-plusDox-D2-Foto1.tif,440,7.508,43.018,60.893,4.264
14,20X-Clon3-Indif-plusDox-D2-Foto1.tif,913,7.508,30.467,5.417,15.008
15,20X-Clon3-Indif-plusDox-D2-Foto1.tif,567,7.508,44.120,28.614,16.808
16,20X-Clon3-Indif-plusDox-D2-Foto1.tif,559,7.508,34.483,47.658,3.318
17,20X-Clon3-Indif-plusDox-D2-Foto1.tif,629,7.508,28.766,24.879,6.316
18,20X-Clon3-Indif-plusDox-D2-Foto1.tif,605,7.508,24.284,18.661,6.046
19,20X-Clon3-Indif-plusDox-D2-Foto1.tif,609,7.508,34.498,6.463,17.901
20,20X-Clon3-Indif-plusDox-D2-Foto1.tif,494,7.508,49.834,16.636,30.000
21,20X-Clon3-Indif-plusDox-D2-Foto1.tif,322,7.508,45.022,6.394,40.130
22,20X-Clon3-Indif-plusDox-D2-Foto1.tif,1305,7.508,24.087,6.511,44.438
23,20X-Clon3-Indif-plusDox-D2-Foto1.tif,735,7.508,20.718,5.721,45.075
24,20X-Clon3-Indif-plusDox-D2-Foto1.tif,765,7.508,39.590,6.306,30.651
25,20X-Clon3-Indif-plusDox-D2-Foto1.tif,817,7.508,33.321,55.387,3.070
26,20X-Clon3-Indif-plusDox-D2-Foto1.tif,552,7.508,43.761,7.518,17.272
27,20X-Clon3-Indif-plusDox-D2-Foto1.tif,568,7.508,44.567,29.616,3.504
28,20X-Clon3-Indif-plusDox-D2-Foto1.tif,744,7.508,20.151,16.066,6.386
29,20X-Clon3-Indif-plusDox-D2-Foto1.tif,554,7.508,34.031,27.267,18.103
30,20X-Clon3-Indif-plusDox-D2-Foto1.tif,687,7.508,45.777,15.089,7.582
31,20X-Clon3-Indif-plusDox-D2-Foto1.tif,675,7.508,23.846,30.216,7.594
32,20X-Clon3-Indif-plusDox-D2-Foto1.tif,772,7.508,20.106,5.203,28.460
33,20X-Clon3-Indif-plusDox-D2-Foto1.tif,648,7.508,34.878,18.526,11.133
34,20X-Clon3-Indif-plusDox-D2-Foto1.tif,468,7.508,46.128,12.222,15.850
35,20X-Clon3-Indif-plusDox-D2-Foto1.tif,458,7.508,39.103,58.063,4.561
36,20X-Clon3-Indif-plusDox-D2-Foto1.tif,433,7.508,48.169,18.062,17.335
37,20X-Clon3-Indif-plusDox-D2-Foto1.tif,803,7.508,25.732,10.435,8.828
38,20X-Clon3-Indif-plusDox-D2-Foto1.tif,1003,7.508,29.669,5.646,15.930
39,20X-Clon3-Indif-plusDox-D2-Foto1.tif,556,7.508,43.070,77.212,1.295
40,20X-Clon3-Indif-plusDox-D2-Foto1.tif,909,7.508,32.277,66.617,3.613
41,20X-Clon3-Indif-plusDox-D2-Foto1.tif,450,7.508,37.169,6.407,52.904
42,20X-Clon3-Indif-plusDox-D2-Foto1.tif,431,7.508,33.571,10.921,10.733
43,20X-Clon3-Indif-plusDox-D2-Foto1.tif,454,7.508,31.137,8.170,23.711
44,20X-Clon3-Indif-plusDox-D2-Foto1.tif,726,7.508,35.652,50.738,4.576
45,20X-Clon3-Indif-plusDox-D2-Foto1.tif,606,7.508,49.223,62.716,10.177
46,20X-Clon3-Indif-plusDox-D2-Foto1.tif,936,7.508,27.108,5.626,48.895
47,20X-Clon3-Indif-plusDox-D2-Foto1.tif,435,7.508,36.538,14.492,8.586
48,20X-Clon3-Indif-plusDox-D2-Foto1.tif,721,7.508,24.087,10.614,5.204
49,20X-Clon3-Indif-plusDox-D2-Foto1.tif,1014,7.508,30.941,5.389,20.087
50,20X-Clon3-Indif-plusDox-D2-Foto1.tif,846,7.508,36.937,10.202,18.051
51,20X-Clon3-Indif-plusDox-D2-Foto1.tif,698,7.508,34.827,40.626,8.050
52,20X-Clon3-Indif-plusDox-D2-Foto1.tif,640,7.508,32.527,28.025,10.672
53,20X-Clon3-Indif-plusDox-D2-Foto1.tif,686,7.508,47.044,36.697,10.966
54,20X-Clon3-Indif-plusDox-D2-Foto1.tif,513,7.508,23.121,6.398,29.651
55,20X-Clon3-Indif-plusDox-D2-Foto1.tif,721,7.508,39.685,82.487,7.846
56,20X-Clon3-Indif-plusDox-D2-Foto1.tif,545,7.508,58.774,6.250,19.495
57,20X-Clon3-Indif-plusDox-D2-Foto1.tif,578,7.508,24.052,10.633,21.926
58,20X-Clon3-Indif-plusDox-D2-Foto1.tif,520,7.508,33.283,6.488,35.202
59,20X-Clon3-Indif-plusDox-D2-Foto1.tif,410,7.508,35.227,11.841,11.244
60,20X-Clon3-Indif-plusDox-D2-Foto1.tif,623,7.508,50.852,43.706,4.019
61,20X-Clon3-Indif-plusDox-D2-Foto1.tif,867,7.508,37.519,51.426,2.651
62,20X-Clon3-Indif-plusDox-D2-Foto1.tif,469,7.508,39.066,48.881,4.819
63,20X-Clon3-Indif-plusDox-D2-Foto1.tif,158,7.508,103.823,45.684,3.867
64,20X-Clon3-Indif-plusDox-D2-Foto1.tif,480,7.508,43.856,8.196,20.708
65,20X-Clon3-Indif-plusDox-D2-Foto1.tif,551,7.508,28.372,5.396,39.628
66,20X-Clon3-Indif-plusDox-D2-Foto1.tif,697,7.508,37.641,25.088,3.631
67,20X-Clon3-Indif-plusDox-D2-Foto1.tif,424,7.508,37.156,5.809,30.559
68,20X-Clon3-Indif-plusDox-D2-Foto1.tif,703,7.508,43.920,65.313,7.098
69,20X-Clon3-Indif-plusDox-D2-Foto1.tif,428,7.508,35.857,61.287,10.638
70,20X-Clon3-Indif-plusDox-D2-Foto1.tif,595,7.508,32.306,29.276,2.926
71,20X-Clon3-Indif-plusDox-D2-Foto1.tif,437,7.508,36.236,9.355,13.936
72,20X-Clon3-Indif-plusDox-D2-Foto1.tif,724,7.508,28.921,44.756,4.373
73,20X-Clon3-Indif-plusDox-D2-Foto1.tif,528,7.508,30.456,5.998,46.525
74,20X-Clon3-Indif-plusDox-D2-Foto1.tif,377,7.508,41.008,13.793,7.610
75,20X-Clon3-Indif-plusDox-D2-Foto1.tif,579,7.508,37.712,18.701,12.798
76,20X-Clon3-Indif-plusDox-D2-Foto1.tif,358,7.508,36.816,26.807,6.193
77,20X-Clon3-Indif-plusDox-D2-Foto1.tif,769,7.508,36.648,44.086,2.382
78,20X-Clon3-Indif-plusDox-D2-Foto1.tif,509,7.508,28.020,5.230,26.289
79,20X-Clon3-Indif-plusDox-D2-Foto1.tif,703,7.508,27.653,20.639,5.312
80,20X-Clon3-Indif-plusDox-D2-Foto1.tif,432,7.508,37.058,7.560,35.556
81,20X-Clon3-Indif-plusDox-D2-Foto1.tif,338,7.508,38.586,7.757,11.402
82,20X-Clon3-Indif-plusDox-D2-Foto1.tif,564,7.508,46.232,66.438,3.151
83,20X-Clon3-Indif-plusDox-D2-Foto1.tif,481,7.508,31.177,110.407,3.462
84,20X-Clon3-Indif-plusDox-D2-Foto1.tif,560,7.508,18.820,28.339,4.746
85,20X-Clon3-Indif-plusDox-D2-Foto1.tif,160,7.508,77.912,38.456,14.256
86,20X-Clon3-Indif-plusDox-D2-Foto1.tif,1133,7.508,30.392,5.645,78.753
87,20X-Clon3-Indif-plusDox-D2-Foto1.tif,702,7.508,24.584,5.194,37.540
88,20X-Clon3-Indif-plusDox-D2-Foto1.tif,331,7.508,46.498,68.779,7.154
89,20X-Clon3-Indif-plusDox-D2-Foto1.tif,552,7.508,53.127,51.627,7.978
90,20X-Clon3-Indif-plusDox-D2-Foto1.tif,680,7.508,32.866,6.556,35.987
91,20X-Clon3-Indif-plusDox-D2-Foto1.tif,363,7.508,41.898,11.039,8.033
92,20X-Clon3-Indif-plusDox-D2-Foto1.tif,736,7.508,44.035,5.632,16.037
93,20X-Clon3-Indif-plusDox-D2-Foto1.tif,584,7.508,33.425,43.140,1.906
94,20X-Clon3-Indif-plusDox-D2-Foto1.tif,254,7.508,46.146,34.146,9.724
95,20X-Clon3-Indif-plusDox-D2-Foto1.tif,507,7.508,31.057,6.353,34.813
96,20X-Clon3-Indif-plusDox-D2-Foto1.tif,577,7.508,49.643,31.345,5.224
97,20X-Clon3-Indif-plusDox-D2-Foto1.tif,715,7.508,36.540,45.201,3.645
98,20X-Clon3-Indif-plusDox-D2-Foto1.tif,152,7.508,83.316,39.191,16.230
99,20X-Clon3-Indif-plusDox-D2-Foto1.tif,515,7.508,39.872,57.283,2.161
100,20X-Clon3-Indif-plusDox-D2-Foto1.tif,729,7.508,30.123,6.716,13.416
101,20X-Clon3-Indif-plusDox-D2-Foto1.tif,606,7.508,25.525,5.574,34.987
102,20X-Clon3-Indif-plusDox-D2-Foto1.tif,513,7.508,30.489,19.982,13.294
103,20X-Clon3-Indif-plusDox-D2-Foto1.tif,716,7.508,28.318,48.405,3.922
104,20X-Clon3-Indif-plusDox-D2-Foto1.tif,890,7.508,32.527,5.652,15.466
105,20X-Clon3-Indif-plusDox-D2-Foto1.tif,658,7.508,22.862,6.305,32.891
106,20X-Clon3-Indif-plusDox-D2-Foto1.tif,537,7.508,54.721,61.890,1.447
107,20X-Clon3-Indif-plusDox-D2-Foto1.tif,533,7.508,45.253,7.867,17.218
108,20X-Clon3-Indif-plusDox-D2-Foto1.tif,795,7.508,38.270,14.431,6.048
109,20X-Clon3-Indif-plusDox-D2-Foto1.tif,840,7.508,32.910,5.525,14.927
110,20X-Clon3-Indif-plusDox-D2-Foto1.tif,649,7.508,18.211,5.223,14.895
111,20X-Clon3-Indif-plusDox-D2-Foto1.tif,473,7.508,63.131,24.962,24.691
112,20X-Clon3-Indif-plusDox-D2-Foto1.tif,482,7.508,38.873,21.149,11.828
113,20X-Clon3-Indif-plusDox-D2-Foto1.tif,850,7.508,34.654,15.486,16.766
114,20X-Clon3-Indif-plusDox-D2-Foto1.tif,302,7.508,29.010,6.543,31.460
115,20X-Clon3-Indif-plusDox-D2-Foto1.tif,480,7.508,39.556,59.471,2.212
116,20X-Clon3-Indif-plusDox-D2-Foto1.tif,670,7.508,43.430,5.964,28.740
117,20X-Clon3-Indif-plusDox-D2-Foto1.tif,682,7.508,20.523,5.544,52.949
118,20X-Clon3-Indif-plusDox-D2-Foto1.tif,360,7.508,55.281,10.567,28.306
119,20X-Clon3-Indif-plusDox-D2-Foto1.tif,924,7.508,25.241,46.592,2.948
120,20X-Clon3-Indif-plusDox-D2-Foto1.tif,358,7.508,40.380,6.768,27.081
121,20X-Clon3-Indif-plusDox-D2-Foto1.tif,856,7.508,31.702,5.995,15.822
122,20X-Clon3-Indif-plusDox-D2-Foto1.tif,669,7.508,32.323,19.170,7.744
123,20X-Clon3-Indif-plusDox-D2-Foto1.tif,606,7.508,45.713,43.545,7.985
124,20X-Clon3-Indif-plusDox-D2-Foto1.tif,659,7.508,25.343,5.411,60.608
125,20X-Clon3-Indif-plusDox-D2-Foto1.tif,504,7.508,33.938,21.079,8.129
126,20X-Clon3-Indif-plusDox-D2-Foto1.tif,727,7.508,40.681,30.916,11.862
127,20X-Clon3-Indif-plusDox-D2-Foto1.tif,657,7.508,22.478,5.865,56.883
128,20X-Clon3-Indif-plusDox-D2-Foto1.tif,146,7.508,86.842,42.548,11.918
129,20X-Clon3-Indif-plusDox-D2-Foto1.tif,368,7.508,34.533,29.859,5.777
130,20X-Clon3-Indif-plusDox-D2-Foto1.tif,475,7.508,33.531,12.472,14.505
131,20X-Clon3-Indif-plusDox-D2-Foto1.tif,175,7.508,74.126,46.171,15.771
132,20X-Clon3-Indif-plusDox-D2-Foto1.tif,454,7.508,53.075,43.189,14.498
133,20X-Clon3-Indif-plusDox-D2-Foto1.tif,407,7.508,32.152,7.155,21.432
134,20X-Clon3-Indif-plusDox-D2-Foto1.tif,608,7.508,40.158,37.393,7.771
135,20X-Clon3-Indif-plusDox-D2-Foto1.tif,131,7.508,83.458,13.168,6.542
136,20X-Clon3-Indif-plusDox-D2-Foto1.tif,562,7.508,19.637,31.381,4.265
137,20X-Clon3-Indif-plusDox-D2-Foto1.tif,73,7.508,57.808,8.726,18.699
138,20X-Clon3-Indif-plusDox-D2-Foto1.tif,247,7.508,48.142,34.538,10.494
139,20X-Clon3-Indif-plusDox-D2-Foto1.tif,420,7.508,38.526,36.583,12.088
140,20X-Clon3-Indif-plusDox-D2-Foto1.tif,566,7.508,21.090,5.313,16.737
141,20X-Clon3-Indif-plusDox-D2-Foto1.tif,417,7.508,38.175,54.978,11.168
142,20X-Clon3-Indif-plusDox-D2-Foto1.tif,445,7.508,33.074,6.151,99.382
143,20X-Clon3-Indif-plusDox-D2-Foto1.tif,408,7.508,30.529,35.319,7.679
144,20X-Clon3-Indif-plusDox-D2-Foto1.tif,492,7.508,30.770,5.744,19.705
145,20X-Clon3-Indif-plusDox-D2-Foto1.tif,515,7.508,48.183,55.771,1.703
146,20X-Clon3-Indif-plusDox-D2-Foto1.tif,414,7.508,32.585,12.983,15.244
147,20X-Clon3-Indif-plusDox-D2-Foto1.tif,602,7.508,27.372,6.329,54.914
148,20X-Clon3-Indif-plusDox-D2-Foto1.tif,302,7.508,23.556,6.517,24.964
149,20X-Clon3-Indif-plusDox-D2-Foto1.tif,362,7.508,42.199,57.229,6.602
150,20X-Clon3-Indif-plusDox-D2-Foto1.tif,366,7.508,36.866,7.497,23.413
151,20X-Clon3-Indif-plusDox-D2-Foto1.tif,463,7.508,52.145,35.251,5.806
152,20X-Clon3-Indif-plusDox-D2-Foto1.tif,280,7.508,52.421,74.593,6.175
153,20X-Clon3-Indif-plusDox-D2-Foto1.tif,435,7.508,34.338,5.947,22.492
154,20X-Clon3-Indif-plusDox-D2-Foto1.tif,349,7.508,73.616,45.160,8.384
155,20X-Clon3-Indif-plusDox-D2-Foto1.tif,594,7.508,32.342,21.567,11.835
156,20X-Clon3-Indif-plusDox-D2-Foto1.tif,320,7.508,37.566,6.884,90.816
157,20X-Clon3-Indif-plusDox-D2-Foto1.tif,353,7.508,39.422,43.892,4.309
158,20X-Clon3-Indif-plusDox-D2-Foto1.tif,490,7.508,33.502,5.886,45.886
159,20X-Clon3-Indif-plusDox-D2-Foto1.tif,618,7.508,43.016,6.021,86.351
160,20X-Clon3-Indif-plusDox-D2-Foto1.tif,614,7.508,26.814,6.976,36.264
161,20X-Clon3-Indif-plusDox-D2-Foto1.tif,309,7.508,46.683,11.534,18.100
162,20X-Clon3-Indif-plusDox-D2-Foto1.tif,384,7.508,34.589,7.174,11.529
163,20X-Clon3-Indif-plusDox-D2-Foto1.tif,901,7.508,20.741,5.847,53.007
164,20X-Clon3-Indif-plusDox-D2-Foto1.tif,505,7.508,33.069,63.107,3.661
165,20X-Clon3-Indif-plusDox-D2-Foto1.tif,192,7.508,48.896,57.833,12.109
166,20X-Clon3-Indif-plusDox-D2-Foto1.tif,648,7.508,25.404,5.685,85.736
167,20X-Clon3-Indif-plusDox-D2-Foto1.tif,565,7.508,27.055,18.014,6.717
168,20X-Clon3-Indif-plusDox-D2-Foto1.tif,693,7.508,40.626,35.251,10.437
169,20X-Clon3-Indif-plusDox-D2-Foto1.tif,426,7.508,39.991,33.547,5.864
170,20X-Clon3-Indif-plusDox-D2-Foto1.tif,621,7.508,39.063,79.341,6.121
171,20X-Clon3-Indif-plusDox-D2-Foto1.tif,527,7.508,33.755,23.539,8.353
172,20X-Clon3-Indif-plusDox-D2-Foto1.tif,304,7.508,47.418,62.102,10.615
173,20X-Clon3-Indif-plusDox-D2-Foto1.tif,527,7.508,30.865,19.476,14.983
174,20X-Clon3-Indif-plusDox-D2-Foto1.tif,896,7.508,34.191,5.567,10.193
175,20X-Clon3-Indif-plusDox-D2-Foto1.tif,444,7.508,29.982,8.820,67.646
176,20X-Clon3-Indif-plusDox-D2-Foto1.tif,797,7.508,28.345,49.008,3.611
177,20X-Clon3-Indif-plusDox-D2-Foto1.tif,592,7.508,31.022,5.633,17.147
178,20X-Clon3-Indif-plusDox-D2-Foto1.tif,613,7.508,39.237,34.031,10.116
179,20X-Clon3-Indif-plusDox-D2-Foto1.tif,685,7.508,36.584,59.336,1.828
180,20X-Clon3-Indif-plusDox-D2-Foto1.tif,425,7.508,27.541,44.499,2.819
181,20X-Clon3-Indif-plusDox-D2-Foto1.tif,244,7.508,27.135,12.393,12.537
182,20X-Clon3-Indif-plusDox-D2-Foto1.tif,335,7.508,39.296,17.776,18.051
183,20X-Clon3-Indif-plusDox-D2-Foto1.tif,241,7.508,121.527,10.701,57.004
184,20X-Clon3-Indif-plusDox-D2-Foto1.tif,642,7.508,50.555,49.321,7.693
185,20X-Clon3-Indif-plusDox-D2-Foto1.tif,160,7.508,91.588,12.262,1.194
186,20X-Clon3-Indif-plusDox-D2-Foto1.tif,612,7.508,33.760,14.258,22.546
187,20X-Clon3-Indif-plusDox-D2-Foto1.tif,287,7.508,23.554,7.348,62.341
188,20X-Clon3-Indif-plusDox-D2-Foto1.tif,647,7.508,43.567,65.144,1.969
189,20X-Clon3-Indif-plusDox-D2-Foto1.tif,336,7.508,43.259,56.768,13.006
190,20X-Clon3-Indif-plusDox-D2-Foto1.tif,706,7.508,21.953,5.221,35.677
191,20X-Clon3-Indif-plusDox-D2-Foto1.tif,781,7.508,22.501,39.266,2.215
192,20X-Clon3-Indif-plusDox-D2-Foto1.tif,648,7.508,33.224,32.219,11.090
193,20X-Clon3-Indif-plusDox-D2-Foto1.tif,415,7.508,19.508,6.113,36.039
194,20X-Clon3-Indif-plusDox-D2-Foto1.tif,233,7.508,24.648,6.026,39.545
195,20X-Clon3-Indif-plusDox-D2-Foto1.tif,75,7.508,20.720,6.333,1.493
196,20X-Clon3-Indif-plusDox-D2-Foto1.tif,38,7.508,11.105,6.211,44.816
